Snapshot_Date,Snapshot_Time,Category,Product_ID,Product_Name,Slug,URL,Gia_Niem_Yet,Gia_Khuyen_Mai,Gia_SNew,Gia_SMem,Gia_SVIP,Chiet_Khau_SMem,Chiet_Khau_SVIP,Stock_Code,Stock_Status,Is_In_Stock,Company_Stock_ID
2026-10-08,15:15:05,AirPods,16517,Tai nghe Bluetooth Apple AirPods 3 MagSafe | Chính hãng Apple Việt Nam,apple-airpods-3,https://cellphones.com.vn/apple-airpods-3.html,4790000.0,2990000.0,2975000,2960000,2930000,30000,60000,43,Code 43,False,43
2026-10-08,15:15:05,AirPods,52579, Tai nghe Bluetooth Apple AirPods 3 2022 sạc có dây | Chính hãng Apple Việt Nam,apple-airpods-3-2022,https://cellphones.com.vn/apple-airpods-3-2022.html,4490000.0,2590000.0,2577000,2564000,2538000,26000,52000,43,Code 43,False,43
2026-10-08,15:15:05,AirPods,90111,Tai nghe Bluetooth Apple AirPods 4 chống ồn chủ động | Chính hãng Apple Việt Nam,apple-airpods-4-chong-on-chu-dong,https://cellphones.com.vn/apple-airpods-4-chong-on-chu-dong.html,4990000.0,4390000.0,4368000,4346000,4302000,44000,88000,46,Có hàng sẵn tại quầy (In-Stock Physical),True,46
2026-10-08,15:15:05,AirPods,112582,Tai nghe Bluetooth Apple AirPods Pro 3 2025 Type-C | Chính hãng (MFHP4ZP/A),apple-airpods-pro-3,https://cellphones.com.vn/apple-airpods-pro-3.html,6790000.0,6490000.0,6458000,6425000,6360000,65000,130000,46,Có hàng sẵn tại quầy (In-Stock Physical),True,46
2026-10-08,15:15:05,AirPods,42499,Tai nghe Bluetooth Apple AirPods 4 | Chính hãng Apple Việt Nam,apple-airpods-4,https://cellphones.com.vn/apple-airpods-4.html,3790000.0,3390000.0,3373000,3356000,3322000,34000,68000,46,Có hàng sẵn tại quầy (In-Stock Physical),True,46
2026-10-08,15:15:05,AirPods,16517,Tai nghe Bluetooth Apple AirPods 3 MagSafe | Chính hãng Apple Việt Nam,apple-airpods-3,https://cellphones.com.vn/apple-airpods-3.html,4790000.0,2990000.0,2975000,2960000,2930000,30000,60000,43,Code 43,False,43
2026-10-08,15:15:05,AirPods,52579, Tai nghe Bluetooth Apple AirPods 3 2022 sạc có dây | Chính hãng Apple Việt Nam,apple-airpods-3-2022,https://cellphones.com.vn/apple-airpods-3-2022.html,4490000.0,2590000.0,2577000,2564000,2538000,26000,52000,43,Code 43,False,43
2026-10-08,15:15:05,AirPods,90111,Tai nghe Bluetooth Apple AirPods 4 chống ồn chủ động | Chính hãng Apple Việt Nam,apple-airpods-4-chong-on-chu-dong,https://cellphones.com.vn/apple-airpods-4-chong-on-chu-dong.html,4990000.0,4390000.0,4368000,4346000,4302000,44000,88000,46,Có hàng sẵn tại quầy (In-Stock Physical),True,46
2026-10-08,15:15:05,AirPods,19334,Tai nghe Bluetooth Apple AirPods 2 | Chính hãng Apple Việt Nam,apple-airpods-2,https://cellphones.com.vn/apple-airpods-2.html,3990000.0,2290000.0,2279000,2267000,2244000,23000,46000,43,Code 43,False,43
2026-10-08,15:15:05,AirPods,42499,Tai nghe Bluetooth Apple AirPods 4 | Chính hãng Apple Việt Nam,apple-airpods-4,https://cellphones.com.vn/apple-airpods-4.html,3790000.0,3390000.0,3373000,3356000,3322000,34000,68000,46,Có hàng sẵn tại quầy (In-Stock Physical),True,46
2026-10-08,15:15:05,AirPods,43143,Tai nghe Bluetooth Apple AirPods Pro 2022 | Chính hãng Apple Việt Nam,apple-airpods-pro-2022,https://cellphones.com.vn/apple-airpods-pro-2022.html,6190000.0,5090000.0,5065000,5039000,4988000,51000,102000,56,Code 56,False,43
2026-10-08,15:15:05,AirPods,112582,Tai nghe Bluetooth Apple AirPods Pro 3 2025 Type-C | Chính hãng (MFHP4ZP/A),apple-airpods-pro-3,https://cellphones.com.vn/apple-airpods-pro-3.html,6790000.0,6490000.0,6458000,6425000,6360000,65000,130000,46,Có hàng sẵn tại quầy (In-Stock Physical),True,46
2026-10-08,15:15:05,AirPods,63959,Tai nghe Bluetooth Apple AirPods Pro 2 2023 USB-C | Chính hãng Apple Việt Nam,apple-airpods-pro-2-usb-c,https://cellphones.com.vn/apple-airpods-pro-2-usb-c.html,6190000.0,4990000.0,4965000,4940000,4890000,50000,100000,56,Code 56,False,56
2026-10-08,15:15:05,AirPods,112582,Tai nghe Bluetooth Apple AirPods Pro 3 2025 Type-C | Chính hãng (MFHP4ZP/A),apple-airpods-pro-3,https://cellphones.com.vn/apple-airpods-pro-3.html,6790000.0,6490000.0,6458000,6425000,6360000,65000,130000,46,Có hàng sẵn tại quầy (In-Stock Physical),True,46
2026-10-08,15:15:05,AirPods,63959,Tai nghe Bluetooth Apple AirPods Pro 2 2023 USB-C | Chính hãng Apple Việt Nam,apple-airpods-pro-2-usb-c,https://cellphones.com.vn/apple-airpods-pro-2-usb-c.html,6190000.0,4990000.0,4965000,4940000,4890000,50000,100000,56,Code 56,False,56
2026-10-08,15:15:05,AirPods,42499,Tai nghe Bluetooth Apple AirPods 4 | Chính hãng Apple Việt Nam,apple-airpods-4,https://cellphones.com.vn/apple-airpods-4.html,3790000.0,3390000.0,3373000,3356000,3322000,34000,68000,46,Có hàng sẵn tại quầy (In-Stock Physical),True,46
