Scan_Date,Scan_Time,Category,Product_ID,Product_Name,Slug,Gia_Khuyen_Mai,Gia_SVIP,Catalog_Stock_Code,Nationwide_Provinces,Nationwide_Coverage_Pct,Local_Store_Count,Local_Total_Stores,Local_Store_Coverage_Pct,Coverage_Tier,Sample_Stores,URL
2026-10-08,15:49:47,iPhone,36242,iPhone 13 128GB | Chính hãng VN/A,iphone-13,15490000.0,15335000,46,27,42.9,35,70,50.0,🟢 Dồi dào (>= 50%),"134 Nguyễn Thái Học, P. Phạm Ngũ Lão, Q.1, TP HCM; 139 Trần Não, P. Bình An, Q.2, TP. HCM",https://cellphones.com.vn/iphone-13.html
2026-10-08,15:49:47,iPhone,31495,iPhone 14 128GB  | Chính hãng VN/A,iphone-14,17490000.0,17315000,46,20,31.7,11,70,15.7,🟠 Hạn chế (1 - 19%),"139 Trần Não, P. Bình An, Q.2, TP. HCM; 18 Võ Văn Ngân, P. Trường Thọ, Q. Thủ Đức, TP. HCM",https://cellphones.com.vn/iphone-14.html
2026-10-08,15:49:47,iPhone,43152,iPhone 15 128GB | Chính hãng VN/A,iphone-15,19990000.0,19790000,46,28,44.4,50,70,71.4,🟢 Dồi dào (>= 50%),"218-220 Trần Quang Khải, P. Tân Định, Q.1, TP. HCM; Kho tổng Hồ Chí Minh",https://cellphones.com.vn/iphone-15.html
2026-10-08,15:49:47,iPhone,68866,iPhone 15 256GB | Chính hãng VN/A,iphone-15-256gb,24990000.0,24740000,46,28,44.4,45,70,64.3,🟢 Dồi dào (>= 50%),"248 Nguyễn Thị Thập, P. Tân Quy, Q.7, TP. HCM; C3/1A Phạm Hùng, X. Bình Hưng, H. Bình Chánh, TP. HCM",https://cellphones.com.vn/iphone-15-256gb.html
2026-10-08,15:49:47,iPhone,59254,iPhone 16 128GB | Chính hãng VN/A,iphone-16,22990000.0,22760000,46,18,28.6,23,70,32.9,🟡 Trung bình (20 - 49%),"134 Nguyễn Thái Học, P. Phạm Ngũ Lão, Q.1, TP HCM; 785 Trần Hưng Đạo, P.1, Q.5, TP. HCM",https://cellphones.com.vn/iphone-16.html
2026-10-08,15:49:47,iPhone,59255,iPhone 16 Plus 128GB | Chính hãng VN/A,iphone-16-plus,24790000.0,24542000,46,25,39.7,16,70,22.9,🟡 Trung bình (20 - 49%),"1075B Hậu Giang, P. 11, Q. 6, TP. HCM; 241-243, Đỗ Xuân Hợp, P. Phước Long B, Q.9, TP. HCM",https://cellphones.com.vn/iphone-16-plus.html
2026-10-08,15:49:47,iPhone,90114,iPhone 16 Plus 256GB | Chính hãng VN/A,iphone-16-plus-256gb,27890000.0,27611000,46,17,27.0,24,70,34.3,🟡 Trung bình (20 - 49%),"218-220 Trần Quang Khải, P. Tân Định, Q.1, TP. HCM; 241-243, Đỗ Xuân Hợp, P. Phước Long B, Q.9, TP. HCM",https://cellphones.com.vn/iphone-16-plus-256gb.html
2026-10-08,15:49:47,iPhone,59258,Điện thoại iPhone 16 Pro Max 256GB,iphone-16-pro-max,30990000.0,30680000,46,0,0.0,0,70,0.0,🔴 Cháy hàng / Ảo (0 store),,https://cellphones.com.vn/iphone-16-pro-max.html
2026-10-08,15:49:47,iPhone,100812,iPhone 16e 128GB | Chính hãng VN/A,iphone-16e,0.0,14147000,46,28,44.4,50,70,71.4,🟢 Dồi dào (>= 50%),"157-159 Nguyễn Thị Minh Khai, P. Phạm Ngũ Lão, Q. 1, TP. HCM; 134 Nguyễn Thái Học, P. Phạm Ngũ Lão, Q.1, TP HCM",https://cellphones.com.vn/iphone-16e.html
2026-10-08,15:49:47,iPhone,112583,iPhone 17 512GB | Chính hãng,iphone-17-512gb,32990000.0,32660000,46,27,42.9,48,70,68.6,🟢 Dồi dào (>= 50%),"134 Nguyễn Thái Học, P. Phạm Ngũ Lão, Q.1, TP HCM; 218-220 Trần Quang Khải, P. Tân Định, Q.1, TP. HCM",https://cellphones.com.vn/iphone-17-512gb.html
2026-10-08,15:49:47,iPhone,112580,iPhone 17 256GB | Chính hãng,iphone-17-256gb,26490000.0,26225000,46,28,44.4,50,70,71.4,🟢 Dồi dào (>= 50%),"157-159 Nguyễn Thị Minh Khai, P. Phạm Ngũ Lão, Q. 1, TP. HCM; 134 Nguyễn Thái Học, P. Phạm Ngũ Lão, Q.1, TP HCM",https://cellphones.com.vn/iphone-17-256gb.html
2026-10-08,15:49:47,iPhone,112589,iPhone 17 Pro 512GB | Chính hãng,iphone-17-pro-512gb,38490000.0,38105000,46,19,30.2,41,70,58.6,🟢 Dồi dào (>= 50%),"457B Lê Đại Hành, P.11, Q.11, TP. HCM; 17 Phan Văn Hớn, P. Tân Thới Nhất, Q.12, TP. HCM",https://cellphones.com.vn/iphone-17-pro-512gb.html
2026-10-08,15:49:47,iPhone,112590,iPhone 17 Pro 1TB | Chính hãng,iphone-17-pro-1tb,44690000.0,44243000,46,12,19.0,49,70,70.0,🟢 Dồi dào (>= 50%),"55B Trần Quang Khải, P. Tân Định, Q. 1, TP. HCM; 157-159 Nguyễn Thị Minh Khai, P. Phạm Ngũ Lão, Q. 1, TP. HCM",https://cellphones.com.vn/iphone-17-pro-1tb.html
2026-10-08,15:49:47,iPhone,112586,iPhone 17 Pro 256GB | Chính hãng,iphone-17-pro,31990000.0,31670000,46,28,44.4,49,70,70.0,🟢 Dồi dào (>= 50%),"190 Nguyễn Thị Định, khu phố 2, P. An Phú, Q.2, TP. HCM; 1075B Hậu Giang, P. 11, Q. 6, TP. HCM",https://cellphones.com.vn/iphone-17-pro.html
2026-10-08,15:49:47,iPhone,112594,iPhone 17 Pro Max 2TB | Chính hãng,iphone-17-pro-max-2tb,60290000.0,59687000,46,10,15.9,27,70,38.6,🟡 Trung bình (20 - 49%),"218-220 Trần Quang Khải, P. Tân Định, Q.1, TP. HCM; 177 Khánh Hội, P. 3, Q. 4, TP. HCM",https://cellphones.com.vn/iphone-17-pro-max-2tb.html
2026-10-08,15:49:47,iPhone,112592,iPhone 17 Pro Max 512GB | Chính hãng,iphone-17-pro-max-512gb,41390000.0,40976000,46,28,44.4,49,70,70.0,🟢 Dồi dào (>= 50%),"218-220 Trần Quang Khải, P. Tân Định, Q.1, TP. HCM; 134 Nguyễn Thái Học, P. Phạm Ngũ Lão, Q.1, TP HCM",https://cellphones.com.vn/iphone-17-pro-max-512gb.html
2026-10-08,15:49:47,iPhone,112593,iPhone 17 Pro Max 1TB | Chính hãng,iphone-17-pro-max-1tb,47490000.0,47015000,46,28,44.4,49,70,70.0,🟢 Dồi dào (>= 50%),"218-220 Trần Quang Khải, P. Tân Định, Q.1, TP. HCM; 134 Nguyễn Thái Học, P. Phạm Ngũ Lão, Q.1, TP HCM",https://cellphones.com.vn/iphone-17-pro-max-1tb.html
2026-10-08,15:49:47,iPhone,112588,iPhone 17 Pro Max 256GB | Chính hãng,iphone-17-pro-max,34990000.0,34640000,46,28,44.4,49,70,70.0,🟢 Dồi dào (>= 50%),"55B Trần Quang Khải, P. Tân Định, Q. 1, TP. HCM; 134 Nguyễn Thái Học, P. Phạm Ngũ Lão, Q.1, TP HCM",https://cellphones.com.vn/iphone-17-pro-max.html
2026-10-08,15:49:47,iPhone,112584,iPhone Air 256GB | Chính hãng,iphone-air-256gb,23190000.0,22958000,46,28,44.4,42,70,60.0,🟢 Dồi dào (>= 50%),"157-159 Nguyễn Thị Minh Khai, P. Phạm Ngũ Lão, Q. 1, TP. HCM; 458 - 460 Hậu Giang, P.12, Q.6, TP. HCM",https://cellphones.com.vn/iphone-air-256gb.html
2026-10-08,15:49:47,iPad,101626,iPad A16 Wifi 256GB 2025 | Chính hãng Apple Việt Nam,ipad-a16-11-inch-256gb,14890000.0,14741000,46,22,34.9,10,70,14.3,🟠 Hạn chế (1 - 19%),"139 Trần Não, P. Bình An, Q.2, TP. HCM; 458 - 460 Hậu Giang, P.12, Q.6, TP. HCM",https://cellphones.com.vn/ipad-a16-11-inch-256gb.html
2026-10-08,15:49:47,iPad,101624,iPad A16 5G 128GB 2025 | Chính hãng Apple Việt Nam,ipad-a16-11-inch-5g,16290000.0,16127000,46,4,6.3,2,70,2.9,🟠 Hạn chế (1 - 19%),"134 Nguyễn Thái Học, P. Phạm Ngũ Lão, Q.1, TP HCM; 457B Lê Đại Hành, P.11, Q.11, TP. HCM",https://cellphones.com.vn/ipad-a16-11-inch-5g.html
2026-10-08,15:49:47,iPad,101628,iPad A16 5G 256GB 2025 | Chính hãng Apple Việt Nam,ipad-a16-11-inch-256gb-5g,19290000.0,19097000,46,2,3.2,1,70,1.4,🟠 Hạn chế (1 - 19%),"177 Khánh Hội, P. 3, Q. 4, TP. HCM",https://cellphones.com.vn/ipad-a16-11-inch-256gb-5g.html
2026-10-08,15:49:47,iPad,101619,iPad A16 Wifi 128GB 2025 | Chính hãng Apple Việt Nam,ipad-a16-11-inch,12290000.0,12167000,46,28,44.4,50,70,71.4,🟢 Dồi dào (>= 50%),"157-159 Nguyễn Thị Minh Khai, P. Phạm Ngũ Lão, Q. 1, TP. HCM; 134 Nguyễn Thái Học, P. Phạm Ngũ Lão, Q.1, TP HCM",https://cellphones.com.vn/ipad-a16-11-inch.html
2026-10-08,15:49:47,iPad,101616,iPad Air 11 inch M3 5G 128GB 2025 | Chính hãng Apple Việt Nam,ipad-air-m3-11-inch-5g,19990000.0,19790000,46,3,4.8,4,70,5.7,🟠 Hạn chế (1 - 19%),"139 Trần Não, P. Bình An, Q.2, TP. HCM; 17 Phan Văn Hớn, P. Tân Thới Nhất, Q.12, TP. HCM",https://cellphones.com.vn/ipad-air-m3-11-inch-5g.html
2026-10-08,15:49:47,iPad,101622,iPad Air 13 inch M3 5G 128GB 2025 | Chính hãng Apple Việt Nam,ipad-air-m3-13-inch-5g,24990000.0,24740000,46,1,1.6,2,70,2.9,🟠 Hạn chế (1 - 19%),"785 Trần Hưng Đạo, P.1, Q.5, TP. HCM; 472 - 474 Lê Trọng Tấn, P. Tây Thạnh, Q. Tân Phú, TP. HCM",https://cellphones.com.vn/ipad-air-m3-13-inch-5g.html
2026-10-08,15:49:47,iPad,92987,iPad mini 7 2024 5G 128GB | Chính hãng Apple Việt Nam,ipad-mini-7-5g,20490000.0,20285000,46,7,11.1,4,70,5.7,🟠 Hạn chế (1 - 19%),"567 Lê Quang Định, P.1, Q. Gò Vấp, TP. HCM; 139 Trần Não, P. Bình An, Q.2, TP. HCM",https://cellphones.com.vn/ipad-mini-7-5g.html
2026-10-08,15:49:47,iPad,45060,iPad mini 7 2024 Wifi 128GB | Chính hãng Apple Việt Nam,ipad-mini-7,16190000.0,16028000,46,28,44.4,48,70,68.6,🟢 Dồi dào (>= 50%),"55B Trần Quang Khải, P. Tân Định, Q. 1, TP. HCM; 190 Nguyễn Thị Định, khu phố 2, P. An Phú, Q.2, TP. HCM",https://cellphones.com.vn/ipad-mini-7.html
2026-10-08,15:49:47,iPad,92982,iPad mini 7 2024 Wifi 256GB | Chính hãng Apple Việt Nam,ipad-mini-7-256gb,19090000.0,18899000,46,6,9.5,19,70,27.1,🟡 Trung bình (20 - 49%),"134 Nguyễn Thái Học, P. Phạm Ngũ Lão, Q.1, TP HCM; 55B Trần Quang Khải, P. Tân Định, Q. 1, TP. HCM",https://cellphones.com.vn/ipad-mini-7-256gb.html
2026-10-08,15:49:47,iPad,115972,iPad Pro chip M5 11 inch 5G 256GB | Chính hãng Apple Việt Nam,ipad-pro-11-inch-m5-5g-256gb,39490000.0,39095000,46,9,14.3,17,70,24.3,🟡 Trung bình (20 - 49%),"218-220 Trần Quang Khải, P. Tân Định, Q.1, TP. HCM; 55B Trần Quang Khải, P. Tân Định, Q. 1, TP. HCM",https://cellphones.com.vn/ipad-pro-11-inch-m5-5g-256gb.html
2026-10-08,15:49:47,iPad,81821,iPad Pro M4 11 inch Wifi 2TB | Chính hãng Apple Việt Nam,ipad-pro-m4-11-inch-2tb,46490000.0,46025000,46,3,4.8,20,70,28.6,🟡 Trung bình (20 - 49%),"134 Nguyễn Thái Học, P. Phạm Ngũ Lão, Q.1, TP HCM; 55B Trần Quang Khải, P. Tân Định, Q. 1, TP. HCM",https://cellphones.com.vn/ipad-pro-m4-11-inch-2tb.html
2026-10-08,15:49:47,iPad,84390,iPad Pro M4 11 inch Wifi 2TB Nano | Chính hãng Apple Việt Nam,ipad-pro-m4-11-inch-2tb-nano,47490000.0,47015000,46,4,6.3,10,70,14.3,🟠 Hạn chế (1 - 19%),"55B Trần Quang Khải, P. Tân Định, Q. 1, TP. HCM; Số 296 đường 3 tháng 2, Phường Hòa Hưng, Thành phố Hồ Chí Minh, Việt Nam",https://cellphones.com.vn/ipad-pro-m4-11-inch-2tb-nano.html
2026-10-08,15:49:47,iPad,84397,iPad Pro M4 11 inch 5G 2TB Nano | Chính hãng Apple Việt Nam,ipad-pro-m4-11-inch-2tb-5g-nano,47990000.0,47510000,46,2,3.2,7,70,10.0,🟠 Hạn chế (1 - 19%),"139 Trần Não, P. Bình An, Q.2, TP. HCM; Số 296 đường 3 tháng 2, Phường Hòa Hưng, Thành phố Hồ Chí Minh, Việt Nam",https://cellphones.com.vn/ipad-pro-m4-11-inch-2tb-5g-nano.html
2026-10-08,15:49:47,iPad,81825,iPad Pro M4 11 inch 5G 2TB I Chính hãng Apple Việt Nam,ipad-pro-m4-11-inch-2tb-5g,46990000.0,46520000,46,1,1.6,4,70,5.7,🟠 Hạn chế (1 - 19%),"943 Kha Vạn Cân, P. Linh Trung, Thủ Đức, TP. HCM; 472 - 474 Lê Trọng Tấn, P. Tây Thạnh, Q. Tân Phú, TP. HCM",https://cellphones.com.vn/ipad-pro-m4-11-inch-2tb-5g.html
2026-10-08,15:49:47,iPad,81836,iPad Pro M4 13 inch Wifi 2TB,ipad-pro-m4-13-inch-2tb,44690000.0,44243000,46,1,1.6,1,70,1.4,🟠 Hạn chế (1 - 19%),"55B Trần Quang Khải, P. Tân Định, Q. 1, TP. HCM",https://cellphones.com.vn/ipad-pro-m4-13-inch-2tb.html
2026-10-08,15:49:47,iPad,84402,iPad Pro M4 13 inch Wifi 2TB Nano I Chính hãng Apple Việt Nam,ipad-pro-m4-13-inch-2tb-nano,47490000.0,47015000,46,1,1.6,8,70,11.4,🟠 Hạn chế (1 - 19%),"579 Dương Bá Trạc, P.1, Q.8, TP. HCM; 190B Hoàng Văn Thụ, P4, Q. Tân Bình, TP. HCM",https://cellphones.com.vn/ipad-pro-m4-13-inch-2tb-nano.html
2026-10-08,15:49:47,iPad,84398,iPad Pro M4 13 inch 5G 2TB Nano I Chính hãng Apple Việt Nam,ipad-pro-m4-13-inch-2tb-5g-nano,53990000.0,53450000,46,1,1.6,6,70,8.6,🟠 Hạn chế (1 - 19%),"134 Nguyễn Thái Học, P. Phạm Ngũ Lão, Q.1, TP HCM; 55B Trần Quang Khải, P. Tân Định, Q. 1, TP. HCM",https://cellphones.com.vn/ipad-pro-m4-13-inch-2tb-5g-nano.html
2026-10-08,15:49:47,iPad,81841,iPad Pro M4 13 inch 5G 2TB I Chính hãng Apple Việt Nam,ipad-pro-m4-13-inch-2tb-5g,51490000.0,50975000,46,2,3.2,7,70,10.0,🟠 Hạn chế (1 - 19%),"Số 296 đường 3 tháng 2, Phường Hòa Hưng, Thành phố Hồ Chí Minh, Việt Nam; 457B Lê Đại Hành, P.11, Q.11, TP. HCM",https://cellphones.com.vn/ipad-pro-m4-13-inch-2tb-5g.html
2026-10-08,15:49:47,iPad,115981,iPad Pro chip M5 11 inch Wifi 2TB | Chính hãng Apple Việt Nam,ipad-pro-m5-11-inch-2tb,63990000.0,63350000,46,2,3.2,5,70,7.1,🟠 Hạn chế (1 - 19%),"Số 296 đường 3 tháng 2, Phường Hòa Hưng, Thành phố Hồ Chí Minh, Việt Nam; 272 Nguyễn Oanh, P.17, Q. Gò Vấp, TP. HCM",https://cellphones.com.vn/ipad-pro-m5-11-inch-2tb.html
2026-10-08,15:49:47,iPad,115975,iPad Pro chip M5 11 inch Wifi 1TB | Chính hãng Apple Việt Nam,ipad-pro-m5-11-inch-1tb,49990000.0,49490000,46,2,3.2,2,70,2.9,🟠 Hạn chế (1 - 19%),"139 Trần Não, P. Bình An, Q.2, TP. HCM; 359 Cộng Hòa, P.13, Q. Tân Bình, TP. HCM",https://cellphones.com.vn/ipad-pro-m5-11-inch-1tb.html
2026-10-08,15:49:47,iPad,117148,iPad Pro chip M5 11 inch Wifi 2TB Nano | Chính hãng Apple Việt Nam,ipad-pro-chip-m5-11-inch-wifi-2tb-nano,65990000.0,65330000,46,1,1.6,1,70,1.4,🟠 Hạn chế (1 - 19%),"55B Trần Quang Khải, P. Tân Định, Q. 1, TP. HCM",https://cellphones.com.vn/ipad-pro-chip-m5-11-inch-wifi-2tb-nano.html
2026-10-08,15:49:47,iPad,115971,iPad Pro chip M5 11 inch Wifi 512GB | Chính hãng Apple Việt Nam,ipad-pro-m5-11-inch-512gb,39790000.0,39392000,46,6,9.5,3,70,4.3,🟠 Hạn chế (1 - 19%),"1075B Hậu Giang, P. 11, Q. 6, TP. HCM; Số 296 đường 3 tháng 2, Phường Hòa Hưng, Thành phố Hồ Chí Minh, Việt Nam",https://cellphones.com.vn/ipad-pro-m5-11-inch-512gb.html
2026-10-08,15:49:47,iPad,115959,iPad Pro chip M5 11 inch Wifi 256GB | Chính hãng Apple Việt Nam,ipad-pro-m5-11-inch-256gb,34290000.0,33947000,46,23,36.5,30,70,42.9,🟡 Trung bình (20 - 49%),"1075B Hậu Giang, P. 11, Q. 6, TP. HCM; 248 Nguyễn Thị Thập, P. Tân Quy, Q.7, TP. HCM",https://cellphones.com.vn/ipad-pro-m5-11-inch-256gb.html
2026-10-08,15:49:47,iPad,115980,iPad Pro chip M5 13 inch Wifi 512GB | Chính hãng Apple Việt Nam,ipad-pro-m5-13-inch-512gb,49590000.0,49094000,46,3,4.8,5,70,7.1,🟠 Hạn chế (1 - 19%),"139 Trần Não, P. Bình An, Q.2, TP. HCM; 579 Dương Bá Trạc, P.1, Q.8, TP. HCM",https://cellphones.com.vn/ipad-pro-m5-13-inch-512gb.html
2026-10-08,15:49:47,iPad,115963,iPad Pro chip M5 13 inch Wifi 256GB | Chính hãng Apple Việt Nam,ipad-pro-m5-13-inch-256gb,43590000.0,43154000,46,7,11.1,20,70,28.6,🟡 Trung bình (20 - 49%),"190 Nguyễn Thị Định, khu phố 2, P. An Phú, Q.2, TP. HCM; 785 Trần Hưng Đạo, P.1, Q.5, TP. HCM",https://cellphones.com.vn/ipad-pro-m5-13-inch-256gb.html
2026-10-08,15:49:47,iPad,115997,iPad Pro chip M5 13 inch 5G 512GB | Chính hãng Apple Việt Nam,ipad-pro-m5-13-inch-5g-512gb,55490000.0,54935000,46,2,3.2,2,70,2.9,🟠 Hạn chế (1 - 19%),"55B Trần Quang Khải, P. Tân Định, Q. 1, TP. HCM; Số 296 đường 3 tháng 2, Phường Hòa Hưng, Thành phố Hồ Chí Minh, Việt Nam",https://cellphones.com.vn/ipad-pro-m5-13-inch-5g-512gb.html
2026-10-08,15:49:47,iPad,116010,iPad Pro chip M5 13 inch 5G 2TB | Chính hãng Apple Việt Nam,ipad-pro-m5-13-inch-5g-2tb,77990000.0,77210000,46,1,1.6,9,70,12.9,🟠 Hạn chế (1 - 19%),"55B Trần Quang Khải, P. Tân Định, Q. 1, TP. HCM; 157-159 Nguyễn Thị Minh Khai, P. Phạm Ngũ Lão, Q. 1, TP. HCM",https://cellphones.com.vn/ipad-pro-m5-13-inch-5g-2tb.html
2026-10-08,15:49:47,iPad,115994,iPad Pro chip M5 13 inch 5G 256GB | Chính hãng Apple Việt Nam,ipad-pro-m5-13-inch-5g-256gb,48990000.0,48500000,46,3,4.8,15,70,21.4,🟡 Trung bình (20 - 49%),"55B Trần Quang Khải, P. Tân Định, Q. 1, TP. HCM; 134 Nguyễn Thái Học, P. Phạm Ngũ Lão, Q.1, TP HCM",https://cellphones.com.vn/ipad-pro-m5-13-inch-5g-256gb.html
2026-10-08,15:49:47,Mac,98618,Mac mini M4 2024 10CPU 10GPU 24GB 1TB | Chính hãng Apple Việt Nam,apple-mac-mini-m4-10cpu-10gpu-24gb-1tb-2024,40990000.0,40580000,46,24,38.1,45,70,64.3,🟢 Dồi dào (>= 50%),"218-220 Trần Quang Khải, P. Tân Định, Q.1, TP. HCM; 157-159 Nguyễn Thị Minh Khai, P. Phạm Ngũ Lão, Q. 1, TP. HCM",https://cellphones.com.vn/apple-mac-mini-m4-10cpu-10gpu-24gb-1tb-2024.html
2026-10-08,15:49:47,Mac,93960,Mac mini M4 2024 10CPU 10GPU 16GB 512GB | Chính hãng Apple Việt Nam,mac-mini-m4-2024-16gb-512gb,26490000.0,26225000,46,26,41.3,43,70,61.4,🟢 Dồi dào (>= 50%),"218-220 Trần Quang Khải, P. Tân Định, Q.1, TP. HCM; 55B Trần Quang Khải, P. Tân Định, Q. 1, TP. HCM",https://cellphones.com.vn/mac-mini-m4-2024-16gb-512gb.html
2026-10-08,15:49:47,Mac,93958,Mac mini M4 2024 10CPU 10GPU 16GB 256GB | Chính hãng Apple Việt Nam,mac-mini-m4-2024-16gb-256gb,0.0,21770000,46,9,14.3,6,70,8.6,🟠 Hạn chế (1 - 19%),"241-243, Đỗ Xuân Hợp, P. Phước Long B, Q.9, TP. HCM; 632A Kha Vạn Cân, P. Linh Đông, TP. Thủ Đức, TP. HCM",https://cellphones.com.vn/mac-mini-m4-2024-16gb-256gb.html
2026-10-08,15:49:47,Mac,118707,Mac mini M4 2024 10CPU 10GPU 16GB 1TB | Chính hãng Apple Việt Nam,mac-mini-m4-10cpu-10gpu-16gb-1tb-2024,34990000.0,34640000,46,2,3.2,6,70,8.6,🟠 Hạn chế (1 - 19%),"Kho tổng Hồ Chí Minh; 55B Trần Quang Khải, P. Tân Định, Q. 1, TP. HCM",https://cellphones.com.vn/mac-mini-m4-10cpu-10gpu-16gb-1tb-2024.html
2026-10-08,15:49:47,Mac,101352,Mac mini M4 2024 10CPU 10GPU 24GB 256GB | Chính hãng Apple Việt Nam,apple-macmini-m4-10cpu-10gpu-24gb-256gb-2024-z1cf,27990000.0,27710000,46,9,14.3,7,70,10.0,🟠 Hạn chế (1 - 19%),"157-159 Nguyễn Thị Minh Khai, P. Phạm Ngũ Lão, Q. 1, TP. HCM; 139 Trần Não, P. Bình An, Q.2, TP. HCM",https://cellphones.com.vn/apple-macmini-m4-10cpu-10gpu-24gb-256gb-2024-z1cf.html
2026-10-08,15:49:47,Mac,93961,Mac mini M4 2024 10CPU 10GPU 24GB 512GB | Chính hãng Apple Việt Nam,mac-mini-m4-2024-24gb-512gb,32990000.0,32660000,46,19,30.2,21,70,30.0,🟡 Trung bình (20 - 49%),"458 - 460 Hậu Giang, P.12, Q.6, TP. HCM; 571 Huỳnh Tấn Phát, P. Tân Thuận Đông, Q.7, TP. HCM",https://cellphones.com.vn/mac-mini-m4-2024-24gb-512gb.html
2026-10-08,15:49:47,Mac,131808,Apple Mac Studio M4 Max 16CPU 40GPU 48GB 512GB | Chính hãng Apple Việt Nam,mac-studio-m4-max-16cpu-40gpu-48gb-512gb,98490000.0,97505000,46,1,1.6,5,70,7.1,🟠 Hạn chế (1 - 19%),"134 Nguyễn Thái Học, P. Phạm Ngũ Lão, Q.1, TP HCM; 55B Trần Quang Khải, P. Tân Định, Q. 1, TP. HCM",https://cellphones.com.vn/mac-studio-m4-max-16cpu-40gpu-48gb-512gb.html
2026-10-08,15:49:47,Mac,131819,Apple Mac Studio M4 Max 16CPU 40GPU 48GB 1TB | Chính hãng Apple Việt Nam,mac-studio-m4-max-16cpu-40gpu-48gb-1tb,107990000.0,106910000,46,1,1.6,2,70,2.9,🟠 Hạn chế (1 - 19%),"139 Trần Não, P. Bình An, Q.2, TP. HCM; 472 - 474 Lê Trọng Tấn, P. Tây Thạnh, Q. Tân Phú, TP. HCM",https://cellphones.com.vn/mac-studio-m4-max-16cpu-40gpu-48gb-1tb.html
2026-10-08,15:49:47,Mac,93852,iMac M4 2024 24 inch 8CPU 8GPU 16GB 512GB | Chính hãng Apple Việt Nam,imac-m4-2024-24-inch-16gb-512gb,45490000.0,45035000,46,1,1.6,1,70,1.4,🟠 Hạn chế (1 - 19%),"Số 296 đường 3 tháng 2, Phường Hòa Hưng, Thành phố Hồ Chí Minh, Việt Nam",https://cellphones.com.vn/imac-m4-2024-24-inch-16gb-512gb.html
2026-10-08,15:49:47,Mac,93850,iMac M4 2024 24 inch 8CPU 8GPU 16GB 256GB | Chính hãng Apple Việt Nam,imac-m4-2024-24-inch-16gb-256gb,39590000.0,39194000,46,4,6.3,11,70,15.7,🟠 Hạn chế (1 - 19%),"55B Trần Quang Khải, P. Tân Định, Q. 1, TP. HCM; 536 Xô Viết Nghệ Tĩnh, P. 25, Q. Bình Thạnh, TP. HCM",https://cellphones.com.vn/imac-m4-2024-24-inch-16gb-256gb.html
2026-10-08,15:49:47,Mac,93853,iMac M4 2024 24 inch 10CPU 10GPU 16GB 256GB | Chính hãng Apple Việt Nam,imac-m4-2024-24-inch-10cpu-10gpu-16gb-256gb,43990000.0,43550000,46,3,4.8,14,70,20.0,🟡 Trung bình (20 - 49%),"Kho tổng Hồ Chí Minh; 55B Trần Quang Khải, P. Tân Định, Q. 1, TP. HCM",https://cellphones.com.vn/imac-m4-2024-24-inch-10cpu-10gpu-16gb-256gb.html
2026-10-08,15:49:47,Mac,97066,MacBook Pro 14 M4 Pro 14CPU 20GPU 24GB 1TB Nano | Chính hãng Apple Việt Nam,macbook-pro-m4-pro-14-inch-14cpu-20gpu-24gb-1tb-nano,66990000.0,66320000,46,2,3.2,3,70,4.3,🟠 Hạn chế (1 - 19%),"139 Trần Não, P. Bình An, Q.2, TP. HCM; Số 296 đường 3 tháng 2, Phường Hòa Hưng, Thành phố Hồ Chí Minh, Việt Nam",https://cellphones.com.vn/macbook-pro-m4-pro-14-inch-14cpu-20gpu-24gb-1tb-nano.html
2026-10-08,15:49:47,Mac,97063,MacBook Pro 14 M4 Pro 14CPU 20GPU 24GB 512GB Nano | Chính hãng Apple Việt Nam,macbook-pro-m4-pro-14-inch-14cpu-20gpu-24gb-512gb-nano,65990000.0,65330000,46,1,1.6,10,70,14.3,🟠 Hạn chế (1 - 19%),"248 Nguyễn Thị Thập, P. Tân Quy, Q.7, TP. HCM; Số 296 đường 3 tháng 2, Phường Hòa Hưng, Thành phố Hồ Chí Minh, Việt Nam",https://cellphones.com.vn/macbook-pro-m4-pro-14-inch-14cpu-20gpu-24gb-512gb-nano.html
2026-10-08,15:49:47,Mac,135921,MacBook Pro 14 M5 10CPU 10GPU 16GB 1TB Sạc 96W | Chính hãng Apple Việt Nam,macbook-pro-14-inch-m5-10-cpu-10-gpu-16gb-1tb-2026-sac-96w,52990000.0,52460000,46,12,19.0,34,70,48.6,🟡 Trung bình (20 - 49%),"218-220 Trần Quang Khải, P. Tân Định, Q.1, TP. HCM; 134 Nguyễn Thái Học, P. Phạm Ngũ Lão, Q.1, TP HCM",https://cellphones.com.vn/macbook-pro-14-inch-m5-10-cpu-10-gpu-16gb-1tb-2026-sac-96w.html
2026-10-08,15:49:47,Mac,115962,MacBook Pro 14 M5 10CPU 10GPU 16GB 1TB | Chính hãng Apple Việt Nam,macbook-pro-14-inch-m5-16gb-1tb,52990000.0,52460000,46,13,20.6,7,70,10.0,🟠 Hạn chế (1 - 19%),"Số 296 đường 3 tháng 2, Phường Hòa Hưng, Thành phố Hồ Chí Minh, Việt Nam; 93/8C Nguyễn Ảnh Thủ, P. Trung Mỹ Tây, Q.12, TP. HCM",https://cellphones.com.vn/macbook-pro-14-inch-m5-16gb-1tb.html
2026-10-08,15:49:47,Mac,115966,MacBook Pro 14 M5 10CPU 10GPU 24GB 1TB | Chính hãng Apple Việt Nam,macbook-pro-14-inch-m5-24gb-1tb,57990000.0,57410000,46,22,34.9,33,70,47.1,🟡 Trung bình (20 - 49%),"458 - 460 Hậu Giang, P.12, Q.6, TP. HCM; 1075B Hậu Giang, P. 11, Q. 6, TP. HCM",https://cellphones.com.vn/macbook-pro-14-inch-m5-24gb-1tb.html
2026-10-08,15:49:47,Mac,128635,MacBook Pro 14 M5 10CPU 10GPU 32GB 1TB Nano Sạc 70W | Chính hãng Apple Việt Nam,macbook-pro-14-inch-m5-10-cpu-10-gpu-32gb-1tb-2026-nano-sac-70w,68990000.0,68300000,46,7,11.1,23,70,32.9,🟡 Trung bình (20 - 49%),"435 Nguyễn Thị Thập, P. Tân Phong, Q.7, TP. HCM; 347 Nguyễn Tri Phương, Phường 5, Quận 10, TP. HCM",https://cellphones.com.vn/macbook-pro-14-inch-m5-10-cpu-10-gpu-32gb-1tb-2026-nano-sac-70w.html
2026-10-08,15:49:47,Mac,94099,MacBook Pro 16 M4 Max 16CPU 40GPU 48GB 1TB | Chính hãng Apple Việt Nam,macbook-pro-16-inch-m4-max-48gb-1tb,98990000.0,98000000,46,3,4.8,2,70,2.9,🟠 Hạn chế (1 - 19%),"Số 296 đường 3 tháng 2, Phường Hòa Hưng, Thành phố Hồ Chí Minh, Việt Nam; 18 Võ Văn Ngân, P. Trường Thọ, Q. Thủ Đức, TP. HCM",https://cellphones.com.vn/macbook-pro-16-inch-m4-max-48gb-1tb.html
2026-10-08,15:49:47,Mac,107522,MacBook Pro 16 M4 Pro 14CPU 20GPU 24GB 1TB Sạc 140W | Chính hãng Apple Việt Nam,macbook-pro-16-m4-pro-14-cpu-20-gpu-24gb-1tb-2024-sac-140w,73990000.0,73250000,46,3,4.8,5,70,7.1,🟠 Hạn chế (1 - 19%),"139 Trần Não, P. Bình An, Q.2, TP. HCM; Số 296 đường 3 tháng 2, Phường Hòa Hưng, Thành phố Hồ Chí Minh, Việt Nam",https://cellphones.com.vn/macbook-pro-16-m4-pro-14-cpu-20-gpu-24gb-1tb-2024-sac-140w.html
2026-10-08,15:49:47,Apple Watch,112739,Apple Watch SE 3 44mm (5G) Viền Nhôm Dây Cao Su Size S/M | Chính hãng Apple Việt Nam,apple-watch-se-3-44mm-5g,9290000.0,9197000,46,2,3.2,15,70,21.4,🟡 Trung bình (20 - 49%),"55B Trần Quang Khải, P. Tân Định, Q. 1, TP. HCM; 571 Huỳnh Tấn Phát, P. Tân Thuận Đông, Q.7, TP. HCM",https://cellphones.com.vn/apple-watch-se-3-44mm-5g.html
2026-10-08,15:49:47,Apple Watch,112721,Apple Watch SE 3 40mm (GPS) Viền Nhôm Dây Cao Su Size S/M | Chính hãng Apple Việt Nam,apple-watch-se-3-40mm,6790000.0,6722000,46,27,42.9,44,70,62.9,🟢 Dồi dào (>= 50%),"Kho tổng Hồ Chí Minh; 139 Trần Não, P. Bình An, Q.2, TP. HCM",https://cellphones.com.vn/apple-watch-se-3-40mm.html
2026-10-08,15:49:47,Apple Watch,112733,Apple Watch SE 3 40mm (5G) Viền Nhôm Dây Cao Su Size S/M | Chính hãng Apple Việt Nam,apple-watch-se-3-40mm-5g,8390000.0,8306000,46,2,3.2,5,70,7.1,🟠 Hạn chế (1 - 19%),"139 Trần Não, P. Bình An, Q.2, TP. HCM; 58 Tỉnh Lộ 8, Ấp 1, Xã Tân Thạnh Tây, Huyện Củ Chi, TP. HCM",https://cellphones.com.vn/apple-watch-se-3-40mm-5g.html
2026-10-08,15:49:47,Apple Watch,112723,Apple Watch SE 3 40mm (GPS) Viền Nhôm Dây Cao Su Size M/L | Chính hãng Apple Việt Nam,apple-watch-se-3-40mm-size-m-l,6790000.0,6722000,46,23,36.5,31,70,44.3,🟡 Trung bình (20 - 49%),"1A Nguyễn Ảnh Thủ, khu phố 1, P. Hiệp Thành, Q.12, TP. HCM; 632A Kha Vạn Cân, P. Linh Đông, TP. Thủ Đức, TP. HCM",https://cellphones.com.vn/apple-watch-se-3-40mm-size-m-l.html
2026-10-08,15:49:47,Apple Watch,112742,Apple Watch SE 3 44mm (5G) Viền Nhôm Dây Cao Su Size M/L | Chính hãng Apple Việt Nam,apple-watch-se-3-44mm-5g-size-m-l,9290000.0,9197000,46,3,4.8,6,70,8.6,🟠 Hạn chế (1 - 19%),"139 Trần Não, P. Bình An, Q.2, TP. HCM; 347 Nguyễn Tri Phương, Phường 5, Quận 10, TP. HCM",https://cellphones.com.vn/apple-watch-se-3-44mm-5g-size-m-l.html
2026-10-08,15:49:47,Apple Watch,112730,Apple Watch SE 3 44mm (GPS) Viền Nhôm Dây Cao Su Size M/L | Chính hãng Apple Việt Nam,apple-watch-se-3-44mm-size-m-l,7690000.0,7613000,46,22,34.9,31,70,44.3,🟡 Trung bình (20 - 49%),"435 Nguyễn Thị Thập, P. Tân Phong, Q.7, TP. HCM; 93/8C Nguyễn Ảnh Thủ, P. Trung Mỹ Tây, Q.12, TP. HCM",https://cellphones.com.vn/apple-watch-se-3-44mm-size-m-l.html
2026-10-08,15:49:47,Apple Watch,112736,Apple Watch SE 3 40mm (5G) Viền Nhôm Dây Cao Su Size M/L | Chính hãng Apple Việt Nam,apple-watch-se-3-40mm-5g-size-m-l,8390000.0,8306000,46,4,6.3,13,70,18.6,🟠 Hạn chế (1 - 19%),"218-220 Trần Quang Khải, P. Tân Định, Q.1, TP. HCM; 55B Trần Quang Khải, P. Tân Định, Q. 1, TP. HCM",https://cellphones.com.vn/apple-watch-se-3-40mm-5g-size-m-l.html
2026-10-08,15:49:47,Apple Watch,112727,Apple Watch SE 3 44mm (GPS) Viền Nhôm Dây Cao Su Size S/M | Chính hãng Apple Việt Nam,apple-watch-se-3-44mm,7690000.0,7613000,46,16,25.4,19,70,27.1,🟡 Trung bình (20 - 49%),"134 Nguyễn Thái Học, P. Phạm Ngũ Lão, Q.1, TP HCM; 190 Nguyễn Thị Định, khu phố 2, P. An Phú, Q.2, TP. HCM",https://cellphones.com.vn/apple-watch-se-3-44mm.html
2026-10-08,15:49:47,Apple Watch,90295,Apple Watch Series 10 46mm 4G Viền Titan Dây Thép Size S/M | Chính hãng Apple Việt Nam,apple-watch-series-10-46mm-4g-vien-titan-day-thep,16990000.0,16820000,46,3,4.8,6,70,8.6,🟠 Hạn chế (1 - 19%),"4/39 Quang Trung, Thới Tam Thôn, H. Hóc Môn, TP. HCM; 1075B Hậu Giang, P. 11, Q. 6, TP. HCM",https://cellphones.com.vn/apple-watch-series-10-46mm-4g-vien-titan-day-thep.html
2026-10-08,15:49:47,Apple Watch,90106,Apple Watch Series 10 46mm 4G Viền Titan Dây Cao Su Size S/M | Chính hãng Apple Việt Nam,apple-watch-series-10-46mm-4g-vien-titan-day-cao-su,16490000.0,16325000,46,3,4.8,10,70,14.3,🟠 Hạn chế (1 - 19%),"55B Trần Quang Khải, P. Tân Định, Q. 1, TP. HCM; 134 Nguyễn Thái Học, P. Phạm Ngũ Lão, Q.1, TP HCM",https://cellphones.com.vn/apple-watch-series-10-46mm-4g-vien-titan-day-cao-su.html
2026-10-08,15:49:47,Apple Watch,90281,Apple Watch Series 10 46mm 4G Viền Titan Dây Cao Su Size M/L | Chính hãng Apple Việt Nam,apple-watch-series-10-46mm-4g-vien-titan-day-cao-su-size-m-l,16490000.0,16325000,46,1,1.6,8,70,11.4,🟠 Hạn chế (1 - 19%),"55B Trần Quang Khải, P. Tân Định, Q. 1, TP. HCM; 248 Nguyễn Thị Thập, P. Tân Quy, Q.7, TP. HCM",https://cellphones.com.vn/apple-watch-series-10-46mm-4g-vien-titan-day-cao-su-size-m-l.html
2026-10-08,15:49:47,Apple Watch,90301,Apple Watch Series 10 46mm 4G Viền Titan Dây Thép Size M/L | Chính hãng Apple Việt Nam,apple-watch-series-10-46mm-4g-vien-titan-day-thep-size-m-l,16990000.0,16820000,46,2,3.2,2,70,2.9,🟠 Hạn chế (1 - 19%),"55B Trần Quang Khải, P. Tân Định, Q. 1, TP. HCM; 114 Phan Đăng Lưu, P. 3, Q. Phú Nhuận, TP. HCM",https://cellphones.com.vn/apple-watch-series-10-46mm-4g-vien-titan-day-thep-size-m-l.html
2026-10-08,15:49:47,Apple Watch,107783,Apple Watch Series 10 42mm (GPS) Viền Nhôm - Dây Vải | Chính hãng Apple Việt Nam,apple-watch-series-10-42mm-vien-nhom-day-vai,7990000.0,7910000,46,0,0.0,0,70,0.0,🔴 Cháy hàng / Ảo (0 store),,https://cellphones.com.vn/apple-watch-series-10-42mm-vien-nhom-day-vai.html
2026-10-08,15:49:47,Apple Watch,112694,Apple Watch Series 11 46mm (5G) Viền Titan Dây Cao Su Size M/L | Chính hãng Apple Việt Nam,apple-watch-series-11-46mm-5g-vien-titan-day-cao-su-size-m-l,21490000.0,21275000,46,3,4.8,14,70,20.0,🟡 Trung bình (20 - 49%),"134 Nguyễn Thái Học, P. Phạm Ngũ Lão, Q.1, TP HCM; 218-220 Trần Quang Khải, P. Tân Định, Q.1, TP. HCM",https://cellphones.com.vn/apple-watch-series-11-46mm-5g-vien-titan-day-cao-su-size-m-l.html
2026-10-08,15:49:47,Apple Watch,112657,Apple Watch Series 11 42mm (5G) Viền Nhôm Dây Cao Su Size S/M | Chính hãng Apple Việt Nam,apple-watch-series-11-42mm-5g,13990000.0,13850000,46,1,1.6,1,70,1.4,🟠 Hạn chế (1 - 19%),"785 Trần Hưng Đạo, P.1, Q.5, TP. HCM",https://cellphones.com.vn/apple-watch-series-11-42mm-5g.html
2026-10-08,15:49:47,Apple Watch,112669,Apple Watch Series 11 42mm (5G) Viền Titan Dây Cao Su Size M/L | Chính hãng Apple Việt Nam,apple-watch-series-11-42mm-5g-vien-titan-day-cao-su-m-l,19990000.0,19790000,46,2,3.2,11,70,15.7,🟠 Hạn chế (1 - 19%),"55B Trần Quang Khải, P. Tân Định, Q. 1, TP. HCM; Số 296 đường 3 tháng 2, Phường Hòa Hưng, Thành phố Hồ Chí Minh, Việt Nam",https://cellphones.com.vn/apple-watch-series-11-42mm-5g-vien-titan-day-cao-su-m-l.html
2026-10-08,15:49:47,Apple Watch,112677,Apple Watch Series 11 42mm (5G) Viền Titan Dây Thép Size S/M | Chính hãng Apple Việt Nam,apple-watch-series-11-42mm-5g-vien-titan-day-thep-s-m,20990000.0,20780000,46,1,1.6,2,70,2.9,🟠 Hạn chế (1 - 19%),"134 Nguyễn Thái Học, P. Phạm Ngũ Lão, Q.1, TP HCM; 18 Võ Văn Ngân, P. Trường Thọ, Q. Thủ Đức, TP. HCM",https://cellphones.com.vn/apple-watch-series-11-42mm-5g-vien-titan-day-thep-s-m.html
2026-10-08,15:49:47,Apple Watch,112631,Apple Watch Series 11 46mm (GPS) Viền Nhôm Dây Cao Su Size S/M | Chính hãng Apple Việt Nam,apple-watch-series-11-46mm,11790000.0,11672000,46,14,22.2,10,70,14.3,🟠 Hạn chế (1 - 19%),"193 Tỉnh Lộ 8, Khu phố 3, Thị trấn Củ Chi, H. Củ Chi, TP. HCM; 888 Tỉnh Lộ 10, P. Bình Trị Đông A, Q. Bình Tân, TP. HCM",https://cellphones.com.vn/apple-watch-series-11-46mm.html
2026-10-08,15:49:47,Apple Watch,112581,Apple Watch Series 11 42mm (GPS) Viền Nhôm Dây Cao Su Size S/M | Chính hãng Apple Việt Nam,apple-watch-series-11-42mm,10990000.0,10880000,46,21,33.3,22,70,31.4,🟡 Trung bình (20 - 49%),"139 Trần Não, P. Bình An, Q.2, TP. HCM; 1716/1 Huỳnh Tấn Phát, thị trấn Nhà Bè, Huyện Nhà Bè, TP. HCM",https://cellphones.com.vn/apple-watch-series-11-42mm.html
2026-10-08,15:49:47,Apple Watch,112618,Apple Watch Series 11 42mm (GPS) Viền Nhôm Dây Cao Su Size M/L | Chính hãng Apple Việt Nam,apple-watch-series-11-42mm-size-m-l,10990000.0,10880000,46,8,12.7,4,70,5.7,🟠 Hạn chế (1 - 19%),"248 Nguyễn Thị Thập, P. Tân Quy, Q.7, TP. HCM; 579 Dương Bá Trạc, P.1, Q.8, TP. HCM",https://cellphones.com.vn/apple-watch-series-11-42mm-size-m-l.html
2026-10-08,15:49:47,Apple Watch,112691,Apple Watch Series 11 46mm (5G) Viền Titan Dây Cao Su Size S/M | Chính hãng Apple Việt Nam,apple-watch-series-11-46mm-5g-vien-titan-day-cao-su-size-s-m,21990000.0,21770000,46,2,3.2,1,70,1.4,🟠 Hạn chế (1 - 19%),"571 Huỳnh Tấn Phát, P. Tân Thuận Đông, Q.7, TP. HCM",https://cellphones.com.vn/apple-watch-series-11-46mm-5g-vien-titan-day-cao-su-size-s-m.html
2026-10-08,15:49:47,Apple Watch,112697,Apple Watch Series 11 46mm (5G) Viền Titan Dây Thép Size S/M | Chính hãng Apple Việt Nam,apple-watch-series-11-46mm-5g-vien-titan-day-thep-size-s-m,22490000.0,22265000,46,1,1.6,3,70,4.3,🟠 Hạn chế (1 - 19%),"139 Trần Não, P. Bình An, Q.2, TP. HCM; 1075B Hậu Giang, P. 11, Q. 6, TP. HCM",https://cellphones.com.vn/apple-watch-series-11-46mm-5g-vien-titan-day-thep-size-s-m.html
2026-10-08,15:49:47,Apple Watch,112700,Apple Watch Series 11 46mm (5G) Viền Titan Dây Thép Size M/L | Chính hãng Apple Việt Nam,apple-watch-series-11-46mm-5g-vien-titan-day-thep-size-m-l,22490000.0,22265000,46,3,4.8,10,70,14.3,🟠 Hạn chế (1 - 19%),"Số 296 đường 3 tháng 2, Phường Hòa Hưng, Thành phố Hồ Chí Minh, Việt Nam; 134 Nguyễn Thái Học, P. Phạm Ngũ Lão, Q.1, TP HCM",https://cellphones.com.vn/apple-watch-series-11-46mm-5g-vien-titan-day-thep-size-m-l.html
2026-10-08,15:49:47,Apple Watch,112672,Apple Watch Series 11 42mm (5G) Viền Titan Dây Cao Su Size S/M | Chính hãng Apple Việt Nam,apple-watch-series-11-42mm-5g-vien-titan-day-cao-su-s-m,19590000.0,19394000,46,7,11.1,25,70,35.7,🟡 Trung bình (20 - 49%),"134 Nguyễn Thái Học, P. Phạm Ngũ Lão, Q.1, TP HCM; 55B Trần Quang Khải, P. Tân Định, Q. 1, TP. HCM",https://cellphones.com.vn/apple-watch-series-11-42mm-5g-vien-titan-day-cao-su-s-m.html
2026-10-08,15:49:47,Apple Watch,112652,Apple Watch Series 11 46mm (GPS) Viền Nhôm Dây Cao Su Size M/L | Chính hãng Apple Việt Nam,apple-watch-series-11-46mm-size-m-l,11790000.0,11672000,46,13,20.6,4,70,5.7,🟠 Hạn chế (1 - 19%),"571 Huỳnh Tấn Phát, P. Tân Thuận Đông, Q.7, TP. HCM; 248 Nguyễn Thị Thập, P. Tân Quy, Q.7, TP. HCM",https://cellphones.com.vn/apple-watch-series-11-46mm-size-m-l.html
2026-10-08,15:49:47,Apple Watch,90365,Apple Watch Ultra 2 2024 49mm 4G Viền Titan Dây Trail Size S/M | Chính hãng VN/A,apple-watch-ultra-2-2024-49mm-4g-vien-titan-day-trail,16990000.0,16820000,46,1,1.6,2,70,2.9,🟠 Hạn chế (1 - 19%),"458 - 460 Hậu Giang, P.12, Q.6, TP. HCM; Số 296 đường 3 tháng 2, Phường Hòa Hưng, Thành phố Hồ Chí Minh, Việt Nam",https://cellphones.com.vn/apple-watch-ultra-2-2024-49mm-4g-vien-titan-day-trail.html
2026-10-08,15:49:47,Apple Watch,90368,Apple Watch Ultra 2 2024 49mm 4G Viền Titan Dây Trail Size M/L | Chính hãng VN/A,apple-watch-ultra-2-2024-49mm-4g-vien-titan-day-trail-size-m-l,16990000.0,16820000,46,1,1.6,4,70,5.7,🟠 Hạn chế (1 - 19%),"17 Phan Văn Hớn, P. Tân Thới Nhất, Q.12, TP. HCM; 18 Võ Văn Ngân, P. Trường Thọ, Q. Thủ Đức, TP. HCM",https://cellphones.com.vn/apple-watch-ultra-2-2024-49mm-4g-vien-titan-day-trail-size-m-l.html
2026-10-08,15:49:47,Apple Watch,90346,Apple Watch Ultra 2 2024 49mm 4G Viền Titan Đen Dây Trail Size S/M | Chính hãng VN/A,apple-watch-ultra-2-2024-49mm-4g-vien-titan-den-day-trail,16990000.0,16820000,46,1,1.6,3,70,4.3,🟠 Hạn chế (1 - 19%),"190 Nguyễn Thị Định, khu phố 2, P. An Phú, Q.2, TP. HCM; 4/39 Quang Trung, Thới Tam Thôn, H. Hóc Môn, TP. HCM",https://cellphones.com.vn/apple-watch-ultra-2-2024-49mm-4g-vien-titan-den-day-trail.html
2026-10-08,15:49:47,Apple Watch,90339,Apple Watch Ultra 2 2024 49mm 4G Viền Titan Đen Dây Alpine Size S | Chính hãng VN/A,apple-watch-ultra-2-2024-49mm-4g-vien-titan-den-day-alpine-size-s,16990000.0,16820000,46,2,3.2,3,70,4.3,🟠 Hạn chế (1 - 19%),"Số 296 đường 3 tháng 2, Phường Hòa Hưng, Thành phố Hồ Chí Minh, Việt Nam; C3/1A Phạm Hùng, X. Bình Hưng, H. Bình Chánh, TP. HCM",https://cellphones.com.vn/apple-watch-ultra-2-2024-49mm-4g-vien-titan-den-day-alpine-size-s.html
2026-10-08,15:49:47,Apple Watch,90330,Apple Watch Ultra 2 2024 49mm 4G Viền Titan Đen Dây Cao Su | Chính hãng VN/A,apple-watch-ultra-2-2024-49mm-4g-vien-titan-den-day-cao-su,17990000.0,17810000,46,1,1.6,1,70,1.4,🟠 Hạn chế (1 - 19%),"190B Hoàng Văn Thụ, P4, Q. Tân Bình, TP. HCM",https://cellphones.com.vn/apple-watch-ultra-2-2024-49mm-4g-vien-titan-den-day-cao-su.html
2026-10-08,15:49:47,Apple Watch,90352,Apple Watch Ultra 2 2024 49mm 4G Viền Titan Đen Dây Titan Size S | Chính hãng VN/A,apple-watch-ultra-2-2024-49mm-4g-vien-titan-den-day-titan-size-s,18990000.0,18800000,46,1,1.6,4,70,5.7,🟠 Hạn chế (1 - 19%),"139 Trần Não, P. Bình An, Q.2, TP. HCM; 347 Nguyễn Tri Phương, Phường 5, Quận 10, TP. HCM",https://cellphones.com.vn/apple-watch-ultra-2-2024-49mm-4g-vien-titan-den-day-titan-size-s.html
2026-10-08,15:49:47,Apple Watch,90344,Apple Watch Ultra 2 2024 49mm 4G Viền Titan Đen Dây Alpine Size L | Chính hãng VN/A,apple-watch-ultra-2-2024-49mm-4g-vien-titan-den-day-alpine-size-l,16990000.0,16820000,46,2,3.2,11,70,15.7,🟠 Hạn chế (1 - 19%),"785 Trần Hưng Đạo, P.1, Q.5, TP. HCM; 435 Nguyễn Thị Thập, P. Tân Phong, Q.7, TP. HCM",https://cellphones.com.vn/apple-watch-ultra-2-2024-49mm-4g-vien-titan-den-day-alpine-size-l.html
2026-10-08,15:49:47,Apple Watch,90349,Apple Watch Ultra 2 2024 49mm 4G Viền Titan Đen Dây Trail Size M/L | Chính hãng VN/A,apple-watch-ultra-2-2024-49mm-4g-vien-titan-den-day-trail-size-m-l,16990000.0,16820000,46,1,1.6,2,70,2.9,🟠 Hạn chế (1 - 19%),"458 - 460 Hậu Giang, P.12, Q.6, TP. HCM; 888 Tỉnh Lộ 10, P. Bình Trị Đông A, Q. Bình Tân, TP. HCM",https://cellphones.com.vn/apple-watch-ultra-2-2024-49mm-4g-vien-titan-den-day-trail-size-m-l.html
2026-10-08,15:49:47,Apple Watch,112717,Apple Watch Ultra 3 49mm (5G) Viền Titan Dây Thép Size M | Chính hãng Apple Việt Nam,apple-watch-ultra-3-49mm-5g-vien-titan-day-thep-tu-nhien-size-m,25490000.0,25235000,46,1,1.6,3,70,4.3,🟠 Hạn chế (1 - 19%),"134 Nguyễn Thái Học, P. Phạm Ngũ Lão, Q.1, TP HCM; 272 Nguyễn Oanh, P.17, Q. Gò Vấp, TP. HCM",https://cellphones.com.vn/apple-watch-ultra-3-49mm-5g-vien-titan-day-thep-tu-nhien-size-m.html
2026-10-08,15:49:47,Apple Watch,112705,Apple Watch Ultra 3 49mm (5G) Viền Titan Dây Alpine Size S | Chính hãng Apple Việt Nam,apple-watch-ultra-3-49mm-5g-vien-titan-day-alpine-size-s,22490000.0,22265000,46,1,1.6,10,70,14.3,🟠 Hạn chế (1 - 19%),"134 Nguyễn Thái Học, P. Phạm Ngũ Lão, Q.1, TP HCM; 55B Trần Quang Khải, P. Tân Định, Q. 1, TP. HCM",https://cellphones.com.vn/apple-watch-ultra-3-49mm-5g-vien-titan-day-alpine-size-s.html
2026-10-08,15:49:47,Apple Watch,112719,Apple Watch Ultra 3 49mm (5G) Viền Titan Dây Thép Size L | Chính hãng Apple Việt Nam,apple-watch-ultra-3-49mm-5g-vien-titan-day-thep-tu-nhien-size-l,25490000.0,25235000,46,6,9.5,2,70,2.9,🟠 Hạn chế (1 - 19%),"55B Trần Quang Khải, P. Tân Định, Q. 1, TP. HCM; Số 296 đường 3 tháng 2, Phường Hòa Hưng, Thành phố Hồ Chí Minh, Việt Nam",https://cellphones.com.vn/apple-watch-ultra-3-49mm-5g-vien-titan-day-thep-tu-nhien-size-l.html
2026-10-08,15:49:47,Apple Watch,112709,Apple Watch Ultra 3 49mm (5G) Viền Titan Dây Alpine Size L | Chính hãng Apple Việt Nam,apple-watch-ultra-3-49mm-5g-vien-titan-day-alpine-size-l,22490000.0,22265000,46,1,1.6,3,70,4.3,🟠 Hạn chế (1 - 19%),"139 Trần Não, P. Bình An, Q.2, TP. HCM; 18 Võ Văn Ngân, P. Trường Thọ, Q. Thủ Đức, TP. HCM",https://cellphones.com.vn/apple-watch-ultra-3-49mm-5g-vien-titan-day-alpine-size-l.html
2026-10-08,15:49:47,Apple Watch,112711,Apple Watch Ultra 3 49mm (5G) Viền Titan Dây Trail Size S/M | Chính hãng Apple Việt Nam,apple-watch-ultra-3-49mm-5g-vien-titan-day-trail-s-m,21990000.0,21770000,46,2,3.2,7,70,10.0,🟠 Hạn chế (1 - 19%),"Số 296 đường 3 tháng 2, Phường Hòa Hưng, Thành phố Hồ Chí Minh, Việt Nam; 139 Trần Não, P. Bình An, Q.2, TP. HCM",https://cellphones.com.vn/apple-watch-ultra-3-49mm-5g-vien-titan-day-trail-s-m.html
2026-10-08,15:49:47,Apple Watch,112713,Apple Watch Ultra 3 49mm (5G) Viền Titan Dây Trail Size M/L | Chính hãng Apple Việt Nam,apple-watch-ultra-3-49mm-5g-vien-titan-day-trail-m-l,21990000.0,21770000,46,4,6.3,10,70,14.3,🟠 Hạn chế (1 - 19%),"55B Trần Quang Khải, P. Tân Định, Q. 1, TP. HCM; 571 Huỳnh Tấn Phát, P. Tân Thuận Đông, Q.7, TP. HCM",https://cellphones.com.vn/apple-watch-ultra-3-49mm-5g-vien-titan-day-trail-m-l.html
2026-10-08,15:49:47,Apple Watch,112703,Apple Watch Ultra 3 49mm (5G) Viền Titan Dây Cao Su Size S/M | Chính hãng Apple Việt Nam,apple-watch-ultra-3-49mm-5g,22490000.0,22265000,46,12,19.0,25,70,35.7,🟡 Trung bình (20 - 49%),"134 Nguyễn Thái Học, P. Phạm Ngũ Lão, Q.1, TP HCM; 157-159 Nguyễn Thị Minh Khai, P. Phạm Ngũ Lão, Q. 1, TP. HCM",https://cellphones.com.vn/apple-watch-ultra-3-49mm-5g.html
2026-10-08,15:49:47,AirPods,90111,Tai nghe Bluetooth Apple AirPods 4 chống ồn chủ động | Chính hãng Apple Việt Nam,apple-airpods-4-chong-on-chu-dong,4390000.0,4302000,46,28,44.4,50,70,71.4,🟢 Dồi dào (>= 50%),"157-159 Nguyễn Thị Minh Khai, P. Phạm Ngũ Lão, Q. 1, TP. HCM; 134 Nguyễn Thái Học, P. Phạm Ngũ Lão, Q.1, TP HCM",https://cellphones.com.vn/apple-airpods-4-chong-on-chu-dong.html
2026-10-08,15:49:47,AirPods,112582,Tai nghe Bluetooth Apple AirPods Pro 3 2025 Type-C | Chính hãng (MFHP4ZP/A),apple-airpods-pro-3,6490000.0,6360000,46,28,44.4,50,70,71.4,🟢 Dồi dào (>= 50%),"157-159 Nguyễn Thị Minh Khai, P. Phạm Ngũ Lão, Q. 1, TP. HCM; 134 Nguyễn Thái Học, P. Phạm Ngũ Lão, Q.1, TP HCM",https://cellphones.com.vn/apple-airpods-pro-3.html
2026-10-08,15:49:47,AirPods,42499,Tai nghe Bluetooth Apple AirPods 4 | Chính hãng Apple Việt Nam,apple-airpods-4,3390000.0,3322000,46,28,44.4,49,70,70.0,🟢 Dồi dào (>= 50%),"157-159 Nguyễn Thị Minh Khai, P. Phạm Ngũ Lão, Q. 1, TP. HCM; 134 Nguyễn Thái Học, P. Phạm Ngũ Lão, Q.1, TP HCM",https://cellphones.com.vn/apple-airpods-4.html
