Product_Name;Color;Ton_Kho;Gia_Niem_Yet;Gia_Khuyen_Mai;Date;Khuyen_Mai;Thanh_Toan;Link;screenshot_name
iPhone 13 256GB;MIDNIGHT;No;18490000;18490000;2026-01-31;;Giảm 50% tối đa 250.000đ giá trị đơn hàng từ 0đ đối với người mới thanh toán qua Kredivo  Giảm 5% tối đa 500.000đ áp dụng kỳ hạn 6 9 12 tháng thanh toán qua Kredivo;https://viettelstore.vn/dien-thoai/iphone-13-256gb-pid288661.html;Skipped
iPhone 14 512GB;Unknown;No;0;0;2026-01-31;;;https://viettelstore.vn/dien-thoai/iphone-14-512gb-pid293823.html;Skipped
iPhone 15 512GB;Hồng;No;27990000;27990000;2026-01-31;;Giảm 50% tối đa 250.000đ giá trị đơn hàng từ 0đ đối với người mới thanh toán qua Kredivo  Giảm 5% tối đa 500.000đ áp dụng kỳ hạn 6 9 12 tháng thanh toán qua Kredivo;https://viettelstore.vn/dien-thoai/iphone-15-512gb-pid317055.html;Skipped
iPhone 14 128GB;Unknown;Yes;16990000;13590000;2026-01-31;"Tặng phiếu mua hàng giảm thêm 50,000đ cho củ sạc chính hãng Apple 20W/EarPods/Cable khi mua kèm iPhone/iPad/Apple Watch
Trả góp 0% trên giá khuyến mại, trả trước từ 0đ
Giảm thêm đến 1.000.000đ khi lên đời iPhone mới
Giảm thêm 500.000đ cho khách hàng hoà mạng mới mua kèm gói cước trả trước 12T5G180B cam kết 12 tháng";;https://viettelstore.vn/dien-thoai/iphone-14-128gb-pid293821.html;Skipped
iPhone 13 256GB;BLUE;No;18490000;18490000;2026-01-31;;Giảm 50% tối đa 250.000đ giá trị đơn hàng từ 0đ đối với người mới thanh toán qua Kredivo  Giảm 5% tối đa 500.000đ áp dụng kỳ hạn 6 9 12 tháng thanh toán qua Kredivo;https://viettelstore.vn/dien-thoai/iphone-13-256gb-pid288661.html;Skipped
iPhone 13 128GB;Unknown;Yes;15990000;12090000;2026-01-31;"Tặng phiếu mua hàng giảm thêm 50,000đ cho củ sạc chính hãng Apple 20W/EarPods/Cable khi mua kèm iPhone/iPad/Apple Watch
Trả góp 0% trên giá khuyến mại trả trước từ 0đ
Giảm thêm đến 1.000.000đ khi lên đời iPhone mới
Giảm thêm 500.000đ cho khách hàng hoà mạng mới mua kèm gói cước trả trước 12T5G180B cam kết 12 tháng";;https://viettelstore.vn/dien-thoai/iphone-13-128gb-pid288660.html;Skipped
iPhone 16 128GB;Unknown;Yes;22990000;19690000;2026-01-31;"Tặng phiếu mua hàng giảm thêm 50,000đ cho củ sạc chính hãng Apple 20W/EarPods/Cable khi mua kèm iPhone/iPad/Apple Watch
Trả góp 0% trên giá khuyến mại, trả trước từ 0đ
Giảm thêm đến 1.000.000đ khi lên đời iPhone mới
Giảm thêm 1.000.000đ cho khách hàng hoà mạng mới mua kèm gói cước trả trước 12T5G180B cam kết 12 tháng";;https://viettelstore.vn/dien-thoai/iphone-16-128gb-pid339614.html;Skipped
iPhone 15 512GB;Vàng;No;27990000;27990000;2026-01-31;;Giảm 50% tối đa 250.000đ giá trị đơn hàng từ 0đ đối với người mới thanh toán qua Kredivo  Giảm 5% tối đa 500.000đ áp dụng kỳ hạn 6 9 12 tháng thanh toán qua Kredivo;https://viettelstore.vn/dien-thoai/iphone-15-512gb-pid317055.html;Skipped
iPhone 13 256GB;RED;No;18490000;18490000;2026-01-31;;Giảm 50% tối đa 250.000đ giá trị đơn hàng từ 0đ đối với người mới thanh toán qua Kredivo  Giảm 5% tối đa 500.000đ áp dụng kỳ hạn 6 9 12 tháng thanh toán qua Kredivo;https://viettelstore.vn/dien-thoai/iphone-13-256gb-pid288661.html;Skipped
iPhone 15 512GB;Xanh Lá;No;27990000;27990000;2026-01-31;;Giảm 50% tối đa 250.000đ giá trị đơn hàng từ 0đ đối với người mới thanh toán qua Kredivo  Giảm 5% tối đa 500.000đ áp dụng kỳ hạn 6 9 12 tháng thanh toán qua Kredivo;https://viettelstore.vn/dien-thoai/iphone-15-512gb-pid317055.html;Skipped
iPhone 15 512GB;Đen;No;27990000;27990000;2026-01-31;;Giảm 50% tối đa 250.000đ giá trị đơn hàng từ 0đ đối với người mới thanh toán qua Kredivo  Giảm 5% tối đa 500.000đ áp dụng kỳ hạn 6 9 12 tháng thanh toán qua Kredivo;https://viettelstore.vn/dien-thoai/iphone-15-512gb-pid317055.html;Skipped
iPhone 16 Plus 256GB;Hồng;Yes;28990000;26290000;2026-01-31;"Tặng phiếu mua hàng giảm thêm 50,000đ cho củ sạc chính hãng Apple 20W/EarPods/Cable khi mua kèm iPhone/iPad/Apple Watch
Trả góp 0% trên giá khuyến mại, trả trước từ 0đ
Giảm thêm đến 1.000.000đ khi lên đời iPhone mới
Giảm thêm 1.000.000đ cho khách hàng hoà mạng mới mua kèm gói cước trả trước 12T5G180B cam kết 12 tháng";Giảm 50% tối đa 250.000đ giá trị đơn hàng từ 0đ đối với người mới thanh toán qua Kredivo  Giảm 5% tối đa 500.000đ áp dụng kỳ hạn 6 9 12 tháng thanh toán qua Kredivo;https://viettelstore.vn/dien-thoai/iphone-16-plus-256gb-pid339619.html;Skipped
iPhone 14 256GB;MIDNIGHT;Yes;20990000;16290000;2026-01-31;"Tặng phiếu mua hàng giảm thêm 50,000đ cho củ sạc chính hãng Apple 20W/EarPods/Cable khi mua kèm iPhone/iPad/Apple Watch
Trả góp 0% trên giá khuyến mại, trả trước từ 0đ
Giảm thêm đến 1.000.000đ khi lên đời iPhone mới
Giảm thêm 500.000đ cho khách hàng hoà mạng mới mua kèm gói cước trả trước 12T5G180B cam kết 12 tháng";Giảm 50% tối đa 250.000đ giá trị đơn hàng từ 0đ đối với người mới thanh toán qua Kredivo  Giảm 5% tối đa 500.000đ áp dụng kỳ hạn 6 9 12 tháng thanh toán qua Kredivo;https://viettelstore.vn/dien-thoai/iphone-14-256gb-pid293822.html;Skipped
iPhone 15 512GB;Xanh Dương;No;27990000;27990000;2026-01-31;;Giảm 50% tối đa 250.000đ giá trị đơn hàng từ 0đ đối với người mới thanh toán qua Kredivo  Giảm 5% tối đa 500.000đ áp dụng kỳ hạn 6 9 12 tháng thanh toán qua Kredivo;https://viettelstore.vn/dien-thoai/iphone-15-512gb-pid317055.html;Skipped
iPhone 15 256GB;Hồng;Yes;24990000;19990000;2026-01-31;"Giá chỉ 19.490.000đ áp dụng với màu MÀU VÀNG
Quyền mua bao ốp trong iFinger/Likcase iPhone 15 với giá 79.0000đ
Tặng phiếu mua hàng giảm thêm 50,000đ cho củ sạc chính hãng Apple 20W/EarPods/Cable khi mua kèm iPhone/iPad/Apple Watch
Trả góp 0% trên giá khuyến mại, trả trước từ 0đ
Giảm thêm đến 1.000.000đ khi lên đời iPhone mới
Giảm thêm 500.000đ cho khách hàng hoà mạng mới mua kèm gói cước trả trước 12T5G180B cam kết 12 tháng";Giảm 50% tối đa 250.000đ giá trị đơn hàng từ 0đ đối với người mới thanh toán qua Kredivo  Giảm 5% tối đa 500.000đ áp dụng kỳ hạn 6 9 12 tháng thanh toán qua Kredivo;https://viettelstore.vn/dien-thoai/iphone-15-256gb-pid317054.html;Skipped
iPhone 15 128GB;Hồng;Yes;21990000;16690000;2026-01-31;"Giá chỉ 16.190.000đ áp dụng với màu MÀU VÀNG
Quyền mua bao ốp trong iFinger/Likcase iPhone 15 với giá 79.0000đ
Tặng phiếu mua hàng giảm thêm 50,000đ cho củ sạc chính hãng Apple 20W/EarPods/Cable khi mua kèm iPhone/iPad/Apple Watch
Trả góp 0% trên giá khuyến mại, trả trước từ 0đ
Giảm thêm đến 1.000.000đ khi lên đời iPhone mới
Giảm thêm 500.000đ cho khách hàng hoà mạng mới mua kèm gói cước trả trước 12T5G180B cam kết 12 tháng";Giảm 50% tối đa 250.000đ giá trị đơn hàng từ 0đ đối với người mới thanh toán qua Kredivo  Giảm 5% tối đa 500.000đ áp dụng kỳ hạn 6 9 12 tháng thanh toán qua Kredivo;https://viettelstore.vn/dien-thoai/iphone-15-128gb-pid317053.html;Skipped
iPhone 16 Plus 256GB;Đen;No;28990000;26290000;2026-01-31;"Tặng phiếu mua hàng giảm thêm 50,000đ cho củ sạc chính hãng Apple 20W/EarPods/Cable khi mua kèm iPhone/iPad/Apple Watch
Trả góp 0% trên giá khuyến mại, trả trước từ 0đ
Giảm thêm đến 1.000.000đ khi lên đời iPhone mới
Giảm thêm 1.000.000đ cho khách hàng hoà mạng mới mua kèm gói cước trả trước 12T5G180B cam kết 12 tháng";Giảm 50% tối đa 250.000đ giá trị đơn hàng từ 0đ đối với người mới thanh toán qua Kredivo  Giảm 5% tối đa 500.000đ áp dụng kỳ hạn 6 9 12 tháng thanh toán qua Kredivo;https://viettelstore.vn/dien-thoai/iphone-16-plus-256gb-pid339619.html;Skipped
iPhone 16 Pro Max 512GB;Titan Tự Nhiên;No;42490000;36490000;2026-01-31;"Tặng phiếu mua hàng giảm thêm 50,000đ cho củ sạc chính hãng Apple 20W/EarPods/Cable khi mua kèm iPhone/iPad/Apple Watch
Trả góp 0% trên giá khuyến mại, trả trước từ 20%
Giảm thêm đến 1.000.000đ khi lên đời iPhone mới
Giảm thêm 1.000.000đ cho khách hàng hoà mạng mới mua kèm gói cước trả trước 12T5G180B cam kết 12 tháng";Giảm 50% tối đa 250.000đ giá trị đơn hàng từ 0đ đối với người mới thanh toán qua Kredivo  Giảm 5% tối đa 500.000đ áp dụng kỳ hạn 6 9 12 tháng thanh toán qua Kredivo;https://viettelstore.vn/dien-thoai/iphone-16-pro-max-512gb-pid339631.html;Skipped
iPhone 16 Pro Max 256GB;Titan Đen;No;36490000;30890000;2026-01-31;"Tặng phiếu mua hàng giảm thêm 50,000đ cho củ sạc chính hãng Apple 20W/EarPods/Cable khi mua kèm iPhone/iPad/Apple Watch
Trả góp 0% trên giá khuyến mại, trả trước từ 20%
Giảm thêm đến 1.000.000đ khi lên đời iPhone mới
Giảm thêm 1.000.000đ cho khách hàng hoà mạng mới mua kèm gói cước trả trước 12T5G180B cam kết 12 tháng";Giảm 50% tối đa 250.000đ giá trị đơn hàng từ 0đ đối với người mới thanh toán qua Kredivo  Giảm 5% tối đa 500.000đ áp dụng kỳ hạn 6 9 12 tháng thanh toán qua Kredivo;https://viettelstore.vn/dien-thoai/iphone-16-pro-max-pid339630.html;Skipped
iPhone 16 Pro Max 1TB;Titan Tự Nhiên;No;48490000;48490000;2026-01-31;;Giảm 50% tối đa 250.000đ giá trị đơn hàng từ 0đ đối với người mới thanh toán qua Kredivo  Giảm 5% tối đa 500.000đ áp dụng kỳ hạn 6 9 12 tháng thanh toán qua Kredivo;https://viettelstore.vn/dien-thoai/iphone-16-pro-max-1tb-pid339632.html;Skipped
iPhone 16 Pro 128GB;Titan Tự Nhiên;No;30490000;24990000;2026-01-31;"Tặng phiếu mua hàng giảm thêm 50,000đ cho củ sạc chính hãng Apple 20W/EarPods/Cable khi mua kèm iPhone/iPad/Apple Watch
Trả góp 0% trên giá khuyến mại, trả trước từ 20%
Giảm thêm đến 1.000.000đ khi lên đời iPhone mới
Giảm thêm 1.000.000đ cho khách hàng hoà mạng mới mua kèm gói cước trả trước 12T5G180B cam kết 12 tháng";Giảm 50% tối đa 250.000đ giá trị đơn hàng từ 0đ đối với người mới thanh toán qua Kredivo  Giảm 5% tối đa 500.000đ áp dụng kỳ hạn 6 9 12 tháng thanh toán qua Kredivo;https://viettelstore.vn/dien-thoai/iphone-16-pro-pid339623.html;Skipped
iPhone 16 Pro Max 512GB;Titan Đen;No;42490000;36490000;2026-01-31;"Tặng phiếu mua hàng giảm thêm 50,000đ cho củ sạc chính hãng Apple 20W/EarPods/Cable khi mua kèm iPhone/iPad/Apple Watch
Trả góp 0% trên giá khuyến mại, trả trước từ 20%
Giảm thêm đến 1.000.000đ khi lên đời iPhone mới
Giảm thêm 1.000.000đ cho khách hàng hoà mạng mới mua kèm gói cước trả trước 12T5G180B cam kết 12 tháng";Giảm 50% tối đa 250.000đ giá trị đơn hàng từ 0đ đối với người mới thanh toán qua Kredivo  Giảm 5% tối đa 500.000đ áp dụng kỳ hạn 6 9 12 tháng thanh toán qua Kredivo;https://viettelstore.vn/dien-thoai/iphone-16-pro-max-512gb-pid339631.html;Skipped
iPhone 16 Pro Max 1TB;Titan Đen;No;48490000;48490000;2026-01-31;;Giảm 50% tối đa 250.000đ giá trị đơn hàng từ 0đ đối với người mới thanh toán qua Kredivo  Giảm 5% tối đa 500.000đ áp dụng kỳ hạn 6 9 12 tháng thanh toán qua Kredivo;https://viettelstore.vn/dien-thoai/iphone-16-pro-max-1tb-pid339632.html;Skipped
iPhone 16 Pro Max 256GB;Titan Sa Mạc;No;36490000;30890000;2026-01-31;"Tặng phiếu mua hàng giảm thêm 50,000đ cho củ sạc chính hãng Apple 20W/EarPods/Cable khi mua kèm iPhone/iPad/Apple Watch
Trả góp 0% trên giá khuyến mại, trả trước từ 20%
Giảm thêm đến 1.000.000đ khi lên đời iPhone mới
Giảm thêm 1.000.000đ cho khách hàng hoà mạng mới mua kèm gói cước trả trước 12T5G180B cam kết 12 tháng";Giảm 50% tối đa 250.000đ giá trị đơn hàng từ 0đ đối với người mới thanh toán qua Kredivo  Giảm 5% tối đa 500.000đ áp dụng kỳ hạn 6 9 12 tháng thanh toán qua Kredivo;https://viettelstore.vn/dien-thoai/iphone-16-pro-max-pid339630.html;Skipped
iPhone 16 Pro 128GB;Titan Trắng;No;30490000;24990000;2026-01-31;"Tặng phiếu mua hàng giảm thêm 50,000đ cho củ sạc chính hãng Apple 20W/EarPods/Cable khi mua kèm iPhone/iPad/Apple Watch
Trả góp 0% trên giá khuyến mại, trả trước từ 20%
Giảm thêm đến 1.000.000đ khi lên đời iPhone mới
Giảm thêm 1.000.000đ cho khách hàng hoà mạng mới mua kèm gói cước trả trước 12T5G180B cam kết 12 tháng";Giảm 50% tối đa 250.000đ giá trị đơn hàng từ 0đ đối với người mới thanh toán qua Kredivo  Giảm 5% tối đa 500.000đ áp dụng kỳ hạn 6 9 12 tháng thanh toán qua Kredivo;https://viettelstore.vn/dien-thoai/iphone-16-pro-pid339623.html;Skipped
iPhone 16 Pro Max 1TB;Titan Sa Mạc;No;48490000;48490000;2026-01-31;;Giảm 50% tối đa 250.000đ giá trị đơn hàng từ 0đ đối với người mới thanh toán qua Kredivo  Giảm 5% tối đa 500.000đ áp dụng kỳ hạn 6 9 12 tháng thanh toán qua Kredivo;https://viettelstore.vn/dien-thoai/iphone-16-pro-max-1tb-pid339632.html;Skipped
iPhone 14 256GB;STARLIGHT;Yes;20990000;16290000;2026-01-31;"Tặng phiếu mua hàng giảm thêm 50,000đ cho củ sạc chính hãng Apple 20W/EarPods/Cable khi mua kèm iPhone/iPad/Apple Watch
Trả góp 0% trên giá khuyến mại, trả trước từ 0đ
Giảm thêm đến 1.000.000đ khi lên đời iPhone mới
Giảm thêm 500.000đ cho khách hàng hoà mạng mới mua kèm gói cước trả trước 12T5G180B cam kết 12 tháng";Giảm 50% tối đa 250.000đ giá trị đơn hàng từ 0đ đối với người mới thanh toán qua Kredivo  Giảm 5% tối đa 500.000đ áp dụng kỳ hạn 6 9 12 tháng thanh toán qua Kredivo;https://viettelstore.vn/dien-thoai/iphone-14-256gb-pid293822.html;Skipped
iPhone 16 Plus 256GB;Xanh Lưu Ly;Yes;28990000;26290000;2026-01-31;"Tặng phiếu mua hàng giảm thêm 50,000đ cho củ sạc chính hãng Apple 20W/EarPods/Cable khi mua kèm iPhone/iPad/Apple Watch
Trả góp 0% trên giá khuyến mại, trả trước từ 0đ
Giảm thêm đến 1.000.000đ khi lên đời iPhone mới
Giảm thêm 1.000.000đ cho khách hàng hoà mạng mới mua kèm gói cước trả trước 12T5G180B cam kết 12 tháng";Giảm 50% tối đa 250.000đ giá trị đơn hàng từ 0đ đối với người mới thanh toán qua Kredivo  Giảm 5% tối đa 500.000đ áp dụng kỳ hạn 6 9 12 tháng thanh toán qua Kredivo;https://viettelstore.vn/dien-thoai/iphone-16-plus-256gb-pid339619.html;Skipped
iPhone 15 256GB;Vàng;Yes;24990000;19490000;2026-01-31;"Giá chỉ 19.490.000đ áp dụng với màu MÀU VÀNG
Quyền mua bao ốp trong iFinger/Likcase iPhone 15 với giá 79.0000đ
Tặng phiếu mua hàng giảm thêm 50,000đ cho củ sạc chính hãng Apple 20W/EarPods/Cable khi mua kèm iPhone/iPad/Apple Watch
Trả góp 0% trên giá khuyến mại, trả trước từ 0đ
Giảm thêm đến 1.000.000đ khi lên đời iPhone mới
Giảm thêm 500.000đ cho khách hàng hoà mạng mới mua kèm gói cước trả trước 12T5G180B cam kết 12 tháng";Giảm 50% tối đa 250.000đ giá trị đơn hàng từ 0đ đối với người mới thanh toán qua Kredivo  Giảm 5% tối đa 500.000đ áp dụng kỳ hạn 6 9 12 tháng thanh toán qua Kredivo;https://viettelstore.vn/dien-thoai/iphone-15-256gb-pid317054.html;Skipped
iPhone 15 128GB;Vàng;Yes;21990000;16190000;2026-01-31;"Giá chỉ 16.190.000đ áp dụng với màu MÀU VÀNG
Quyền mua bao ốp trong iFinger/Likcase iPhone 15 với giá 79.0000đ
Tặng phiếu mua hàng giảm thêm 50,000đ cho củ sạc chính hãng Apple 20W/EarPods/Cable khi mua kèm iPhone/iPad/Apple Watch
Trả góp 0% trên giá khuyến mại, trả trước từ 0đ
Giảm thêm đến 1.000.000đ khi lên đời iPhone mới
Giảm thêm 500.000đ cho khách hàng hoà mạng mới mua kèm gói cước trả trước 12T5G180B cam kết 12 tháng";Giảm 50% tối đa 250.000đ giá trị đơn hàng từ 0đ đối với người mới thanh toán qua Kredivo  Giảm 5% tối đa 500.000đ áp dụng kỳ hạn 6 9 12 tháng thanh toán qua Kredivo;https://viettelstore.vn/dien-thoai/iphone-15-128gb-pid317053.html;Skipped
iPhone 16 Plus 128GB;Hồng;Yes;25990000;23490000;2026-01-31;"Tặng phiếu mua hàng giảm thêm 50,000đ cho củ sạc chính hãng Apple 20W/EarPods/Cable khi mua kèm iPhone/iPad/Apple Watch
Trả góp 0% trên giá khuyến mại, trả trước từ 0đ
Giảm thêm đến 1.000.000đ khi lên đời iPhone mới
Giảm thêm 1.000.000đ cho khách hàng hoà mạng mới mua kèm gói cước trả trước 12T5G180B cam kết 12 tháng";Giảm 50% tối đa 250.000đ giá trị đơn hàng từ 0đ đối với người mới thanh toán qua Kredivo  Giảm 5% tối đa 500.000đ áp dụng kỳ hạn 6 9 12 tháng thanh toán qua Kredivo;https://viettelstore.vn/dien-thoai/iphone-16-plus-pid339618.html;Skipped
iPhone 14 256GB;BLUE;Yes;20990000;16290000;2026-01-31;"Tặng phiếu mua hàng giảm thêm 50,000đ cho củ sạc chính hãng Apple 20W/EarPods/Cable khi mua kèm iPhone/iPad/Apple Watch
Trả góp 0% trên giá khuyến mại, trả trước từ 0đ
Giảm thêm đến 1.000.000đ khi lên đời iPhone mới
Giảm thêm 500.000đ cho khách hàng hoà mạng mới mua kèm gói cước trả trước 12T5G180B cam kết 12 tháng";Giảm 50% tối đa 250.000đ giá trị đơn hàng từ 0đ đối với người mới thanh toán qua Kredivo  Giảm 5% tối đa 500.000đ áp dụng kỳ hạn 6 9 12 tháng thanh toán qua Kredivo;https://viettelstore.vn/dien-thoai/iphone-14-256gb-pid293822.html;Skipped
iPhone 16 Plus 256GB;Xanh Mòng Két;Yes;28990000;26290000;2026-01-31;"Tặng phiếu mua hàng giảm thêm 50,000đ cho củ sạc chính hãng Apple 20W/EarPods/Cable khi mua kèm iPhone/iPad/Apple Watch
Trả góp 0% trên giá khuyến mại, trả trước từ 0đ
Giảm thêm đến 1.000.000đ khi lên đời iPhone mới
Giảm thêm 1.000.000đ cho khách hàng hoà mạng mới mua kèm gói cước trả trước 12T5G180B cam kết 12 tháng";Giảm 50% tối đa 250.000đ giá trị đơn hàng từ 0đ đối với người mới thanh toán qua Kredivo  Giảm 5% tối đa 500.000đ áp dụng kỳ hạn 6 9 12 tháng thanh toán qua Kredivo;https://viettelstore.vn/dien-thoai/iphone-16-plus-256gb-pid339619.html;Skipped
iPhone 15 256GB;Xanh Lá;Yes;24990000;19990000;2026-01-31;"Giá chỉ 19.490.000đ áp dụng với màu MÀU VÀNG
Quyền mua bao ốp trong iFinger/Likcase iPhone 15 với giá 79.0000đ
Tặng phiếu mua hàng giảm thêm 50,000đ cho củ sạc chính hãng Apple 20W/EarPods/Cable khi mua kèm iPhone/iPad/Apple Watch
Trả góp 0% trên giá khuyến mại, trả trước từ 0đ
Giảm thêm đến 1.000.000đ khi lên đời iPhone mới
Giảm thêm 500.000đ cho khách hàng hoà mạng mới mua kèm gói cước trả trước 12T5G180B cam kết 12 tháng";Giảm 50% tối đa 250.000đ giá trị đơn hàng từ 0đ đối với người mới thanh toán qua Kredivo  Giảm 5% tối đa 500.000đ áp dụng kỳ hạn 6 9 12 tháng thanh toán qua Kredivo;https://viettelstore.vn/dien-thoai/iphone-15-256gb-pid317054.html;Skipped
iPhone 15 128GB;Xanh Lá;Yes;21990000;16690000;2026-01-31;"Giá chỉ 16.190.000đ áp dụng với màu MÀU VÀNG
Quyền mua bao ốp trong iFinger/Likcase iPhone 15 với giá 79.0000đ
Tặng phiếu mua hàng giảm thêm 50,000đ cho củ sạc chính hãng Apple 20W/EarPods/Cable khi mua kèm iPhone/iPad/Apple Watch
Trả góp 0% trên giá khuyến mại, trả trước từ 0đ
Giảm thêm đến 1.000.000đ khi lên đời iPhone mới
Giảm thêm 500.000đ cho khách hàng hoà mạng mới mua kèm gói cước trả trước 12T5G180B cam kết 12 tháng";Giảm 50% tối đa 250.000đ giá trị đơn hàng từ 0đ đối với người mới thanh toán qua Kredivo  Giảm 5% tối đa 500.000đ áp dụng kỳ hạn 6 9 12 tháng thanh toán qua Kredivo;https://viettelstore.vn/dien-thoai/iphone-15-128gb-pid317053.html;Skipped
iPhone 16 Plus 128GB;Đen;Yes;25990000;23490000;2026-01-31;"Tặng phiếu mua hàng giảm thêm 50,000đ cho củ sạc chính hãng Apple 20W/EarPods/Cable khi mua kèm iPhone/iPad/Apple Watch
Trả góp 0% trên giá khuyến mại, trả trước từ 0đ
Giảm thêm đến 1.000.000đ khi lên đời iPhone mới
Giảm thêm 1.000.000đ cho khách hàng hoà mạng mới mua kèm gói cước trả trước 12T5G180B cam kết 12 tháng";Giảm 50% tối đa 250.000đ giá trị đơn hàng từ 0đ đối với người mới thanh toán qua Kredivo  Giảm 5% tối đa 500.000đ áp dụng kỳ hạn 6 9 12 tháng thanh toán qua Kredivo;https://viettelstore.vn/dien-thoai/iphone-16-plus-pid339618.html;Skipped
iPhone 16e 256GB;Đen;Yes;19990000;15490000;2026-01-31;"Giá chỉ từ 15.490.000đ khi mua kèm gói cước 5G Viettel, Chi tiết TẠI ĐÂY
Quyền mua bao ốp iFinger/Likcase iPhone 16e với giá 79.0000đ
Trả góp 0% trên giá khuyến mại
Giảm thêm đến 1.000.000đ khi lên đời iPhone mới";Giảm 50% tối đa 250.000đ giá trị đơn hàng từ 0đ đối với người mới thanh toán qua Kredivo  Giảm 5% tối đa 500.000đ áp dụng kỳ hạn 6 9 12 tháng thanh toán qua Kredivo;https://viettelstore.vn/dien-thoai/iphone-16e-256gb-pid347207.html;Skipped
iPhone 17 Pro 1TB;Bạc;No;47990000;46990000;2026-01-31;"Giá chỉ 46.390.000đ áp dụng cho màu CAM VŨ TRỤ VÀ XANH ĐẬM
Tặng phiếu mua hàng giảm thêm 50,000đ cho củ sạc chính hãng Apple 20W/EarPods/Cable khi mua kèm iPhone
Tặng phiếu mua hàng 500K mua Apple Watch/AirPods/Ốp lưng chính hãng iPhone 17 Series
Trả góp 0% trên giá khuyến mại
Giảm ngay 1.200.000đ khi mua kèm gói cước 12T5G230B
Giảm thêm lên đến 3 triệu đồng khi tham gia thu cũ đổi mới";Giảm 50% tối đa 250.000đ giá trị đơn hàng từ 0đ đối với người mới thanh toán qua Kredivo  Giảm 5% tối đa 500.000đ áp dụng kỳ hạn 6 9 12 tháng thanh toán qua Kredivo;https://viettelstore.vn/dien-thoai/iphone-17-pro-1tb-pid355085.html;Skipped
iPhone 16e 128GB;Đen;Yes;16990000;12490000;2026-01-31;"Giá chỉ từ 12.490.000đ khi mua kèm gói cước 5G Viettel, Chi tiết TẠI ĐÂY
Quyền mua bao ốp iFinger/Likcase iPhone 16e với giá 79.0000đ
Trả góp 0% trên giá khuyến mại
Giảm thêm đến 1.000.000đ khi lên đời iPhone mới";Giảm 50% tối đa 250.000đ giá trị đơn hàng từ 0đ đối với người mới thanh toán qua Kredivo  Giảm 5% tối đa 500.000đ áp dụng kỳ hạn 6 9 12 tháng thanh toán qua Kredivo;https://viettelstore.vn/dien-thoai/iphone-16e-pid347205.html;Skipped
iPhone 16 Plus 256GB;Trắng;Yes;28990000;26290000;2026-01-31;"Tặng phiếu mua hàng giảm thêm 50,000đ cho củ sạc chính hãng Apple 20W/EarPods/Cable khi mua kèm iPhone/iPad/Apple Watch
Trả góp 0% trên giá khuyến mại, trả trước từ 0đ
Giảm thêm đến 1.000.000đ khi lên đời iPhone mới
Giảm thêm 1.000.000đ cho khách hàng hoà mạng mới mua kèm gói cước trả trước 12T5G180B cam kết 12 tháng";Giảm 50% tối đa 250.000đ giá trị đơn hàng từ 0đ đối với người mới thanh toán qua Kredivo  Giảm 5% tối đa 500.000đ áp dụng kỳ hạn 6 9 12 tháng thanh toán qua Kredivo;https://viettelstore.vn/dien-thoai/iphone-16-plus-256gb-pid339619.html;Skipped
iPhone 17 256GB;Xanh Lá Xô Thơm;Yes;24990000;24690000;2026-01-31;"GIẢ CHỈ CÒN 24.690.000Đ KHI MUA ONLINE
Tặng phiếu mua hàng giảm thêm 50,000đ cho củ sạc chính hãng Apple 20W/EarPods/Cable khi mua kèm iPhone
Tặng phiếu mua hàng 500K mua Apple Watch/AirPods/Ốp lưng chính hãng iPhone 17 Series
Trả góp 0% trên giá khuyến mại
Giảm ngay 1.200.000đ khi mua kèm gói cước 12T5G230B
Giảm thêm lên đến 3 triệu đồng khi tham gia thu cũ đổi mới";Giảm 50% tối đa 250.000đ giá trị đơn hàng từ 0đ đối với người mới thanh toán qua Kredivo  Giảm 5% tối đa 500.000đ áp dụng kỳ hạn 6 9 12 tháng thanh toán qua Kredivo;https://viettelstore.vn/dien-thoai/iphone-17-256gb-pid355077.html;Skipped
iPhone 17 512GB;Xanh Lá Xô Thơm;Yes;31490000;30490000;2026-01-31;"Tặng phiếu mua hàng giảm thêm 50,000đ cho củ sạc chính hãng Apple 20W/EarPods/Cable khi mua kèm iPhone
Tặng phiếu mua hàng 500K mua Apple Watch/AirPods/Ốp lưng chính hãng IP17 Series & Air
Trả góp 0% trên giá khuyến mại
Giảm ngay 1.200.000đ khi mua kèm gói cước 12T5G230B
Giảm thêm lên đến 3 triệu đồng khi tham gia thu cũ đổi mới";Giảm 50% tối đa 250.000đ giá trị đơn hàng từ 0đ đối với người mới thanh toán qua Kredivo  Giảm 5% tối đa 500.000đ áp dụng kỳ hạn 6 9 12 tháng thanh toán qua Kredivo;https://viettelstore.vn/dien-thoai/iphone-17-512gb-pid355078.html;Skipped
iPhone 15 256GB;Đen;Yes;24990000;19990000;2026-01-31;"Giá chỉ 19.490.000đ áp dụng với màu MÀU VÀNG
Quyền mua bao ốp trong iFinger/Likcase iPhone 15 với giá 79.0000đ
Tặng phiếu mua hàng giảm thêm 50,000đ cho củ sạc chính hãng Apple 20W/EarPods/Cable khi mua kèm iPhone/iPad/Apple Watch
Trả góp 0% trên giá khuyến mại, trả trước từ 0đ
Giảm thêm đến 1.000.000đ khi lên đời iPhone mới
Giảm thêm 500.000đ cho khách hàng hoà mạng mới mua kèm gói cước trả trước 12T5G180B cam kết 12 tháng";Giảm 50% tối đa 250.000đ giá trị đơn hàng từ 0đ đối với người mới thanh toán qua Kredivo  Giảm 5% tối đa 500.000đ áp dụng kỳ hạn 6 9 12 tháng thanh toán qua Kredivo;https://viettelstore.vn/dien-thoai/iphone-15-256gb-pid317054.html;Skipped
iPhone 16 Plus 128GB;Xanh Lưu Ly;Yes;25990000;23490000;2026-01-31;"Tặng phiếu mua hàng giảm thêm 50,000đ cho củ sạc chính hãng Apple 20W/EarPods/Cable khi mua kèm iPhone/iPad/Apple Watch
Trả góp 0% trên giá khuyến mại, trả trước từ 0đ
Giảm thêm đến 1.000.000đ khi lên đời iPhone mới
Giảm thêm 1.000.000đ cho khách hàng hoà mạng mới mua kèm gói cước trả trước 12T5G180B cam kết 12 tháng";Giảm 50% tối đa 250.000đ giá trị đơn hàng từ 0đ đối với người mới thanh toán qua Kredivo  Giảm 5% tối đa 500.000đ áp dụng kỳ hạn 6 9 12 tháng thanh toán qua Kredivo;https://viettelstore.vn/dien-thoai/iphone-16-plus-pid339618.html;Skipped
iPhone 16e 256GB;Trắng;Yes;19990000;15490000;2026-01-31;"Giá chỉ từ 15.490.000đ khi mua kèm gói cước 5G Viettel, Chi tiết TẠI ĐÂY
Quyền mua bao ốp iFinger/Likcase iPhone 16e với giá 79.0000đ
Trả góp 0% trên giá khuyến mại
Giảm thêm đến 1.000.000đ khi lên đời iPhone mới";Giảm 50% tối đa 250.000đ giá trị đơn hàng từ 0đ đối với người mới thanh toán qua Kredivo  Giảm 5% tối đa 500.000đ áp dụng kỳ hạn 6 9 12 tháng thanh toán qua Kredivo;https://viettelstore.vn/dien-thoai/iphone-16e-256gb-pid347207.html;Skipped
iPhone 15 128GB;Đen;Yes;21990000;16690000;2026-01-31;"Giá chỉ 16.190.000đ áp dụng với màu MÀU VÀNG
Quyền mua bao ốp trong iFinger/Likcase iPhone 15 với giá 79.0000đ
Tặng phiếu mua hàng giảm thêm 50,000đ cho củ sạc chính hãng Apple 20W/EarPods/Cable khi mua kèm iPhone/iPad/Apple Watch
Trả góp 0% trên giá khuyến mại, trả trước từ 0đ
Giảm thêm đến 1.000.000đ khi lên đời iPhone mới
Giảm thêm 500.000đ cho khách hàng hoà mạng mới mua kèm gói cước trả trước 12T5G180B cam kết 12 tháng";Giảm 50% tối đa 250.000đ giá trị đơn hàng từ 0đ đối với người mới thanh toán qua Kredivo  Giảm 5% tối đa 500.000đ áp dụng kỳ hạn 6 9 12 tháng thanh toán qua Kredivo;https://viettelstore.vn/dien-thoai/iphone-15-128gb-pid317053.html;Skipped
iPhone 17 Pro 1TB;Cam Vũ Trụ;Yes;47990000;46390000;2026-01-31;"Giá chỉ 46.390.000đ áp dụng cho màu CAM VŨ TRỤ VÀ XANH ĐẬM
Tặng phiếu mua hàng giảm thêm 50,000đ cho củ sạc chính hãng Apple 20W/EarPods/Cable khi mua kèm iPhone
Tặng phiếu mua hàng 500K mua Apple Watch/AirPods/Ốp lưng chính hãng iPhone 17 Series
Trả góp 0% trên giá khuyến mại
Giảm ngay 1.200.000đ khi mua kèm gói cước 12T5G230B
Giảm thêm lên đến 3 triệu đồng khi tham gia thu cũ đổi mới";Giảm 50% tối đa 250.000đ giá trị đơn hàng từ 0đ đối với người mới thanh toán qua Kredivo  Giảm 5% tối đa 500.000đ áp dụng kỳ hạn 6 9 12 tháng thanh toán qua Kredivo;https://viettelstore.vn/dien-thoai/iphone-17-pro-1tb-pid355085.html;Skipped
iPhone 16e 128GB;Trắng;Yes;16990000;12490000;2026-01-31;"Giá chỉ từ 12.490.000đ khi mua kèm gói cước 5G Viettel, Chi tiết TẠI ĐÂY
Quyền mua bao ốp iFinger/Likcase iPhone 16e với giá 79.0000đ
Trả góp 0% trên giá khuyến mại
Giảm thêm đến 1.000.000đ khi lên đời iPhone mới";Giảm 50% tối đa 250.000đ giá trị đơn hàng từ 0đ đối với người mới thanh toán qua Kredivo  Giảm 5% tối đa 500.000đ áp dụng kỳ hạn 6 9 12 tháng thanh toán qua Kredivo;https://viettelstore.vn/dien-thoai/iphone-16e-pid347205.html;Skipped
iPhone 17 256GB;Tím Oải Hương;Yes;24990000;24690000;2026-01-31;"GIẢ CHỈ CÒN 24.690.000Đ KHI MUA ONLINE
Tặng phiếu mua hàng giảm thêm 50,000đ cho củ sạc chính hãng Apple 20W/EarPods/Cable khi mua kèm iPhone
Tặng phiếu mua hàng 500K mua Apple Watch/AirPods/Ốp lưng chính hãng iPhone 17 Series
Trả góp 0% trên giá khuyến mại
Giảm ngay 1.200.000đ khi mua kèm gói cước 12T5G230B
Giảm thêm lên đến 3 triệu đồng khi tham gia thu cũ đổi mới";Giảm 50% tối đa 250.000đ giá trị đơn hàng từ 0đ đối với người mới thanh toán qua Kredivo  Giảm 5% tối đa 500.000đ áp dụng kỳ hạn 6 9 12 tháng thanh toán qua Kredivo;https://viettelstore.vn/dien-thoai/iphone-17-256gb-pid355077.html;Skipped
iPhone 17 512GB;Tím Oải Hương;Yes;31490000;30490000;2026-01-31;"Tặng phiếu mua hàng giảm thêm 50,000đ cho củ sạc chính hãng Apple 20W/EarPods/Cable khi mua kèm iPhone
Tặng phiếu mua hàng 500K mua Apple Watch/AirPods/Ốp lưng chính hãng IP17 Series & Air
Trả góp 0% trên giá khuyến mại
Giảm ngay 1.200.000đ khi mua kèm gói cước 12T5G230B
Giảm thêm lên đến 3 triệu đồng khi tham gia thu cũ đổi mới";Giảm 50% tối đa 250.000đ giá trị đơn hàng từ 0đ đối với người mới thanh toán qua Kredivo  Giảm 5% tối đa 500.000đ áp dụng kỳ hạn 6 9 12 tháng thanh toán qua Kredivo;https://viettelstore.vn/dien-thoai/iphone-17-512gb-pid355078.html;Skipped
iPhone 15 256GB;Xanh Dương;Yes;24990000;19990000;2026-01-31;"Giá chỉ 19.490.000đ áp dụng với màu MÀU VÀNG
Quyền mua bao ốp trong iFinger/Likcase iPhone 15 với giá 79.0000đ
Tặng phiếu mua hàng giảm thêm 50,000đ cho củ sạc chính hãng Apple 20W/EarPods/Cable khi mua kèm iPhone/iPad/Apple Watch
Trả góp 0% trên giá khuyến mại, trả trước từ 0đ
Giảm thêm đến 1.000.000đ khi lên đời iPhone mới
Giảm thêm 500.000đ cho khách hàng hoà mạng mới mua kèm gói cước trả trước 12T5G180B cam kết 12 tháng";Giảm 50% tối đa 250.000đ giá trị đơn hàng từ 0đ đối với người mới thanh toán qua Kredivo  Giảm 5% tối đa 500.000đ áp dụng kỳ hạn 6 9 12 tháng thanh toán qua Kredivo;https://viettelstore.vn/dien-thoai/iphone-15-256gb-pid317054.html;Skipped
iPhone 16 Plus 128GB;Xanh Mòng Két;Yes;25990000;23490000;2026-01-31;"Tặng phiếu mua hàng giảm thêm 50,000đ cho củ sạc chính hãng Apple 20W/EarPods/Cable khi mua kèm iPhone/iPad/Apple Watch
Trả góp 0% trên giá khuyến mại, trả trước từ 0đ
Giảm thêm đến 1.000.000đ khi lên đời iPhone mới
Giảm thêm 1.000.000đ cho khách hàng hoà mạng mới mua kèm gói cước trả trước 12T5G180B cam kết 12 tháng";Giảm 50% tối đa 250.000đ giá trị đơn hàng từ 0đ đối với người mới thanh toán qua Kredivo  Giảm 5% tối đa 500.000đ áp dụng kỳ hạn 6 9 12 tháng thanh toán qua Kredivo;https://viettelstore.vn/dien-thoai/iphone-16-plus-pid339618.html;Skipped
iPhone 15 128GB;Xanh Dương;Yes;21990000;16690000;2026-01-31;"Giá chỉ 16.190.000đ áp dụng với màu MÀU VÀNG
Quyền mua bao ốp trong iFinger/Likcase iPhone 15 với giá 79.0000đ
Tặng phiếu mua hàng giảm thêm 50,000đ cho củ sạc chính hãng Apple 20W/EarPods/Cable khi mua kèm iPhone/iPad/Apple Watch
Trả góp 0% trên giá khuyến mại, trả trước từ 0đ
Giảm thêm đến 1.000.000đ khi lên đời iPhone mới
Giảm thêm 500.000đ cho khách hàng hoà mạng mới mua kèm gói cước trả trước 12T5G180B cam kết 12 tháng";Giảm 50% tối đa 250.000đ giá trị đơn hàng từ 0đ đối với người mới thanh toán qua Kredivo  Giảm 5% tối đa 500.000đ áp dụng kỳ hạn 6 9 12 tháng thanh toán qua Kredivo;https://viettelstore.vn/dien-thoai/iphone-15-128gb-pid317053.html;Skipped
iPhone 17 Pro 1TB;Xanh Đậm;Yes;47990000;46390000;2026-01-31;"Giá chỉ 46.390.000đ áp dụng cho màu CAM VŨ TRỤ VÀ XANH ĐẬM
Tặng phiếu mua hàng giảm thêm 50,000đ cho củ sạc chính hãng Apple 20W/EarPods/Cable khi mua kèm iPhone
Tặng phiếu mua hàng 500K mua Apple Watch/AirPods/Ốp lưng chính hãng iPhone 17 Series
Trả góp 0% trên giá khuyến mại
Giảm ngay 1.200.000đ khi mua kèm gói cước 12T5G230B
Giảm thêm lên đến 3 triệu đồng khi tham gia thu cũ đổi mới";Giảm 50% tối đa 250.000đ giá trị đơn hàng từ 0đ đối với người mới thanh toán qua Kredivo  Giảm 5% tối đa 500.000đ áp dụng kỳ hạn 6 9 12 tháng thanh toán qua Kredivo;https://viettelstore.vn/dien-thoai/iphone-17-pro-1tb-pid355085.html;Skipped
iPhone 17 Pro 512GB;Bạc;Yes;41490000;40690000;2026-01-31;"Giá chỉ 40.090.000đ áp dụng cho màu CAM VŨ TRỤ VÀ XANH ĐẬM
Tặng phiếu mua hàng giảm thêm 50,000đ cho củ sạc chính hãng Apple 20W/EarPods/Cable khi mua kèm iPhone
Tặng phiếu mua hàng 500K mua Apple Watch/AirPods/Ốp lưng chính hãng iPhone 17 Series
Trả góp 0% trên giá khuyến mại
Giảm ngay 1.200.000đ khi mua kèm gói cước 12T5G230B
Giảm thêm lên đến 3 triệu đồng khi tham gia thu cũ đổi mới";Giảm 50% tối đa 250.000đ giá trị đơn hàng từ 0đ đối với người mới thanh toán qua Kredivo  Giảm 5% tối đa 500.000đ áp dụng kỳ hạn 6 9 12 tháng thanh toán qua Kredivo;https://viettelstore.vn/dien-thoai/iphone-17-pro-512gb-pid355084.html;Skipped
iPhone 17 256GB;Xanh Lam Khói;Yes;24990000;24690000;2026-01-31;"GIẢ CHỈ CÒN 24.690.000Đ KHI MUA ONLINE
Tặng phiếu mua hàng giảm thêm 50,000đ cho củ sạc chính hãng Apple 20W/EarPods/Cable khi mua kèm iPhone
Tặng phiếu mua hàng 500K mua Apple Watch/AirPods/Ốp lưng chính hãng iPhone 17 Series
Trả góp 0% trên giá khuyến mại
Giảm ngay 1.200.000đ khi mua kèm gói cước 12T5G230B
Giảm thêm lên đến 3 triệu đồng khi tham gia thu cũ đổi mới";Giảm 50% tối đa 250.000đ giá trị đơn hàng từ 0đ đối với người mới thanh toán qua Kredivo  Giảm 5% tối đa 500.000đ áp dụng kỳ hạn 6 9 12 tháng thanh toán qua Kredivo;https://viettelstore.vn/dien-thoai/iphone-17-256gb-pid355077.html;Skipped
iPhone 17 512GB;Xanh Lam Khói;Yes;31490000;30490000;2026-01-31;"Tặng phiếu mua hàng giảm thêm 50,000đ cho củ sạc chính hãng Apple 20W/EarPods/Cable khi mua kèm iPhone
Tặng phiếu mua hàng 500K mua Apple Watch/AirPods/Ốp lưng chính hãng IP17 Series & Air
Trả góp 0% trên giá khuyến mại
Giảm ngay 1.200.000đ khi mua kèm gói cước 12T5G230B
Giảm thêm lên đến 3 triệu đồng khi tham gia thu cũ đổi mới";Giảm 50% tối đa 250.000đ giá trị đơn hàng từ 0đ đối với người mới thanh toán qua Kredivo  Giảm 5% tối đa 500.000đ áp dụng kỳ hạn 6 9 12 tháng thanh toán qua Kredivo;https://viettelstore.vn/dien-thoai/iphone-17-512gb-pid355078.html;Skipped
iPhone 16 Plus 128GB;Trắng;Yes;25990000;23490000;2026-01-31;"Tặng phiếu mua hàng giảm thêm 50,000đ cho củ sạc chính hãng Apple 20W/EarPods/Cable khi mua kèm iPhone/iPad/Apple Watch
Trả góp 0% trên giá khuyến mại, trả trước từ 0đ
Giảm thêm đến 1.000.000đ khi lên đời iPhone mới
Giảm thêm 1.000.000đ cho khách hàng hoà mạng mới mua kèm gói cước trả trước 12T5G180B cam kết 12 tháng";Giảm 50% tối đa 250.000đ giá trị đơn hàng từ 0đ đối với người mới thanh toán qua Kredivo  Giảm 5% tối đa 500.000đ áp dụng kỳ hạn 6 9 12 tháng thanh toán qua Kredivo;https://viettelstore.vn/dien-thoai/iphone-16-plus-pid339618.html;Skipped
iPhone 17 Pro 512GB;Cam Vũ Trụ;Yes;41490000;40090000;2026-01-31;"Giá chỉ 40.090.000đ áp dụng cho màu CAM VŨ TRỤ VÀ XANH ĐẬM
Tặng phiếu mua hàng giảm thêm 50,000đ cho củ sạc chính hãng Apple 20W/EarPods/Cable khi mua kèm iPhone
Tặng phiếu mua hàng 500K mua Apple Watch/AirPods/Ốp lưng chính hãng iPhone 17 Series
Trả góp 0% trên giá khuyến mại
Giảm ngay 1.200.000đ khi mua kèm gói cước 12T5G230B
Giảm thêm lên đến 3 triệu đồng khi tham gia thu cũ đổi mới";Giảm 50% tối đa 250.000đ giá trị đơn hàng từ 0đ đối với người mới thanh toán qua Kredivo  Giảm 5% tối đa 500.000đ áp dụng kỳ hạn 6 9 12 tháng thanh toán qua Kredivo;https://viettelstore.vn/dien-thoai/iphone-17-pro-512gb-pid355084.html;Skipped
iPhone 17 Pro Max 512GB;Bạc;Yes;44490000;43990000;2026-01-31;"MÀU BẠC GIÁ CHỈ CÒN 43.990.000Đ KHI MUA ONLINE
MÀU CAM VÀ XANH GIÁ CHỈ CÒN 42.990.000Đ KHI MUA ONLINE
Tặng phiếu mua hàng giảm thêm 50,000đ cho củ sạc chính hãng Apple 20W/EarPods/Cable khi mua kèm iPhone
Tặng phiếu mua hàng 500K mua Apple Watch/AirPods/Ốp lưng chính hãng iPhone 17 Series
Trả góp 0% trên giá khuyến mại
Giảm ngay 1.200.000đ khi mua kèm gói cước 12T5G230B
Giảm thêm lên đến 3 triệu đồng khi tham gia thu cũ đổi mới";Giảm 50% tối đa 250.000đ giá trị đơn hàng từ 0đ đối với người mới thanh toán qua Kredivo  Giảm 5% tối đa 500.000đ áp dụng kỳ hạn 6 9 12 tháng thanh toán qua Kredivo;https://viettelstore.vn/dien-thoai/iphone-17-pro-max-512gb-pid355088.html;Skipped
iPhone 17 256GB;Đen;Yes;24990000;24690000;2026-01-31;"GIẢ CHỈ CÒN 24.690.000Đ KHI MUA ONLINE
Tặng phiếu mua hàng giảm thêm 50,000đ cho củ sạc chính hãng Apple 20W/EarPods/Cable khi mua kèm iPhone
Tặng phiếu mua hàng 500K mua Apple Watch/AirPods/Ốp lưng chính hãng iPhone 17 Series
Trả góp 0% trên giá khuyến mại
Giảm ngay 1.200.000đ khi mua kèm gói cước 12T5G230B
Giảm thêm lên đến 3 triệu đồng khi tham gia thu cũ đổi mới";Giảm 50% tối đa 250.000đ giá trị đơn hàng từ 0đ đối với người mới thanh toán qua Kredivo  Giảm 5% tối đa 500.000đ áp dụng kỳ hạn 6 9 12 tháng thanh toán qua Kredivo;https://viettelstore.vn/dien-thoai/iphone-17-256gb-pid355077.html;Skipped
iPhone 17 512GB;Đen;Yes;31490000;30490000;2026-01-31;"Tặng phiếu mua hàng giảm thêm 50,000đ cho củ sạc chính hãng Apple 20W/EarPods/Cable khi mua kèm iPhone
Tặng phiếu mua hàng 500K mua Apple Watch/AirPods/Ốp lưng chính hãng IP17 Series & Air
Trả góp 0% trên giá khuyến mại
Giảm ngay 1.200.000đ khi mua kèm gói cước 12T5G230B
Giảm thêm lên đến 3 triệu đồng khi tham gia thu cũ đổi mới";Giảm 50% tối đa 250.000đ giá trị đơn hàng từ 0đ đối với người mới thanh toán qua Kredivo  Giảm 5% tối đa 500.000đ áp dụng kỳ hạn 6 9 12 tháng thanh toán qua Kredivo;https://viettelstore.vn/dien-thoai/iphone-17-512gb-pid355078.html;Skipped
iPhone 17 Pro 512GB;Xanh Đậm;Yes;41490000;40090000;2026-01-31;"Giá chỉ 40.090.000đ áp dụng cho màu CAM VŨ TRỤ VÀ XANH ĐẬM
Tặng phiếu mua hàng giảm thêm 50,000đ cho củ sạc chính hãng Apple 20W/EarPods/Cable khi mua kèm iPhone
Tặng phiếu mua hàng 500K mua Apple Watch/AirPods/Ốp lưng chính hãng iPhone 17 Series
Trả góp 0% trên giá khuyến mại
Giảm ngay 1.200.000đ khi mua kèm gói cước 12T5G230B
Giảm thêm lên đến 3 triệu đồng khi tham gia thu cũ đổi mới";Giảm 50% tối đa 250.000đ giá trị đơn hàng từ 0đ đối với người mới thanh toán qua Kredivo  Giảm 5% tối đa 500.000đ áp dụng kỳ hạn 6 9 12 tháng thanh toán qua Kredivo;https://viettelstore.vn/dien-thoai/iphone-17-pro-512gb-pid355084.html;Skipped
iPhone Air 1TB;Xanh Da Trời;Yes;44990000;37990000;2026-01-31;"Tặng phiếu mua hàng giảm thêm 50,000đ cho củ sạc chính hãng Apple 20W/EarPods/Cable khi mua kèm iPhone
Giảm ngay 1.200.000đ khi mua kèm gói cước 12T5G230B
Giảm thêm lên đến 3 triệu đồng khi tham gia thu cũ đổi mới
Trả góp 0% trên giá khuyến mại";Giảm 50% tối đa 250.000đ giá trị đơn hàng từ 0đ đối với người mới thanh toán qua Kredivo  Giảm 5% tối đa 500.000đ áp dụng kỳ hạn 6 9 12 tháng thanh toán qua Kredivo;https://viettelstore.vn/dien-thoai/iphone-air-1tb-pid355095.html;Skipped
iPhone 17 Pro 256GB;Bạc;Yes;34990000;34690000;2026-01-31;"Giá chỉ 34.090.000đ áp dụng cho màu CAM VŨ TRỤ VÀ XANH ĐẬM
Tặng phiếu mua hàng giảm thêm 50,000đ cho củ sạc chính hãng Apple 20W/EarPods/Cable khi mua kèm iPhone
Tặng phiếu mua hàng 500K mua Apple Watch/AirPods/Ốp lưng chính hãng iPhone 17 Series
Trả góp 0% trên giá khuyến mại
Giảm ngay 1.200.000đ khi mua kèm gói cước 12T5G230B
Giảm thêm lên đến 3 triệu đồng khi tham gia thu cũ đổi mới";Giảm 50% tối đa 250.000đ giá trị đơn hàng từ 0đ đối với người mới thanh toán qua Kredivo  Giảm 5% tối đa 500.000đ áp dụng kỳ hạn 6 9 12 tháng thanh toán qua Kredivo;https://viettelstore.vn/dien-thoai/iphone-17-pro-pid355082.html;Skipped
iPhone 17 Pro Max 256GB;Bạc;Yes;37990000;37490000;2026-01-31;"MÀU BẠC GIÁ CHỈ CÒN 37.490.000Đ KHI MUA ONLINE
MÀU CAM VÀ XANH GIÁ CHỈ CÒN 36.990.000Đ KHI MUA ONLINE
Tặng phiếu mua hàng giảm thêm 50,000đ cho củ sạc chính hãng Apple 20W/EarPods/Cable khi mua kèm iPhone
Tặng phiếu mua hàng 500K mua Apple Watch/AirPods/Ốp lưng chính hãng iPhone 17 Series
Trả góp 0% trên giá khuyến mại
Giảm ngay 1.200.000đ khi mua kèm gói cước 12T5G230B
Giảm thêm lên đến 3 triệu đồng khi tham gia thu cũ đổi mới";Giảm 50% tối đa 250.000đ giá trị đơn hàng từ 0đ đối với người mới thanh toán qua Kredivo  Giảm 5% tối đa 500.000đ áp dụng kỳ hạn 6 9 12 tháng thanh toán qua Kredivo;https://viettelstore.vn/dien-thoai/iphone-17-pro-max-pid355086.html;Skipped
iPhone 17 Pro Max 512GB;Cam Vũ Trụ;Yes;44490000;42990000;2026-01-31;"MÀU BẠC GIÁ CHỈ CÒN 43.990.000Đ KHI MUA ONLINE
MÀU CAM VÀ XANH GIÁ CHỈ CÒN 42.990.000Đ KHI MUA ONLINE
Tặng phiếu mua hàng giảm thêm 50,000đ cho củ sạc chính hãng Apple 20W/EarPods/Cable khi mua kèm iPhone
Tặng phiếu mua hàng 500K mua Apple Watch/AirPods/Ốp lưng chính hãng iPhone 17 Series
Trả góp 0% trên giá khuyến mại
Giảm ngay 1.200.000đ khi mua kèm gói cước 12T5G230B
Giảm thêm lên đến 3 triệu đồng khi tham gia thu cũ đổi mới";Giảm 50% tối đa 250.000đ giá trị đơn hàng từ 0đ đối với người mới thanh toán qua Kredivo  Giảm 5% tối đa 500.000đ áp dụng kỳ hạn 6 9 12 tháng thanh toán qua Kredivo;https://viettelstore.vn/dien-thoai/iphone-17-pro-max-512gb-pid355088.html;Skipped
iPhone 17 256GB;Trắng;Yes;24990000;24690000;2026-01-31;"GIẢ CHỈ CÒN 24.690.000Đ KHI MUA ONLINE
Tặng phiếu mua hàng giảm thêm 50,000đ cho củ sạc chính hãng Apple 20W/EarPods/Cable khi mua kèm iPhone
Tặng phiếu mua hàng 500K mua Apple Watch/AirPods/Ốp lưng chính hãng iPhone 17 Series
Trả góp 0% trên giá khuyến mại
Giảm ngay 1.200.000đ khi mua kèm gói cước 12T5G230B
Giảm thêm lên đến 3 triệu đồng khi tham gia thu cũ đổi mới";Giảm 50% tối đa 250.000đ giá trị đơn hàng từ 0đ đối với người mới thanh toán qua Kredivo  Giảm 5% tối đa 500.000đ áp dụng kỳ hạn 6 9 12 tháng thanh toán qua Kredivo;https://viettelstore.vn/dien-thoai/iphone-17-256gb-pid355077.html;Skipped
iPhone 17 512GB;Trắng;Yes;31490000;30490000;2026-01-31;"Tặng phiếu mua hàng giảm thêm 50,000đ cho củ sạc chính hãng Apple 20W/EarPods/Cable khi mua kèm iPhone
Tặng phiếu mua hàng 500K mua Apple Watch/AirPods/Ốp lưng chính hãng IP17 Series & Air
Trả góp 0% trên giá khuyến mại
Giảm ngay 1.200.000đ khi mua kèm gói cước 12T5G230B
Giảm thêm lên đến 3 triệu đồng khi tham gia thu cũ đổi mới";Giảm 50% tối đa 250.000đ giá trị đơn hàng từ 0đ đối với người mới thanh toán qua Kredivo  Giảm 5% tối đa 500.000đ áp dụng kỳ hạn 6 9 12 tháng thanh toán qua Kredivo;https://viettelstore.vn/dien-thoai/iphone-17-512gb-pid355078.html;Skipped
iPhone 17 Pro Max 1TB;Bạc;Yes;50990000;50990000;2026-01-31;"Tặng phiếu mua hàng giảm thêm 50,000đ cho củ sạc chính hãng Apple 20W/EarPods/Cable khi mua kèm iPhone
Tặng phiếu mua hàng 500K mua Apple Watch/AirPods/Ốp lưng chính hãng iPhone 17 Series
Trả góp 0% trên giá khuyến mại
Giảm ngay 1.200.000đ khi mua kèm gói cước 12T5G230B
Giảm thêm lên đến 3 triệu đồng khi tham gia thu cũ đổi mới";Giảm 50% tối đa 250.000đ giá trị đơn hàng từ 0đ đối với người mới thanh toán qua Kredivo  Giảm 5% tối đa 500.000đ áp dụng kỳ hạn 6 9 12 tháng thanh toán qua Kredivo;https://viettelstore.vn/dien-thoai/iphone-17-pro-max-1tb-pid355089.html;Skipped
iPhone Air 1TB;Vàng Nhạt;Yes;44990000;37990000;2026-01-31;"Tặng phiếu mua hàng giảm thêm 50,000đ cho củ sạc chính hãng Apple 20W/EarPods/Cable khi mua kèm iPhone
Giảm ngay 1.200.000đ khi mua kèm gói cước 12T5G230B
Giảm thêm lên đến 3 triệu đồng khi tham gia thu cũ đổi mới
Trả góp 0% trên giá khuyến mại";Giảm 50% tối đa 250.000đ giá trị đơn hàng từ 0đ đối với người mới thanh toán qua Kredivo  Giảm 5% tối đa 500.000đ áp dụng kỳ hạn 6 9 12 tháng thanh toán qua Kredivo;https://viettelstore.vn/dien-thoai/iphone-air-1tb-pid355095.html;Skipped
iPhone 17 Pro 256GB;Cam Vũ Trụ;Yes;34990000;34090000;2026-01-31;"Giá chỉ 34.090.000đ áp dụng cho màu CAM VŨ TRỤ VÀ XANH ĐẬM
Tặng phiếu mua hàng giảm thêm 50,000đ cho củ sạc chính hãng Apple 20W/EarPods/Cable khi mua kèm iPhone
Tặng phiếu mua hàng 500K mua Apple Watch/AirPods/Ốp lưng chính hãng iPhone 17 Series
Trả góp 0% trên giá khuyến mại
Giảm ngay 1.200.000đ khi mua kèm gói cước 12T5G230B
Giảm thêm lên đến 3 triệu đồng khi tham gia thu cũ đổi mới";Giảm 50% tối đa 250.000đ giá trị đơn hàng từ 0đ đối với người mới thanh toán qua Kredivo  Giảm 5% tối đa 500.000đ áp dụng kỳ hạn 6 9 12 tháng thanh toán qua Kredivo;https://viettelstore.vn/dien-thoai/iphone-17-pro-pid355082.html;Skipped
iPhone Air 512GB;Xanh Da Trời;Yes;38490000;32290000;2026-01-31;"Tặng phiếu mua hàng giảm thêm 50,000đ cho củ sạc chính hãng Apple 20W/EarPods/Cable khi mua kèm iPhone
Giảm ngay 1.200.000đ khi mua kèm gói cước 12T5G230B
Giảm thêm lên đến 3 triệu đồng khi tham gia thu cũ đổi mới
Trả góp 0% trên giá khuyến mại";Giảm 50% tối đa 250.000đ giá trị đơn hàng từ 0đ đối với người mới thanh toán qua Kredivo  Giảm 5% tối đa 500.000đ áp dụng kỳ hạn 6 9 12 tháng thanh toán qua Kredivo;https://viettelstore.vn/dien-thoai/iphone-air-512gb-pid355094.html;Skipped
iPhone 17 Pro Max 256GB;Cam Vũ Trụ;Yes;37990000;36990000;2026-01-31;"MÀU BẠC GIÁ CHỈ CÒN 37.490.000Đ KHI MUA ONLINE
MÀU CAM VÀ XANH GIÁ CHỈ CÒN 36.990.000Đ KHI MUA ONLINE
Tặng phiếu mua hàng giảm thêm 50,000đ cho củ sạc chính hãng Apple 20W/EarPods/Cable khi mua kèm iPhone
Tặng phiếu mua hàng 500K mua Apple Watch/AirPods/Ốp lưng chính hãng iPhone 17 Series
Trả góp 0% trên giá khuyến mại
Giảm ngay 1.200.000đ khi mua kèm gói cước 12T5G230B
Giảm thêm lên đến 3 triệu đồng khi tham gia thu cũ đổi mới";Giảm 50% tối đa 250.000đ giá trị đơn hàng từ 0đ đối với người mới thanh toán qua Kredivo  Giảm 5% tối đa 500.000đ áp dụng kỳ hạn 6 9 12 tháng thanh toán qua Kredivo;https://viettelstore.vn/dien-thoai/iphone-17-pro-max-pid355086.html;Skipped
iPhone 17 Pro Max 512GB;Xanh Đậm;Yes;44490000;42990000;2026-01-31;"MÀU BẠC GIÁ CHỈ CÒN 43.990.000Đ KHI MUA ONLINE
MÀU CAM VÀ XANH GIÁ CHỈ CÒN 42.990.000Đ KHI MUA ONLINE
Tặng phiếu mua hàng giảm thêm 50,000đ cho củ sạc chính hãng Apple 20W/EarPods/Cable khi mua kèm iPhone
Tặng phiếu mua hàng 500K mua Apple Watch/AirPods/Ốp lưng chính hãng iPhone 17 Series
Trả góp 0% trên giá khuyến mại
Giảm ngay 1.200.000đ khi mua kèm gói cước 12T5G230B
Giảm thêm lên đến 3 triệu đồng khi tham gia thu cũ đổi mới";Giảm 50% tối đa 250.000đ giá trị đơn hàng từ 0đ đối với người mới thanh toán qua Kredivo  Giảm 5% tối đa 500.000đ áp dụng kỳ hạn 6 9 12 tháng thanh toán qua Kredivo;https://viettelstore.vn/dien-thoai/iphone-17-pro-max-512gb-pid355088.html;Skipped
iPhone 17 Pro Max 256GB;Xanh Đậm;Yes;37990000;36990000;2026-01-31;"MÀU BẠC GIÁ CHỈ CÒN 37.490.000Đ KHI MUA ONLINE
MÀU CAM VÀ XANH GIÁ CHỈ CÒN 36.990.000Đ KHI MUA ONLINE
Tặng phiếu mua hàng giảm thêm 50,000đ cho củ sạc chính hãng Apple 20W/EarPods/Cable khi mua kèm iPhone
Tặng phiếu mua hàng 500K mua Apple Watch/AirPods/Ốp lưng chính hãng iPhone 17 Series
Trả góp 0% trên giá khuyến mại
Giảm ngay 1.200.000đ khi mua kèm gói cước 12T5G230B
Giảm thêm lên đến 3 triệu đồng khi tham gia thu cũ đổi mới";Giảm 50% tối đa 250.000đ giá trị đơn hàng từ 0đ đối với người mới thanh toán qua Kredivo  Giảm 5% tối đa 500.000đ áp dụng kỳ hạn 6 9 12 tháng thanh toán qua Kredivo;https://viettelstore.vn/dien-thoai/iphone-17-pro-max-pid355086.html;Skipped
iPhone Air 1TB;Trắng Mây;Yes;44990000;37990000;2026-01-31;"Tặng phiếu mua hàng giảm thêm 50,000đ cho củ sạc chính hãng Apple 20W/EarPods/Cable khi mua kèm iPhone
Giảm ngay 1.200.000đ khi mua kèm gói cước 12T5G230B
Giảm thêm lên đến 3 triệu đồng khi tham gia thu cũ đổi mới
Trả góp 0% trên giá khuyến mại";Giảm 50% tối đa 250.000đ giá trị đơn hàng từ 0đ đối với người mới thanh toán qua Kredivo  Giảm 5% tối đa 500.000đ áp dụng kỳ hạn 6 9 12 tháng thanh toán qua Kredivo;https://viettelstore.vn/dien-thoai/iphone-air-1tb-pid355095.html;Skipped
iPhone 17 Pro 256GB;Xanh Đậm;Yes;34990000;34090000;2026-01-31;"Giá chỉ 34.090.000đ áp dụng cho màu CAM VŨ TRỤ VÀ XANH ĐẬM
Tặng phiếu mua hàng giảm thêm 50,000đ cho củ sạc chính hãng Apple 20W/EarPods/Cable khi mua kèm iPhone
Tặng phiếu mua hàng 500K mua Apple Watch/AirPods/Ốp lưng chính hãng iPhone 17 Series
Trả góp 0% trên giá khuyến mại
Giảm ngay 1.200.000đ khi mua kèm gói cước 12T5G230B
Giảm thêm lên đến 3 triệu đồng khi tham gia thu cũ đổi mới";Giảm 50% tối đa 250.000đ giá trị đơn hàng từ 0đ đối với người mới thanh toán qua Kredivo  Giảm 5% tối đa 500.000đ áp dụng kỳ hạn 6 9 12 tháng thanh toán qua Kredivo;https://viettelstore.vn/dien-thoai/iphone-17-pro-pid355082.html;Skipped
iPhone Air 512GB;Vàng Nhạt;Yes;38490000;32290000;2026-01-31;"Tặng phiếu mua hàng giảm thêm 50,000đ cho củ sạc chính hãng Apple 20W/EarPods/Cable khi mua kèm iPhone
Giảm ngay 1.200.000đ khi mua kèm gói cước 12T5G230B
Giảm thêm lên đến 3 triệu đồng khi tham gia thu cũ đổi mới
Trả góp 0% trên giá khuyến mại";Giảm 50% tối đa 250.000đ giá trị đơn hàng từ 0đ đối với người mới thanh toán qua Kredivo  Giảm 5% tối đa 500.000đ áp dụng kỳ hạn 6 9 12 tháng thanh toán qua Kredivo;https://viettelstore.vn/dien-thoai/iphone-air-512gb-pid355094.html;Skipped
iPhone 17 Pro Max 1TB;Cam Vũ Trụ;Yes;50990000;50990000;2026-01-31;"Tặng phiếu mua hàng giảm thêm 50,000đ cho củ sạc chính hãng Apple 20W/EarPods/Cable khi mua kèm iPhone
Tặng phiếu mua hàng 500K mua Apple Watch/AirPods/Ốp lưng chính hãng iPhone 17 Series
Trả góp 0% trên giá khuyến mại
Giảm ngay 1.200.000đ khi mua kèm gói cước 12T5G230B
Giảm thêm lên đến 3 triệu đồng khi tham gia thu cũ đổi mới";Giảm 50% tối đa 250.000đ giá trị đơn hàng từ 0đ đối với người mới thanh toán qua Kredivo  Giảm 5% tối đa 500.000đ áp dụng kỳ hạn 6 9 12 tháng thanh toán qua Kredivo;https://viettelstore.vn/dien-thoai/iphone-17-pro-max-1tb-pid355089.html;Skipped
iPhone 17 Pro Max 2TB;Bạc;Yes;63990000;63490000;2026-01-31;"GIÁ chỉ 62.490.000đ cho màu CAM VŨ TRỤ
Tặng phiếu mua hàng giảm thêm 50,000đ cho củ sạc chính hãng Apple 20W/EarPods/Cable khi mua kèm iPhone
Tặng phiếu mua hàng 500K mua Apple Watch/AirPods/Ốp lưng chính hãng IP17 Series & Air
Trả góp 0% trên giá khuyến mại
Giảm ngay 1.200.000đ khi mua kèm gói cước 12T5G230B
Giảm thêm lên đến 3 triệu đồng khi tham gia thu cũ đổi mới";Giảm 50% tối đa 250.000đ giá trị đơn hàng từ 0đ đối với người mới thanh toán qua Kredivo  Giảm 5% tối đa 500.000đ áp dụng kỳ hạn 6 9 12 tháng thanh toán qua Kredivo;https://viettelstore.vn/dien-thoai/iphone-17-pro-max-2tb-pid355578.html;Skipped
iPhone Air 1TB;Đen Không Gian;Yes;44990000;37990000;2026-01-31;"Tặng phiếu mua hàng giảm thêm 50,000đ cho củ sạc chính hãng Apple 20W/EarPods/Cable khi mua kèm iPhone
Giảm ngay 1.200.000đ khi mua kèm gói cước 12T5G230B
Giảm thêm lên đến 3 triệu đồng khi tham gia thu cũ đổi mới
Trả góp 0% trên giá khuyến mại";Giảm 50% tối đa 250.000đ giá trị đơn hàng từ 0đ đối với người mới thanh toán qua Kredivo  Giảm 5% tối đa 500.000đ áp dụng kỳ hạn 6 9 12 tháng thanh toán qua Kredivo;https://viettelstore.vn/dien-thoai/iphone-air-1tb-pid355095.html;Skipped
iPhone Air 512GB;Trắng Mây;Yes;38490000;32290000;2026-01-31;"Tặng phiếu mua hàng giảm thêm 50,000đ cho củ sạc chính hãng Apple 20W/EarPods/Cable khi mua kèm iPhone
Giảm ngay 1.200.000đ khi mua kèm gói cước 12T5G230B
Giảm thêm lên đến 3 triệu đồng khi tham gia thu cũ đổi mới
Trả góp 0% trên giá khuyến mại";Giảm 50% tối đa 250.000đ giá trị đơn hàng từ 0đ đối với người mới thanh toán qua Kredivo  Giảm 5% tối đa 500.000đ áp dụng kỳ hạn 6 9 12 tháng thanh toán qua Kredivo;https://viettelstore.vn/dien-thoai/iphone-air-512gb-pid355094.html;Skipped
iPhone 17 Pro Max 1TB;Xanh Đậm;Yes;50990000;50990000;2026-01-31;"Tặng phiếu mua hàng giảm thêm 50,000đ cho củ sạc chính hãng Apple 20W/EarPods/Cable khi mua kèm iPhone
Tặng phiếu mua hàng 500K mua Apple Watch/AirPods/Ốp lưng chính hãng iPhone 17 Series
Trả góp 0% trên giá khuyến mại
Giảm ngay 1.200.000đ khi mua kèm gói cước 12T5G230B
Giảm thêm lên đến 3 triệu đồng khi tham gia thu cũ đổi mới";Giảm 50% tối đa 250.000đ giá trị đơn hàng từ 0đ đối với người mới thanh toán qua Kredivo  Giảm 5% tối đa 500.000đ áp dụng kỳ hạn 6 9 12 tháng thanh toán qua Kredivo;https://viettelstore.vn/dien-thoai/iphone-17-pro-max-1tb-pid355089.html;Skipped
iPhone 17 Pro Max 2TB;Cam Vũ Trụ;Yes;63990000;62490000;2026-01-31;"GIÁ chỉ 62.490.000đ cho màu CAM VŨ TRỤ
Tặng phiếu mua hàng giảm thêm 50,000đ cho củ sạc chính hãng Apple 20W/EarPods/Cable khi mua kèm iPhone
Tặng phiếu mua hàng 500K mua Apple Watch/AirPods/Ốp lưng chính hãng IP17 Series & Air
Trả góp 0% trên giá khuyến mại
Giảm ngay 1.200.000đ khi mua kèm gói cước 12T5G230B
Giảm thêm lên đến 3 triệu đồng khi tham gia thu cũ đổi mới";Giảm 50% tối đa 250.000đ giá trị đơn hàng từ 0đ đối với người mới thanh toán qua Kredivo  Giảm 5% tối đa 500.000đ áp dụng kỳ hạn 6 9 12 tháng thanh toán qua Kredivo;https://viettelstore.vn/dien-thoai/iphone-17-pro-max-2tb-pid355578.html;Skipped
iPhone 17 Pro Max 2TB;Xanh Đậm;No;63990000;62490000;2026-01-31;"GIÁ chỉ 62.490.000đ cho màu CAM VŨ TRỤ
Tặng phiếu mua hàng giảm thêm 50,000đ cho củ sạc chính hãng Apple 20W/EarPods/Cable khi mua kèm iPhone
Tặng phiếu mua hàng 500K mua Apple Watch/AirPods/Ốp lưng chính hãng IP17 Series & Air
Trả góp 0% trên giá khuyến mại
Giảm ngay 1.200.000đ khi mua kèm gói cước 12T5G230B
Giảm thêm lên đến 3 triệu đồng khi tham gia thu cũ đổi mới";Giảm 50% tối đa 250.000đ giá trị đơn hàng từ 0đ đối với người mới thanh toán qua Kredivo  Giảm 5% tối đa 500.000đ áp dụng kỳ hạn 6 9 12 tháng thanh toán qua Kredivo;https://viettelstore.vn/dien-thoai/iphone-17-pro-max-2tb-pid355578.html;Skipped
iPhone Air 512GB;Đen Không Gian;Yes;38490000;32290000;2026-01-31;"Tặng phiếu mua hàng giảm thêm 50,000đ cho củ sạc chính hãng Apple 20W/EarPods/Cable khi mua kèm iPhone
Giảm ngay 1.200.000đ khi mua kèm gói cước 12T5G230B
Giảm thêm lên đến 3 triệu đồng khi tham gia thu cũ đổi mới
Trả góp 0% trên giá khuyến mại";Giảm 50% tối đa 250.000đ giá trị đơn hàng từ 0đ đối với người mới thanh toán qua Kredivo  Giảm 5% tối đa 500.000đ áp dụng kỳ hạn 6 9 12 tháng thanh toán qua Kredivo;https://viettelstore.vn/dien-thoai/iphone-air-512gb-pid355094.html;Skipped
Apple Watch SE 2 GPS 40mm Sport Band S/M;Xanh Đen;No;6290000;4690000;2026-01-31;"Giá khuyến mại áp dụng tới 30/06 (Số lượng có hạn)
Áp dụng tại siêu thị còn hàng";Giảm 50% tối đa 250.000đ giá trị đơn hàng từ 0đ đối với người mới thanh toán qua Kredivo  Giảm 5% tối đa 500.000đ áp dụng kỳ hạn 6 9 12 tháng thanh toán qua Kredivo;https://viettelstore.vn/dong-ho-thong-minh/apple-watch-se-2-gps-40mm-sport-band-s-m-pid347390.html;Skipped
Apple Watch SE 2 GPS 40mm Sport Band S/M;Ánh Sao;No;6290000;4690000;2026-01-31;"Giá khuyến mại áp dụng tới 30/06 (Số lượng có hạn)
Áp dụng tại siêu thị còn hàng";Giảm 50% tối đa 250.000đ giá trị đơn hàng từ 0đ đối với người mới thanh toán qua Kredivo  Giảm 5% tối đa 500.000đ áp dụng kỳ hạn 6 9 12 tháng thanh toán qua Kredivo;https://viettelstore.vn/dong-ho-thong-minh/apple-watch-se-2-gps-40mm-sport-band-s-m-pid347390.html;Skipped
Apple Watch SE 2 GPS 40mm Sport Loop;Xanh Đen;No;6290000;4290000;2026-01-31;"Giá khuyến mại áp dụng tới 30/06 (Số lượng có hạn)
Áp dụng tại siêu thị còn hàng";Giảm 50% tối đa 250.000đ giá trị đơn hàng từ 0đ đối với người mới thanh toán qua Kredivo  Giảm 5% tối đa 500.000đ áp dụng kỳ hạn 6 9 12 tháng thanh toán qua Kredivo;https://viettelstore.vn/dong-ho-thong-minh/apple-watch-se-2-gps-40mm-sport-loop-pid347391.html;Skipped
Apple Watch SE 2 GPS 40mm Sport Loop;Bạc;No;6290000;4290000;2026-01-31;"Giá khuyến mại áp dụng tới 30/06 (Số lượng có hạn)
Áp dụng tại siêu thị còn hàng";Giảm 50% tối đa 250.000đ giá trị đơn hàng từ 0đ đối với người mới thanh toán qua Kredivo  Giảm 5% tối đa 500.000đ áp dụng kỳ hạn 6 9 12 tháng thanh toán qua Kredivo;https://viettelstore.vn/dong-ho-thong-minh/apple-watch-se-2-gps-40mm-sport-loop-pid347391.html;Skipped
Apple Watch SE 2 Cellular 40mm Sport Loop;Xanh Đen;No;7790000;4490000;2026-01-31;"Giá khuyến mại áp dụng tới 30/06 (Số lượng có hạn)
Áp dụng tại siêu thị còn hàng";Giảm 50% tối đa 250.000đ giá trị đơn hàng từ 0đ đối với người mới thanh toán qua Kredivo  Giảm 5% tối đa 500.000đ áp dụng kỳ hạn 6 9 12 tháng thanh toán qua Kredivo;https://viettelstore.vn/dong-ho-thong-minh/apple-watch-se-2-cellular-40mm-sport-loop-pid347395.html;Skipped
Apple Watch SE 2 Cellular 40mm Sport Loop;Bạc;No;7790000;4490000;2026-01-31;"Giá khuyến mại áp dụng tới 30/06 (Số lượng có hạn)
Áp dụng tại siêu thị còn hàng";Giảm 50% tối đa 250.000đ giá trị đơn hàng từ 0đ đối với người mới thanh toán qua Kredivo  Giảm 5% tối đa 500.000đ áp dụng kỳ hạn 6 9 12 tháng thanh toán qua Kredivo;https://viettelstore.vn/dong-ho-thong-minh/apple-watch-se-2-cellular-40mm-sport-loop-pid347395.html;Skipped
Apple Watch SE 2 Cellular 40mm Sport Loop;Ánh Sao;No;7790000;4490000;2026-01-31;"Giá khuyến mại áp dụng tới 30/06 (Số lượng có hạn)
Áp dụng tại siêu thị còn hàng";Giảm 50% tối đa 250.000đ giá trị đơn hàng từ 0đ đối với người mới thanh toán qua Kredivo  Giảm 5% tối đa 500.000đ áp dụng kỳ hạn 6 9 12 tháng thanh toán qua Kredivo;https://viettelstore.vn/dong-ho-thong-minh/apple-watch-se-2-cellular-40mm-sport-loop-pid347395.html;Skipped
Apple Watch SE 2 GPS 40mm Sport Loop;Ánh Sao;Yes;6290000;4290000;2026-01-31;"Giá khuyến mại áp dụng tới 30/06 (Số lượng có hạn)
Áp dụng tại siêu thị còn hàng";Giảm 50% tối đa 250.000đ giá trị đơn hàng từ 0đ đối với người mới thanh toán qua Kredivo  Giảm 5% tối đa 500.000đ áp dụng kỳ hạn 6 9 12 tháng thanh toán qua Kredivo;https://viettelstore.vn/dong-ho-thong-minh/apple-watch-se-2-gps-40mm-sport-loop-pid347391.html;Skipped
Apple Watch SE 2 GPS 44mm Sport Loop;Xanh Đen;No;7290000;3490000;2026-01-31;"Giá khuyến mại áp dụng tới 30/06 (Số lượng có hạn)
Áp dụng tại siêu thị còn hàng";Giảm 50% tối đa 250.000đ giá trị đơn hàng từ 0đ đối với người mới thanh toán qua Kredivo  Giảm 5% tối đa 500.000đ áp dụng kỳ hạn 6 9 12 tháng thanh toán qua Kredivo;https://viettelstore.vn/dong-ho-thong-minh/apple-watch-se-2-gps-44mm-sport-loop-pid347393.html;Skipped
Apple Watch SE 2 GPS 44mm Sport Loop;Bạc;No;7290000;3490000;2026-01-31;"Giá khuyến mại áp dụng tới 30/06 (Số lượng có hạn)
Áp dụng tại siêu thị còn hàng";Giảm 50% tối đa 250.000đ giá trị đơn hàng từ 0đ đối với người mới thanh toán qua Kredivo  Giảm 5% tối đa 500.000đ áp dụng kỳ hạn 6 9 12 tháng thanh toán qua Kredivo;https://viettelstore.vn/dong-ho-thong-minh/apple-watch-se-2-gps-44mm-sport-loop-pid347393.html;Skipped
Apple Watch SE 3 Viền Nhôm Cellular 40mm Dây cao su S/M;Đêm Xanh Thẳm;Yes;8990000;7990000;2026-01-31;"Giảm thêm 500.000đ cho Apple Watch khi mua kèm iPhone 17 Series
Trả góp 0% trên giá 8.990.000đ
Phiếu mua hàng mua Củ sạc chính hãng Apple 20W/EarPods/Cable trị giá 50.000đ
Miễn phí cài đặt eSIM hoặc miễn phí duy trì eSIM trên Apple Watch trong vòng 6 tháng đầu tiên.";Giảm 50% tối đa 250.000đ giá trị đơn hàng từ 0đ đối với người mới thanh toán qua Kredivo  Giảm 5% tối đa 500.000đ áp dụng kỳ hạn 6 9 12 tháng thanh toán qua Kredivo;https://viettelstore.vn/dong-ho-thong-minh/apple-watch-se-3-vien-nhom-cellular-40mm-day-cao-su-s-m-pid355613.html;Skipped
Apple Watch SE 3 Viền Nhôm Cellular 44mm Dây cao su M/L;Đêm Xanh Thẳm;Yes;9490000;8990000;2026-01-31;"Giảm thêm 500.000đ cho Apple Watch khi mua kèm iPhone 17 Series
Trả góp 0% trên giá 8.990.000đ
Phiếu mua hàng mua Củ sạc chính hãng Apple 20W/EarPods/Cable trị giá 50.000đ
Miễn phí cài đặt eSIM hoặc miễn phí duy trì eSIM trên Apple Watch trong vòng 6 tháng đầu tiên.";Giảm 50% tối đa 250.000đ giá trị đơn hàng từ 0đ đối với người mới thanh toán qua Kredivo  Giảm 5% tối đa 500.000đ áp dụng kỳ hạn 6 9 12 tháng thanh toán qua Kredivo;https://viettelstore.vn/dong-ho-thong-minh/apple-watch-se-3-vien-nhom-cellular-44mm-day-cao-su-m-l-pid355614.html;Skipped
Apple Watch SE 3 Viền Nhôm Cellular 40mm Dây cao su S/M;Ánh Sao;Yes;8990000;7990000;2026-01-31;"Giảm thêm 500.000đ cho Apple Watch khi mua kèm iPhone 17 Series
Trả góp 0% trên giá 8.990.000đ
Phiếu mua hàng mua Củ sạc chính hãng Apple 20W/EarPods/Cable trị giá 50.000đ
Miễn phí cài đặt eSIM hoặc miễn phí duy trì eSIM trên Apple Watch trong vòng 6 tháng đầu tiên.";Giảm 50% tối đa 250.000đ giá trị đơn hàng từ 0đ đối với người mới thanh toán qua Kredivo  Giảm 5% tối đa 500.000đ áp dụng kỳ hạn 6 9 12 tháng thanh toán qua Kredivo;https://viettelstore.vn/dong-ho-thong-minh/apple-watch-se-3-vien-nhom-cellular-40mm-day-cao-su-s-m-pid355613.html;Skipped
Apple Watch SE 3 Viền Nhôm Cellular 44mm Dây cao su M/L;Ánh Sao;Yes;9490000;8990000;2026-01-31;"Giảm thêm 500.000đ cho Apple Watch khi mua kèm iPhone 17 Series
Trả góp 0% trên giá 8.990.000đ
Phiếu mua hàng mua Củ sạc chính hãng Apple 20W/EarPods/Cable trị giá 50.000đ
Miễn phí cài đặt eSIM hoặc miễn phí duy trì eSIM trên Apple Watch trong vòng 6 tháng đầu tiên.";Giảm 50% tối đa 250.000đ giá trị đơn hàng từ 0đ đối với người mới thanh toán qua Kredivo  Giảm 5% tối đa 500.000đ áp dụng kỳ hạn 6 9 12 tháng thanh toán qua Kredivo;https://viettelstore.vn/dong-ho-thong-minh/apple-watch-se-3-vien-nhom-cellular-44mm-day-cao-su-m-l-pid355614.html;Skipped
Apple Watch Series 10 GPS 42mm Dây Cao Su S/M;Đen Bóng;Yes;10990000;7990000;2026-01-31;Giá áp dụng tới 31/12;Giảm 50% tối đa 250.000đ giá trị đơn hàng từ 0đ đối với người mới thanh toán qua Kredivo  Giảm 5% tối đa 500.000đ áp dụng kỳ hạn 6 9 12 tháng thanh toán qua Kredivo;https://viettelstore.vn/dong-ho-thong-minh/apple-watch-series-10-gps-42mm-day-cao-su-s-m-pid340025.html;Skipped
Apple Watch SE 3 Viền Nhôm GPS 44mm Dây cao su M/L;Đêm Xanh Thẳm;Yes;7990000;7390000;2026-01-31;"Giảm thêm 500.000đ cho Apple Watch khi mua kèm iPhone 17 Series
Trả góp 0% trên giá 7.690.000đ
Phiếu mua hàng mua Củ sạc chính hãng Apple 20W/EarPods/Cable trị giá 50.000đ";Giảm 50% tối đa 250.000đ giá trị đơn hàng từ 0đ đối với người mới thanh toán qua Kredivo  Giảm 5% tối đa 500.000đ áp dụng kỳ hạn 6 9 12 tháng thanh toán qua Kredivo;https://viettelstore.vn/dong-ho-thong-minh/apple-watch-se-3-vien-nhom-gps-44mm-day-cao-su-s-m-pid355616.html;Skipped
Apple Watch Series 10 GPS 42mm Dây Vải;Đen Bóng;Yes;10990000;7990000;2026-01-31;Giá áp dụng tới 31/12;Giảm 50% tối đa 250.000đ giá trị đơn hàng từ 0đ đối với người mới thanh toán qua Kredivo  Giảm 5% tối đa 500.000đ áp dụng kỳ hạn 6 9 12 tháng thanh toán qua Kredivo;https://viettelstore.vn/dong-ho-thong-minh/apple-watch-series-10-gps-42mm-day-vai-pid340026.html;Skipped
Apple Watch Series 10 GPS 42mm Dây Cao Su S/M;Bạc;Yes;10990000;7990000;2026-01-31;Giá áp dụng tới 31/12;Giảm 50% tối đa 250.000đ giá trị đơn hàng từ 0đ đối với người mới thanh toán qua Kredivo  Giảm 5% tối đa 500.000đ áp dụng kỳ hạn 6 9 12 tháng thanh toán qua Kredivo;https://viettelstore.vn/dong-ho-thong-minh/apple-watch-series-10-gps-42mm-day-cao-su-s-m-pid340025.html;Skipped
Apple Watch SE 3 Viền Nhôm GPS 44mm Dây cao su M/L;Ánh Sao;Yes;7990000;7390000;2026-01-31;"Giảm thêm 500.000đ cho Apple Watch khi mua kèm iPhone 17 Series
Trả góp 0% trên giá 7.690.000đ
Phiếu mua hàng mua Củ sạc chính hãng Apple 20W/EarPods/Cable trị giá 50.000đ";Giảm 50% tối đa 250.000đ giá trị đơn hàng từ 0đ đối với người mới thanh toán qua Kredivo  Giảm 5% tối đa 500.000đ áp dụng kỳ hạn 6 9 12 tháng thanh toán qua Kredivo;https://viettelstore.vn/dong-ho-thong-minh/apple-watch-se-3-vien-nhom-gps-44mm-day-cao-su-s-m-pid355616.html;Skipped
Apple Watch Series 10 GPS 42mm Dây Vải;Bạc;Yes;10990000;7990000;2026-01-31;Giá áp dụng tới 31/12;Giảm 50% tối đa 250.000đ giá trị đơn hàng từ 0đ đối với người mới thanh toán qua Kredivo  Giảm 5% tối đa 500.000đ áp dụng kỳ hạn 6 9 12 tháng thanh toán qua Kredivo;https://viettelstore.vn/dong-ho-thong-minh/apple-watch-series-10-gps-42mm-day-vai-pid340026.html;Skipped
Apple Watch Series 10 GPS 42mm Dây Cao Su S/M;Vàng Hồng;Yes;10990000;7990000;2026-01-31;Giá áp dụng tới 31/12;Giảm 50% tối đa 250.000đ giá trị đơn hàng từ 0đ đối với người mới thanh toán qua Kredivo  Giảm 5% tối đa 500.000đ áp dụng kỳ hạn 6 9 12 tháng thanh toán qua Kredivo;https://viettelstore.vn/dong-ho-thong-minh/apple-watch-series-10-gps-42mm-day-cao-su-s-m-pid340025.html;Skipped
Apple Watch Series 10 GPS 42mm Dây Vải;Vàng Hồng;Yes;10990000;7990000;2026-01-31;Giá áp dụng tới 31/12;Giảm 50% tối đa 250.000đ giá trị đơn hàng từ 0đ đối với người mới thanh toán qua Kredivo  Giảm 5% tối đa 500.000đ áp dụng kỳ hạn 6 9 12 tháng thanh toán qua Kredivo;https://viettelstore.vn/dong-ho-thong-minh/apple-watch-series-10-gps-42mm-day-vai-pid340026.html;Skipped
Apple Watch Series 10 GPS 46mm Dây Vải;Đen Bóng;Yes;11790000;10590000;2026-01-31;"Giảm thêm 500.000đ cho Apple Watch khi mua kèm iPhone 17 Series
Trả góp 0% trên giá 11.490.000đ
Phiếu mua hàng mua Củ sạc chính hãng Apple 20W/EarPods/Cable trị giá 50.000đ";Giảm 50% tối đa 250.000đ giá trị đơn hàng từ 0đ đối với người mới thanh toán qua Kredivo  Giảm 5% tối đa 500.000đ áp dụng kỳ hạn 6 9 12 tháng thanh toán qua Kredivo;https://viettelstore.vn/dong-ho-thong-minh/apple-watch-series-10-gps-46mm-day-vai-pid340028.html;Skipped
Apple Watch Series 10 GPS 46mm Dây Vải;Bạc;Yes;11790000;10590000;2026-01-31;"Giảm thêm 500.000đ cho Apple Watch khi mua kèm iPhone 17 Series
Trả góp 0% trên giá 11.490.000đ
Phiếu mua hàng mua Củ sạc chính hãng Apple 20W/EarPods/Cable trị giá 50.000đ";Giảm 50% tối đa 250.000đ giá trị đơn hàng từ 0đ đối với người mới thanh toán qua Kredivo  Giảm 5% tối đa 500.000đ áp dụng kỳ hạn 6 9 12 tháng thanh toán qua Kredivo;https://viettelstore.vn/dong-ho-thong-minh/apple-watch-series-10-gps-46mm-day-vai-pid340028.html;Skipped
Apple Watch Series 10 GPS 46mm Dây Vải;Vàng Hồng;Yes;11790000;10590000;2026-01-31;"Giảm thêm 500.000đ cho Apple Watch khi mua kèm iPhone 17 Series
Trả góp 0% trên giá 11.490.000đ
Phiếu mua hàng mua Củ sạc chính hãng Apple 20W/EarPods/Cable trị giá 50.000đ";Giảm 50% tối đa 250.000đ giá trị đơn hàng từ 0đ đối với người mới thanh toán qua Kredivo  Giảm 5% tối đa 500.000đ áp dụng kỳ hạn 6 9 12 tháng thanh toán qua Kredivo;https://viettelstore.vn/dong-ho-thong-minh/apple-watch-series-10-gps-46mm-day-vai-pid340028.html;Skipped
Apple Watch Series 11 Viền Nhôm Cellular 42mm Dây cao su S/M;Xám Không Gian;Yes;14490000;13990000;2026-01-31;"Giảm thêm 500.000đ cho Apple Watch khi mua kèm iPhone 17 Series
Trả góp 0% trên giá 13.990.000đ
Phiếu mua hàng mua Củ sạc chính hãng Apple 20W/EarPods/Cable trị giá 50.000đ
Miễn phí cài đặt eSIM hoặc miễn phí duy trì eSIM trên Apple Watch trong vòng 6 tháng đầu tiên.";Giảm 50% tối đa 250.000đ giá trị đơn hàng từ 0đ đối với người mới thanh toán qua Kredivo  Giảm 5% tối đa 500.000đ áp dụng kỳ hạn 6 9 12 tháng thanh toán qua Kredivo;https://viettelstore.vn/dong-ho-thong-minh/apple-watch-series-11-vien-nhom-cellular-42mm-day-cao-su-s-m-pid355600.html;Skipped
Apple Watch Series 11 Viền Nhôm Cellular 42mm Dây cao su S/M;Đen Bóng;Yes;14490000;13990000;2026-01-31;"Giảm thêm 500.000đ cho Apple Watch khi mua kèm iPhone 17 Series
Trả góp 0% trên giá 13.990.000đ
Phiếu mua hàng mua Củ sạc chính hãng Apple 20W/EarPods/Cable trị giá 50.000đ
Miễn phí cài đặt eSIM hoặc miễn phí duy trì eSIM trên Apple Watch trong vòng 6 tháng đầu tiên.";Giảm 50% tối đa 250.000đ giá trị đơn hàng từ 0đ đối với người mới thanh toán qua Kredivo  Giảm 5% tối đa 500.000đ áp dụng kỳ hạn 6 9 12 tháng thanh toán qua Kredivo;https://viettelstore.vn/dong-ho-thong-minh/apple-watch-series-11-vien-nhom-cellular-42mm-day-cao-su-s-m-pid355600.html;Skipped
Apple Watch Series 10 Viền Titan Dây Milanese Loop Cellular 46mm;Vàng;No;22590000;19790000;2026-01-31;"Giảm thêm 500.000đ cho Apple Watch khi mua kèm iPhone 17 Series
Trả góp 0% trên giá 20.990.000đ
Miễn phí cài đặt eSIM hoặc miễn phí duy trì eSIM trên Apple Watch trong vòng 6 tháng đầu tiên
Phiếu mua hàng mua Củ sạc chính hãng Apple 20W/EarPods/Cable trị giá 50.000đ";Giảm 50% tối đa 250.000đ giá trị đơn hàng từ 0đ đối với người mới thanh toán qua Kredivo  Giảm 5% tối đa 500.000đ áp dụng kỳ hạn 6 9 12 tháng thanh toán qua Kredivo;https://viettelstore.vn/dong-ho-thong-minh/apple-watch-series-10-vien-titan-day-milanese-loop-cellular-46mm-pid340037.html;Skipped
Apple Watch Series 10 Viền Titan Dây Milanese Loop Cellular 46mm;Tự Nhiên;No;22590000;19790000;2026-01-31;"Giảm thêm 500.000đ cho Apple Watch khi mua kèm iPhone 17 Series
Trả góp 0% trên giá 20.990.000đ
Miễn phí cài đặt eSIM hoặc miễn phí duy trì eSIM trên Apple Watch trong vòng 6 tháng đầu tiên
Phiếu mua hàng mua Củ sạc chính hãng Apple 20W/EarPods/Cable trị giá 50.000đ";Giảm 50% tối đa 250.000đ giá trị đơn hàng từ 0đ đối với người mới thanh toán qua Kredivo  Giảm 5% tối đa 500.000đ áp dụng kỳ hạn 6 9 12 tháng thanh toán qua Kredivo;https://viettelstore.vn/dong-ho-thong-minh/apple-watch-series-10-vien-titan-day-milanese-loop-cellular-46mm-pid340037.html;Skipped
Apple Watch Series 11 Viền Nhôm Cellular 42mm Dây cao su S/M;Bạc;Yes;14490000;13990000;2026-01-31;"Giảm thêm 500.000đ cho Apple Watch khi mua kèm iPhone 17 Series
Trả góp 0% trên giá 13.990.000đ
Phiếu mua hàng mua Củ sạc chính hãng Apple 20W/EarPods/Cable trị giá 50.000đ
Miễn phí cài đặt eSIM hoặc miễn phí duy trì eSIM trên Apple Watch trong vòng 6 tháng đầu tiên.";Giảm 50% tối đa 250.000đ giá trị đơn hàng từ 0đ đối với người mới thanh toán qua Kredivo  Giảm 5% tối đa 500.000đ áp dụng kỳ hạn 6 9 12 tháng thanh toán qua Kredivo;https://viettelstore.vn/dong-ho-thong-minh/apple-watch-series-11-vien-nhom-cellular-42mm-day-cao-su-s-m-pid355600.html;Skipped
Apple Watch Series 10 Viền Titan Dây Milanese Loop Cellular 46mm;Xám Đá Phiến;Yes;22590000;19790000;2026-01-31;"Giảm thêm 500.000đ cho Apple Watch khi mua kèm iPhone 17 Series
Trả góp 0% trên giá 20.990.000đ
Miễn phí cài đặt eSIM hoặc miễn phí duy trì eSIM trên Apple Watch trong vòng 6 tháng đầu tiên
Phiếu mua hàng mua Củ sạc chính hãng Apple 20W/EarPods/Cable trị giá 50.000đ";Giảm 50% tối đa 250.000đ giá trị đơn hàng từ 0đ đối với người mới thanh toán qua Kredivo  Giảm 5% tối đa 500.000đ áp dụng kỳ hạn 6 9 12 tháng thanh toán qua Kredivo;https://viettelstore.vn/dong-ho-thong-minh/apple-watch-series-10-vien-titan-day-milanese-loop-cellular-46mm-pid340037.html;Skipped
Apple Watch Series 11 Viền Nhôm Cellular 42mm Dây cao su S/M;Vàng Hồng;Yes;14490000;13990000;2026-01-31;"Giảm thêm 500.000đ cho Apple Watch khi mua kèm iPhone 17 Series
Trả góp 0% trên giá 13.990.000đ
Phiếu mua hàng mua Củ sạc chính hãng Apple 20W/EarPods/Cable trị giá 50.000đ
Miễn phí cài đặt eSIM hoặc miễn phí duy trì eSIM trên Apple Watch trong vòng 6 tháng đầu tiên.";Giảm 50% tối đa 250.000đ giá trị đơn hàng từ 0đ đối với người mới thanh toán qua Kredivo  Giảm 5% tối đa 500.000đ áp dụng kỳ hạn 6 9 12 tháng thanh toán qua Kredivo;https://viettelstore.vn/dong-ho-thong-minh/apple-watch-series-11-vien-nhom-cellular-42mm-day-cao-su-s-m-pid355600.html;Skipped
Apple Watch Series 11 Viền Nhôm GPS 46mm Dây cao su M/L;Xám Không Gian;Yes;12390000;11490000;2026-01-31;"Giảm thêm 500.000đ cho Apple Watch khi mua kèm iPhone 17 Series
Trả góp 0% trên giá 11.990.000đ
Phiếu mua hàng mua Củ sạc chính hãng Apple 20W/EarPods/Cable trị giá 50.000đ";Giảm 50% tối đa 250.000đ giá trị đơn hàng từ 0đ đối với người mới thanh toán qua Kredivo  Giảm 5% tối đa 500.000đ áp dụng kỳ hạn 6 9 12 tháng thanh toán qua Kredivo;https://viettelstore.vn/dong-ho-thong-minh/apple-watch-series-11-vien-nhom-gps-46mm-day-cao-su-m-l-pid355604.html;Skipped
Apple Watch Series 11 Viền Nhôm GPS 46mm Dây cao su M/L;Đen Bóng;Yes;12390000;11490000;2026-01-31;"Giảm thêm 500.000đ cho Apple Watch khi mua kèm iPhone 17 Series
Trả góp 0% trên giá 11.990.000đ
Phiếu mua hàng mua Củ sạc chính hãng Apple 20W/EarPods/Cable trị giá 50.000đ";Giảm 50% tối đa 250.000đ giá trị đơn hàng từ 0đ đối với người mới thanh toán qua Kredivo  Giảm 5% tối đa 500.000đ áp dụng kỳ hạn 6 9 12 tháng thanh toán qua Kredivo;https://viettelstore.vn/dong-ho-thong-minh/apple-watch-series-11-vien-nhom-gps-46mm-day-cao-su-m-l-pid355604.html;Skipped
Apple Watch Series 11 Viền Titan Cellular 46mm Dây Milanese M/L;Vàng;Yes;23990000;22490000;2026-01-31;"Giảm thêm 500.000đ cho Apple Watch khi mua kèm iPhone 17 Series
Trả góp 0% trên giá 22.490.000đ
Phiếu mua hàng mua Củ sạc chính hãng Apple 20W/EarPods/Cable trị giá 50.000đ
Miễn phí cài đặt eSIM hoặc miễn phí duy trì eSIM trên Apple Watch trong vòng 6 tháng đầu tiên.";Giảm 50% tối đa 250.000đ giá trị đơn hàng từ 0đ đối với người mới thanh toán qua Kredivo  Giảm 5% tối đa 500.000đ áp dụng kỳ hạn 6 9 12 tháng thanh toán qua Kredivo;https://viettelstore.vn/dong-ho-thong-minh/apple-watch-series-11-vien-titan-cellular-46mm-day-milanese-m-l-pid355607.html;Skipped
Apple Watch Series 11 Viền Nhôm GPS 46mm Dây cao su M/L;Bạc;Yes;12390000;11490000;2026-01-31;"Giảm thêm 500.000đ cho Apple Watch khi mua kèm iPhone 17 Series
Trả góp 0% trên giá 11.990.000đ
Phiếu mua hàng mua Củ sạc chính hãng Apple 20W/EarPods/Cable trị giá 50.000đ";Giảm 50% tối đa 250.000đ giá trị đơn hàng từ 0đ đối với người mới thanh toán qua Kredivo  Giảm 5% tối đa 500.000đ áp dụng kỳ hạn 6 9 12 tháng thanh toán qua Kredivo;https://viettelstore.vn/dong-ho-thong-minh/apple-watch-series-11-vien-nhom-gps-46mm-day-cao-su-m-l-pid355604.html;Skipped
Apple Watch Series 11 Viền Titan Cellular 46mm Dây Milanese M/L;Tự Nhiên;Yes;23990000;22490000;2026-01-31;"Giảm thêm 500.000đ cho Apple Watch khi mua kèm iPhone 17 Series
Trả góp 0% trên giá 22.490.000đ
Phiếu mua hàng mua Củ sạc chính hãng Apple 20W/EarPods/Cable trị giá 50.000đ
Miễn phí cài đặt eSIM hoặc miễn phí duy trì eSIM trên Apple Watch trong vòng 6 tháng đầu tiên.";Giảm 50% tối đa 250.000đ giá trị đơn hàng từ 0đ đối với người mới thanh toán qua Kredivo  Giảm 5% tối đa 500.000đ áp dụng kỳ hạn 6 9 12 tháng thanh toán qua Kredivo;https://viettelstore.vn/dong-ho-thong-minh/apple-watch-series-11-vien-titan-cellular-46mm-day-milanese-m-l-pid355607.html;Skipped
Apple Watch Series 11 Viền Nhôm GPS 46mm Dây cao su M/L;Vàng Hồng;Yes;12390000;11490000;2026-01-31;"Giảm thêm 500.000đ cho Apple Watch khi mua kèm iPhone 17 Series
Trả góp 0% trên giá 11.990.000đ
Phiếu mua hàng mua Củ sạc chính hãng Apple 20W/EarPods/Cable trị giá 50.000đ";Giảm 50% tối đa 250.000đ giá trị đơn hàng từ 0đ đối với người mới thanh toán qua Kredivo  Giảm 5% tối đa 500.000đ áp dụng kỳ hạn 6 9 12 tháng thanh toán qua Kredivo;https://viettelstore.vn/dong-ho-thong-minh/apple-watch-series-11-vien-nhom-gps-46mm-day-cao-su-m-l-pid355604.html;Skipped
Apple Watch Series 11 Viền Titan Cellular 46mm Dây Milanese M/L;Xám Đá Phiến;Yes;23990000;22490000;2026-01-31;"Giảm thêm 500.000đ cho Apple Watch khi mua kèm iPhone 17 Series
Trả góp 0% trên giá 22.490.000đ
Phiếu mua hàng mua Củ sạc chính hãng Apple 20W/EarPods/Cable trị giá 50.000đ
Miễn phí cài đặt eSIM hoặc miễn phí duy trì eSIM trên Apple Watch trong vòng 6 tháng đầu tiên.";Giảm 50% tối đa 250.000đ giá trị đơn hàng từ 0đ đối với người mới thanh toán qua Kredivo  Giảm 5% tối đa 500.000đ áp dụng kỳ hạn 6 9 12 tháng thanh toán qua Kredivo;https://viettelstore.vn/dong-ho-thong-minh/apple-watch-series-11-vien-titan-cellular-46mm-day-milanese-m-l-pid355607.html;Skipped
Apple Watch Series 11 Viền Titan Cellular 46mm Dây cao su M/L;Vàng;Yes;22490000;20490000;2026-01-31;"Giảm thêm 500.000đ cho Apple Watch khi mua kèm iPhone 17 Series
Trả góp 0% trên giá 20.990.000đ
Phiếu mua hàng mua Củ sạc chính hãng Apple 20W/EarPods/Cable trị giá 50.000đ
Miễn phí cài đặt eSIM hoặc miễn phí duy trì eSIM trên Apple Watch trong vòng 6 tháng đầu tiên.";Giảm 50% tối đa 250.000đ giá trị đơn hàng từ 0đ đối với người mới thanh toán qua Kredivo  Giảm 5% tối đa 500.000đ áp dụng kỳ hạn 6 9 12 tháng thanh toán qua Kredivo;https://viettelstore.vn/dong-ho-thong-minh/apple-watch-series-11-vien-titan-cellular-46mm-day-cao-su-m-l-pid355606.html;Skipped
Apple Watch Ultra 3 Viền Titan Cellular 49mm Dây quấn Alpine M;Tự Nhiên;No;23990000;22490000;2026-01-31;"Giảm thêm 500.000đ cho Apple Watch khi mua kèm iPhone 17 Series
Trả góp 0% trên giá 22.490.000đ
Miễn phí cài đặt eSIM hoặc miễn phí duy trì eSIM trên Apple Watch trong vòng 6 tháng đầu tiên
Phiếu mua hàng mua Củ sạc chính hãng Apple 20W/EarPods/Cable trị giá 50.000đ";Giảm 50% tối đa 250.000đ giá trị đơn hàng từ 0đ đối với người mới thanh toán qua Kredivo  Giảm 5% tối đa 500.000đ áp dụng kỳ hạn 6 9 12 tháng thanh toán qua Kredivo;https://viettelstore.vn/dong-ho-thong-minh/apple-watch-ultra-3-vien-titan-cellular-49mm-day-quan-alpine-s-m-pid355605.html;Skipped
Apple Watch Series 11 Viền Titan Cellular 46mm Dây cao su M/L;Tự Nhiên;Yes;22490000;20490000;2026-01-31;"Giảm thêm 500.000đ cho Apple Watch khi mua kèm iPhone 17 Series
Trả góp 0% trên giá 20.990.000đ
Phiếu mua hàng mua Củ sạc chính hãng Apple 20W/EarPods/Cable trị giá 50.000đ
Miễn phí cài đặt eSIM hoặc miễn phí duy trì eSIM trên Apple Watch trong vòng 6 tháng đầu tiên.";Giảm 50% tối đa 250.000đ giá trị đơn hàng từ 0đ đối với người mới thanh toán qua Kredivo  Giảm 5% tối đa 500.000đ áp dụng kỳ hạn 6 9 12 tháng thanh toán qua Kredivo;https://viettelstore.vn/dong-ho-thong-minh/apple-watch-series-11-vien-titan-cellular-46mm-day-cao-su-m-l-pid355606.html;Skipped
Apple Watch Ultra 3 Viền Titan Cellular 49mm Dây quấn Alpine L;Tự Nhiên;Yes;23990000;22490000;2026-01-31;"Giảm thêm 500.000đ cho Apple Watch khi mua kèm iPhone 17 Series
Trả góp 0% trên giá 22.490.000đ
Miễn phí cài đặt eSIM hoặc miễn phí duy trì eSIM trên Apple Watch trong vòng 6 tháng đầu tiên
Phiếu mua hàng mua Củ sạc chính hãng Apple 20W/EarPods/Cable trị giá 50.000đ";Giảm 50% tối đa 250.000đ giá trị đơn hàng từ 0đ đối với người mới thanh toán qua Kredivo  Giảm 5% tối đa 500.000đ áp dụng kỳ hạn 6 9 12 tháng thanh toán qua Kredivo;https://viettelstore.vn/dong-ho-thong-minh/apple-watch-ultra-3-vien-titan-cellular-49mm-day-quan-alpine-m-l-pid355596.html;Skipped
Apple Watch Ultra 3 Viền Titan Cellular 49mm Dây quấn Alpine M;Đen;Yes;23990000;22490000;2026-01-31;"Giảm thêm 500.000đ cho Apple Watch khi mua kèm iPhone 17 Series
Trả góp 0% trên giá 22.490.000đ
Miễn phí cài đặt eSIM hoặc miễn phí duy trì eSIM trên Apple Watch trong vòng 6 tháng đầu tiên
Phiếu mua hàng mua Củ sạc chính hãng Apple 20W/EarPods/Cable trị giá 50.000đ";Giảm 50% tối đa 250.000đ giá trị đơn hàng từ 0đ đối với người mới thanh toán qua Kredivo  Giảm 5% tối đa 500.000đ áp dụng kỳ hạn 6 9 12 tháng thanh toán qua Kredivo;https://viettelstore.vn/dong-ho-thong-minh/apple-watch-ultra-3-vien-titan-cellular-49mm-day-quan-alpine-s-m-pid355605.html;Skipped
Apple Watch Series 11 Viền Titan Cellular 46mm Dây cao su M/L;Xám Đá Phiến;Yes;22490000;20490000;2026-01-31;"Giảm thêm 500.000đ cho Apple Watch khi mua kèm iPhone 17 Series
Trả góp 0% trên giá 20.990.000đ
Phiếu mua hàng mua Củ sạc chính hãng Apple 20W/EarPods/Cable trị giá 50.000đ
Miễn phí cài đặt eSIM hoặc miễn phí duy trì eSIM trên Apple Watch trong vòng 6 tháng đầu tiên.";Giảm 50% tối đa 250.000đ giá trị đơn hàng từ 0đ đối với người mới thanh toán qua Kredivo  Giảm 5% tối đa 500.000đ áp dụng kỳ hạn 6 9 12 tháng thanh toán qua Kredivo;https://viettelstore.vn/dong-ho-thong-minh/apple-watch-series-11-vien-titan-cellular-46mm-day-cao-su-m-l-pid355606.html;Skipped
Apple Watch Ultra 3 Viền Titan Cellular 49mm Dây quấn Alpine L;Đen;Yes;23990000;22490000;2026-01-31;"Giảm thêm 500.000đ cho Apple Watch khi mua kèm iPhone 17 Series
Trả góp 0% trên giá 22.490.000đ
Miễn phí cài đặt eSIM hoặc miễn phí duy trì eSIM trên Apple Watch trong vòng 6 tháng đầu tiên
Phiếu mua hàng mua Củ sạc chính hãng Apple 20W/EarPods/Cable trị giá 50.000đ";Giảm 50% tối đa 250.000đ giá trị đơn hàng từ 0đ đối với người mới thanh toán qua Kredivo  Giảm 5% tối đa 500.000đ áp dụng kỳ hạn 6 9 12 tháng thanh toán qua Kredivo;https://viettelstore.vn/dong-ho-thong-minh/apple-watch-ultra-3-vien-titan-cellular-49mm-day-quan-alpine-m-l-pid355596.html;Skipped
iPad (A16) 11 inch WIFI 5G 256GB;SILVER;Yes;16490000;15990000;2026-01-31;"Giảm thêm 200.000đ cho học sinh, sinh viên
Trả góp 0% trên giá 15.990.000đ
Phiếu mua hàng mua Củ sạc chính hãng Apple 20W/EarPods/Cable trị giá 50.000đ
Phiếu mua hàng mua Keyboard/Pencil trị giá 500.000đ";Giảm 50% tối đa 250.000đ giá trị đơn hàng từ 0đ đối với người mới thanh toán qua Kredivo  Giảm 5% tối đa 500.000đ áp dụng kỳ hạn 6 9 12 tháng thanh toán qua Kredivo;https://viettelstore.vn/may-tinh-bang/ipad-a16-11-inch-wifi-5g-256gb-pid347944.html;Skipped
iPad (A16) 11 inch WIFI 5G 256GB;BLUE;No;16490000;15990000;2026-01-31;"Giảm thêm 200.000đ cho học sinh, sinh viên
Trả góp 0% trên giá 15.990.000đ
Phiếu mua hàng mua Củ sạc chính hãng Apple 20W/EarPods/Cable trị giá 50.000đ
Phiếu mua hàng mua Keyboard/Pencil trị giá 500.000đ";Giảm 50% tối đa 250.000đ giá trị đơn hàng từ 0đ đối với người mới thanh toán qua Kredivo  Giảm 5% tối đa 500.000đ áp dụng kỳ hạn 6 9 12 tháng thanh toán qua Kredivo;https://viettelstore.vn/may-tinh-bang/ipad-a16-11-inch-wifi-5g-256gb-pid347944.html;Skipped
Apple Watch Ultra 3 Viền Titan Cellular 49mm Dây Ocean;Tự Nhiên;Yes;23990000;22490000;2026-01-31;"Giảm thêm 500.000đ cho Apple Watch khi mua kèm iPhone 17 Series
Trả góp 0% trên giá 22.490.000đ
Miễn phí cài đặt eSIM hoặc miễn phí duy trì eSIM trên Apple Watch trong vòng 6 tháng đầu tiên
Phiếu mua hàng mua Củ sạc chính hãng Apple 20W/EarPods/Cable trị giá 50.000đ";Giảm 50% tối đa 250.000đ giá trị đơn hàng từ 0đ đối với người mới thanh toán qua Kredivo  Giảm 5% tối đa 500.000đ áp dụng kỳ hạn 6 9 12 tháng thanh toán qua Kredivo;https://viettelstore.vn/dong-ho-thong-minh/apple-watch-ultra-3-vien-titan-cellular-49mm-day-ocean-pid355593.html;Skipped
Apple Watch Ultra 3 Viền Titan Cellular 49mm Dây Ocean;Đen;Yes;23990000;22490000;2026-01-31;"Giảm thêm 500.000đ cho Apple Watch khi mua kèm iPhone 17 Series
Trả góp 0% trên giá 22.490.000đ
Miễn phí cài đặt eSIM hoặc miễn phí duy trì eSIM trên Apple Watch trong vòng 6 tháng đầu tiên
Phiếu mua hàng mua Củ sạc chính hãng Apple 20W/EarPods/Cable trị giá 50.000đ";Giảm 50% tối đa 250.000đ giá trị đơn hàng từ 0đ đối với người mới thanh toán qua Kredivo  Giảm 5% tối đa 500.000đ áp dụng kỳ hạn 6 9 12 tháng thanh toán qua Kredivo;https://viettelstore.vn/dong-ho-thong-minh/apple-watch-ultra-3-vien-titan-cellular-49mm-day-ocean-pid355593.html;Skipped
iPad Air (Gen 6) M2 11 inch WIFI 5G 512GB;BLUE;Yes;28990000;20990000;2026-01-31;Giá áp dụng tới 31/12;Giảm 50% tối đa 250.000đ giá trị đơn hàng từ 0đ đối với người mới thanh toán qua Kredivo  Giảm 5% tối đa 500.000đ áp dụng kỳ hạn 6 9 12 tháng thanh toán qua Kredivo;https://viettelstore.vn/may-tinh-bang/ipad-air-gen-6-m2-11-inch-wifi-5g-512gb-pid333010.html;Skipped
iPad Air (Gen 6) M2 13 inch WIFI 5G 512GB;BLUE;No;34490000;34490000;2026-01-31;;Giảm 50% tối đa 250.000đ giá trị đơn hàng từ 0đ đối với người mới thanh toán qua Kredivo  Giảm 5% tối đa 500.000đ áp dụng kỳ hạn 6 9 12 tháng thanh toán qua Kredivo;https://viettelstore.vn/may-tinh-bang/ipad-air-gen-6-m2-13-inch-wifi-5g-512gb-pid333021.html;Skipped
iPad Air (Gen 6) M2 11 inch WIFI 512GB;BLUE;No;24990000;13990000;2026-01-31;Giá áp dụng tới 31/12;Giảm 50% tối đa 250.000đ giá trị đơn hàng từ 0đ đối với người mới thanh toán qua Kredivo  Giảm 5% tối đa 500.000đ áp dụng kỳ hạn 6 9 12 tháng thanh toán qua Kredivo;https://viettelstore.vn/may-tinh-bang/ipad-air-gen-6-m2-11-inch-wifi-512gb-pid333006.html;Skipped
iPad Air (Gen 6) M2 11 inch WIFI 512GB;SPACE GREY;No;24990000;13990000;2026-01-31;Giá áp dụng tới 31/12;Giảm 50% tối đa 250.000đ giá trị đơn hàng từ 0đ đối với người mới thanh toán qua Kredivo  Giảm 5% tối đa 500.000đ áp dụng kỳ hạn 6 9 12 tháng thanh toán qua Kredivo;https://viettelstore.vn/may-tinh-bang/ipad-air-gen-6-m2-11-inch-wifi-512gb-pid333006.html;Skipped
iPad Air (Gen 6) M2 11 inch WIFI 512GB;PURPLE;No;24990000;13990000;2026-01-31;Giá áp dụng tới 31/12;Giảm 50% tối đa 250.000đ giá trị đơn hàng từ 0đ đối với người mới thanh toán qua Kredivo  Giảm 5% tối đa 500.000đ áp dụng kỳ hạn 6 9 12 tháng thanh toán qua Kredivo;https://viettelstore.vn/may-tinh-bang/ipad-air-gen-6-m2-11-inch-wifi-512gb-pid333006.html;Skipped
iPad Air (Gen 6) M2 11 inch WIFI 5G 512GB;STARLIGHT;Yes;28990000;20990000;2026-01-31;Giá áp dụng tới 31/12;Giảm 50% tối đa 250.000đ giá trị đơn hàng từ 0đ đối với người mới thanh toán qua Kredivo  Giảm 5% tối đa 500.000đ áp dụng kỳ hạn 6 9 12 tháng thanh toán qua Kredivo;https://viettelstore.vn/may-tinh-bang/ipad-air-gen-6-m2-11-inch-wifi-5g-512gb-pid333010.html;Skipped
iPad Air (Gen 6) M2 11 inch WIFI 5G 512GB;SPACE GREY;No;28990000;20990000;2026-01-31;Giá áp dụng tới 31/12;Giảm 50% tối đa 250.000đ giá trị đơn hàng từ 0đ đối với người mới thanh toán qua Kredivo  Giảm 5% tối đa 500.000đ áp dụng kỳ hạn 6 9 12 tháng thanh toán qua Kredivo;https://viettelstore.vn/may-tinh-bang/ipad-air-gen-6-m2-11-inch-wifi-5g-512gb-pid333010.html;Skipped
iPad Air (Gen 6) M2 13 inch WIFI 5G 512GB;STARLIGHT;Yes;34490000;34490000;2026-01-31;;Giảm 50% tối đa 250.000đ giá trị đơn hàng từ 0đ đối với người mới thanh toán qua Kredivo  Giảm 5% tối đa 500.000đ áp dụng kỳ hạn 6 9 12 tháng thanh toán qua Kredivo;https://viettelstore.vn/may-tinh-bang/ipad-air-gen-6-m2-13-inch-wifi-5g-512gb-pid333021.html;Skipped
iPad Air (Gen 6) M2 13 inch WIFI 5G 512GB;SPACE GREY;No;34490000;34490000;2026-01-31;;Giảm 50% tối đa 250.000đ giá trị đơn hàng từ 0đ đối với người mới thanh toán qua Kredivo  Giảm 5% tối đa 500.000đ áp dụng kỳ hạn 6 9 12 tháng thanh toán qua Kredivo;https://viettelstore.vn/may-tinh-bang/ipad-air-gen-6-m2-13-inch-wifi-5g-512gb-pid333021.html;Skipped
iPad Air (Gen 6) M2 11 inch WIFI 5G 512GB;PURPLE;Yes;28990000;20990000;2026-01-31;Giá áp dụng tới 31/12;Giảm 50% tối đa 250.000đ giá trị đơn hàng từ 0đ đối với người mới thanh toán qua Kredivo  Giảm 5% tối đa 500.000đ áp dụng kỳ hạn 6 9 12 tháng thanh toán qua Kredivo;https://viettelstore.vn/may-tinh-bang/ipad-air-gen-6-m2-11-inch-wifi-5g-512gb-pid333010.html;Skipped
iPad Air (Gen 6) M2 13 inch WIFI 5G 512GB;PURPLE;Yes;34490000;34490000;2026-01-31;;Giảm 50% tối đa 250.000đ giá trị đơn hàng từ 0đ đối với người mới thanh toán qua Kredivo  Giảm 5% tối đa 500.000đ áp dụng kỳ hạn 6 9 12 tháng thanh toán qua Kredivo;https://viettelstore.vn/may-tinh-bang/ipad-air-gen-6-m2-13-inch-wifi-5g-512gb-pid333021.html;Skipped
iPad Air (M3) 11 inch WIFI 5G 256GB;BLUE;Yes;23490000;21790000;2026-01-31;"Giảm thêm 200.000đ cho học sinh, sinh viên
Trả góp 0% trên giá 21.790.000đ
Phiếu mua hàng mua Củ sạc chính hãng Apple 20W/EarPods/Cable trị giá 50.000đ
Phiếu mua hàng mua Keyboard/Pencil trị giá 500.000đ";Giảm 50% tối đa 250.000đ giá trị đơn hàng từ 0đ đối với người mới thanh toán qua Kredivo  Giảm 5% tối đa 500.000đ áp dụng kỳ hạn 6 9 12 tháng thanh toán qua Kredivo;https://viettelstore.vn/may-tinh-bang/ipad-air-m3-11-inch-wifi-5g-256gb-pid347931.html;Skipped
iPad Air (M3) 11 inch WIFI 5G 256GB;STARLIGHT;Yes;23490000;21790000;2026-01-31;"Giảm thêm 200.000đ cho học sinh, sinh viên
Trả góp 0% trên giá 21.790.000đ
Phiếu mua hàng mua Củ sạc chính hãng Apple 20W/EarPods/Cable trị giá 50.000đ
Phiếu mua hàng mua Keyboard/Pencil trị giá 500.000đ";Giảm 50% tối đa 250.000đ giá trị đơn hàng từ 0đ đối với người mới thanh toán qua Kredivo  Giảm 5% tối đa 500.000đ áp dụng kỳ hạn 6 9 12 tháng thanh toán qua Kredivo;https://viettelstore.vn/may-tinh-bang/ipad-air-m3-11-inch-wifi-5g-256gb-pid347931.html;Skipped
iPad Air (M3) 11 inch WIFI 5G 256GB;Space Grey;Yes;23490000;21790000;2026-01-31;"Giảm thêm 200.000đ cho học sinh, sinh viên
Trả góp 0% trên giá 21.790.000đ
Phiếu mua hàng mua Củ sạc chính hãng Apple 20W/EarPods/Cable trị giá 50.000đ
Phiếu mua hàng mua Keyboard/Pencil trị giá 500.000đ";Giảm 50% tối đa 250.000đ giá trị đơn hàng từ 0đ đối với người mới thanh toán qua Kredivo  Giảm 5% tối đa 500.000đ áp dụng kỳ hạn 6 9 12 tháng thanh toán qua Kredivo;https://viettelstore.vn/may-tinh-bang/ipad-air-m3-11-inch-wifi-5g-256gb-pid347931.html;Skipped
iPad Air (M3) 11 inch WIFI 5G 256GB;PURPLE;Yes;23490000;21790000;2026-01-31;"Giảm thêm 200.000đ cho học sinh, sinh viên
Trả góp 0% trên giá 21.790.000đ
Phiếu mua hàng mua Củ sạc chính hãng Apple 20W/EarPods/Cable trị giá 50.000đ
Phiếu mua hàng mua Keyboard/Pencil trị giá 500.000đ";Giảm 50% tối đa 250.000đ giá trị đơn hàng từ 0đ đối với người mới thanh toán qua Kredivo  Giảm 5% tối đa 500.000đ áp dụng kỳ hạn 6 9 12 tháng thanh toán qua Kredivo;https://viettelstore.vn/may-tinh-bang/ipad-air-m3-11-inch-wifi-5g-256gb-pid347931.html;Skipped
iPad Mini 7 WIFI 256GB;STARLIGHT;Yes;16490000;15990000;2026-01-31;"Giảm thêm 200.000đ cho học sinh, sinh viên
Trả góp 0% trên giá 15.990.000đ
Phiếu mua hàng mua Củ sạc chính hãng Apple 20W/EarPods/Cable trị giá 50.000đ
Phiếu mua hàng mua Keyboard/Pencil trị giá 500.000đ";Giảm 50% tối đa 250.000đ giá trị đơn hàng từ 0đ đối với người mới thanh toán qua Kredivo  Giảm 5% tối đa 500.000đ áp dụng kỳ hạn 6 9 12 tháng thanh toán qua Kredivo;https://viettelstore.vn/may-tinh-bang/ipad-mini-7-wifi-256gb-pid344804.html;Skipped
iPad Mini 7 WIFI 256GB;SPACE GREY;Yes;16490000;15990000;2026-01-31;"Giảm thêm 200.000đ cho học sinh, sinh viên
Trả góp 0% trên giá 15.990.000đ
Phiếu mua hàng mua Củ sạc chính hãng Apple 20W/EarPods/Cable trị giá 50.000đ
Phiếu mua hàng mua Keyboard/Pencil trị giá 500.000đ";Giảm 50% tối đa 250.000đ giá trị đơn hàng từ 0đ đối với người mới thanh toán qua Kredivo  Giảm 5% tối đa 500.000đ áp dụng kỳ hạn 6 9 12 tháng thanh toán qua Kredivo;https://viettelstore.vn/may-tinh-bang/ipad-mini-7-wifi-256gb-pid344804.html;Skipped
iPad Pro M4 13 inch Nano-texture Glass WIFI 1TB;SILVER;Yes;57490000;46990000;2026-01-31;Giá áp dụng tới 31/12;Giảm 50% tối đa 250.000đ giá trị đơn hàng từ 0đ đối với người mới thanh toán qua Kredivo  Giảm 5% tối đa 500.000đ áp dụng kỳ hạn 6 9 12 tháng thanh toán qua Kredivo;https://viettelstore.vn/may-tinh-bang/ipad-pro-m4-13-inch-nano-texture-glass-wifi-1tb-pid333046.html;Skipped
iPad Pro M4 13 inch Nano-texture Glass WIFI 1TB;SPACEBLACK;Yes;57490000;46990000;2026-01-31;Giá áp dụng tới 31/12;Giảm 50% tối đa 250.000đ giá trị đơn hàng từ 0đ đối với người mới thanh toán qua Kredivo  Giảm 5% tối đa 500.000đ áp dụng kỳ hạn 6 9 12 tháng thanh toán qua Kredivo;https://viettelstore.vn/may-tinh-bang/ipad-pro-m4-13-inch-nano-texture-glass-wifi-1tb-pid333046.html;Skipped
iPad Pro M5 11 inch WIFI 1TB Nano;Bạc;Yes;49590000;46990000;2026-01-31;"Trả góp 0% trên giá 46.990.000đ
Phiếu mua hàng mua Củ sạc chính hãng Apple 20W/EarPods/Cable trị giá 50.000đ
Phiếu mua hàng mua Keyboard/Pencil trị giá 500.000đ";Giảm 50% tối đa 250.000đ giá trị đơn hàng từ 0đ đối với người mới thanh toán qua Kredivo  Giảm 5% tối đa 500.000đ áp dụng kỳ hạn 6 9 12 tháng thanh toán qua Kredivo;https://viettelstore.vn/may-tinh-bang/may-tinh-bang-ipad-pro-m5-11-inch-wifi-1tb-nano-texture-pid356797.html;Skipped
iPad Pro M5 11 inch WIFI 5G 512GB;Bạc;Yes;41190000;39990000;2026-01-31;"Trả góp 0% trên giá 39,990.000đ
Phiếu mua hàng mua Củ sạc chính hãng Apple 20W/EarPods/Cable trị giá 50.000đ
Phiếu mua hàng mua Keyboard/Pencil trị giá 500.000đ";Giảm 50% tối đa 250.000đ giá trị đơn hàng từ 0đ đối với người mới thanh toán qua Kredivo  Giảm 5% tối đa 500.000đ áp dụng kỳ hạn 6 9 12 tháng thanh toán qua Kredivo;https://viettelstore.vn/may-tinh-bang/may-tinh-bang-ipad-pro-m5-11-inch-wifi-5g-512gb-pid356800.html;Skipped
iPad Pro M5 11 inch WIFI 1TB Nano;Đen Không Gian;Yes;49590000;46990000;2026-01-31;"Trả góp 0% trên giá 46.990.000đ
Phiếu mua hàng mua Củ sạc chính hãng Apple 20W/EarPods/Cable trị giá 50.000đ
Phiếu mua hàng mua Keyboard/Pencil trị giá 500.000đ";Giảm 50% tối đa 250.000đ giá trị đơn hàng từ 0đ đối với người mới thanh toán qua Kredivo  Giảm 5% tối đa 500.000đ áp dụng kỳ hạn 6 9 12 tháng thanh toán qua Kredivo;https://viettelstore.vn/may-tinh-bang/may-tinh-bang-ipad-pro-m5-11-inch-wifi-1tb-nano-texture-pid356797.html;Skipped
iPad Pro M5 11 inch WIFI 5G 512GB;Đen Không Gian;Yes;41190000;39990000;2026-01-31;"Trả góp 0% trên giá 39,990.000đ
Phiếu mua hàng mua Củ sạc chính hãng Apple 20W/EarPods/Cable trị giá 50.000đ
Phiếu mua hàng mua Keyboard/Pencil trị giá 500.000đ";Giảm 50% tối đa 250.000đ giá trị đơn hàng từ 0đ đối với người mới thanh toán qua Kredivo  Giảm 5% tối đa 500.000đ áp dụng kỳ hạn 6 9 12 tháng thanh toán qua Kredivo;https://viettelstore.vn/may-tinh-bang/may-tinh-bang-ipad-pro-m5-11-inch-wifi-5g-512gb-pid356800.html;Skipped
iPad Pro M5 13 inch WIFI 1TB;Bạc;Yes;56790000;55990000;2026-01-31;"Trả góp 0% trên giá 56.790.000đ
Phiếu mua hàng mua Củ sạc chính hãng Apple 20W/EarPods/Cable trị giá 50.000đ
Phiếu mua hàng mua Keyboard/Pencil trị giá 500.000đ";Giảm 50% tối đa 250.000đ giá trị đơn hàng từ 0đ đối với người mới thanh toán qua Kredivo  Giảm 5% tối đa 500.000đ áp dụng kỳ hạn 6 9 12 tháng thanh toán qua Kredivo;https://viettelstore.vn/may-tinh-bang/may-tinh-bang-ipad-pro-m5-13-inch-wifi-1tb-pid356804.html;Skipped
iPad Pro M5 13 inch WIFI 1TB;Đen Không Gian;Yes;56790000;55990000;2026-01-31;"Trả góp 0% trên giá 56.790.000đ
Phiếu mua hàng mua Củ sạc chính hãng Apple 20W/EarPods/Cable trị giá 50.000đ
Phiếu mua hàng mua Keyboard/Pencil trị giá 500.000đ";Giảm 50% tối đa 250.000đ giá trị đơn hàng từ 0đ đối với người mới thanh toán qua Kredivo  Giảm 5% tối đa 500.000đ áp dụng kỳ hạn 6 9 12 tháng thanh toán qua Kredivo;https://viettelstore.vn/may-tinh-bang/may-tinh-bang-ipad-pro-m5-13-inch-wifi-1tb-pid356804.html;Skipped
iPad Pro M5 13 inch WIFI 1TB Nano-texture;Bạc;Yes;59590000;58990000;2026-01-31;"Trả góp 0% trên giá 59.590.000đ
Phiếu mua hàng mua Củ sạc chính hãng Apple 20W/EarPods/Cable trị giá 50.000đ
Phiếu mua hàng mua Keyboard/Pencil trị giá 500.000đ";Giảm 50% tối đa 250.000đ giá trị đơn hàng từ 0đ đối với người mới thanh toán qua Kredivo  Giảm 5% tối đa 500.000đ áp dụng kỳ hạn 6 9 12 tháng thanh toán qua Kredivo;https://viettelstore.vn/may-tinh-bang/may-tinh-bang-ipad-pro-m5-13-inch-wifi-1tb-nano-texture-pid356805.html;Skipped
iPad Pro M5 13 inch WIFI 1TB Nano-texture;Đen Không Gian;No;59590000;58990000;2026-01-31;"Trả góp 0% trên giá 59.590.000đ
Phiếu mua hàng mua Củ sạc chính hãng Apple 20W/EarPods/Cable trị giá 50.000đ
Phiếu mua hàng mua Keyboard/Pencil trị giá 500.000đ";Giảm 50% tối đa 250.000đ giá trị đơn hàng từ 0đ đối với người mới thanh toán qua Kredivo  Giảm 5% tối đa 500.000đ áp dụng kỳ hạn 6 9 12 tháng thanh toán qua Kredivo;https://viettelstore.vn/may-tinh-bang/may-tinh-bang-ipad-pro-m5-13-inch-wifi-1tb-nano-texture-pid356805.html;Skipped
iPad Pro M5 13 inch WIFI 5G 256GB;Bạc;Yes;45590000;44990000;2026-01-31;"Trả góp 0% trên giá 45.590.000đ
Phiếu mua hàng mua Củ sạc chính hãng Apple 20W/EarPods/Cable trị giá 50.000đ
Phiếu mua hàng mua Keyboard/Pencil trị giá 500.000đ";Giảm 50% tối đa 250.000đ giá trị đơn hàng từ 0đ đối với người mới thanh toán qua Kredivo  Giảm 5% tối đa 500.000đ áp dụng kỳ hạn 6 9 12 tháng thanh toán qua Kredivo;https://viettelstore.vn/may-tinh-bang/may-tinh-bang-ipad-pro-m5-13-inch-wifi-5g-256gb-pid356806.html;Skipped
Chương trình trợ giá iPhone 16e khi mua kèm gói cước 5G Viettel;Unknown;No;15490000;15490000;2026-01-31;;;https://viettelstore.vn/tin-tuc/chuong-trinh-tro-gia-iphone-16e-khi-mua-kem-goi-cuoc-5g-viettel;Skipped
iPad Pro M5 13 inch WIFI 5G 256GB;Đen Không Gian;Yes;45590000;44990000;2026-01-31;"Trả góp 0% trên giá 45.590.000đ
Phiếu mua hàng mua Củ sạc chính hãng Apple 20W/EarPods/Cable trị giá 50.000đ
Phiếu mua hàng mua Keyboard/Pencil trị giá 500.000đ";Giảm 50% tối đa 250.000đ giá trị đơn hàng từ 0đ đối với người mới thanh toán qua Kredivo  Giảm 5% tối đa 500.000đ áp dụng kỳ hạn 6 9 12 tháng thanh toán qua Kredivo;https://viettelstore.vn/may-tinh-bang/may-tinh-bang-ipad-pro-m5-13-inch-wifi-5g-256gb-pid356806.html;Skipped
Tai nghe AirPods 4 Khử ồn chủ động;WHITE;Yes;4790000;4490000;2026-01-31;"Giảm thêm 500.000đ cho AirPods khi mua kèm iPhone 17 Series
Trả góp 0% trên giá 4.790.000đ
Phiếu mua hàng mua Củ sạc chính hãng Apple 20W/EarPods/Cable trị giá 50.000đ";Giảm 50% tối đa 250.000đ giá trị đơn hàng từ 0đ đối với người mới thanh toán qua Kredivo  Giảm 5% tối đa 500.000đ áp dụng kỳ hạn 6 9 12 tháng thanh toán qua Kredivo;https://viettelstore.vn/tai-nghe/tai-nghe-airpods-4-khu-on-chu-dong-pid340124.html;Skipped
iPad Pro M5 13 inch WIFI 512GB;Bạc;Yes;45590000;44990000;2026-01-31;"Trả góp 0% trên giá 45.590.000đ
Phiếu mua hàng mua Củ sạc chính hãng Apple 20W/EarPods/Cable trị giá 50.000đ
Phiếu mua hàng mua Keyboard/Pencil trị giá 500.000đ";Giảm 50% tối đa 250.000đ giá trị đơn hàng từ 0đ đối với người mới thanh toán qua Kredivo  Giảm 5% tối đa 500.000đ áp dụng kỳ hạn 6 9 12 tháng thanh toán qua Kredivo;https://viettelstore.vn/may-tinh-bang/may-tinh-bang-ipad-pro-m5-13-inch-wifi-512gb-pid356803.html;Skipped
iPad Pro M5 13 inch WIFI 512GB;Đen Không Gian;Yes;45590000;44990000;2026-01-31;"Trả góp 0% trên giá 45.590.000đ
Phiếu mua hàng mua Củ sạc chính hãng Apple 20W/EarPods/Cable trị giá 50.000đ
Phiếu mua hàng mua Keyboard/Pencil trị giá 500.000đ";Giảm 50% tối đa 250.000đ giá trị đơn hàng từ 0đ đối với người mới thanh toán qua Kredivo  Giảm 5% tối đa 500.000đ áp dụng kỳ hạn 6 9 12 tháng thanh toán qua Kredivo;https://viettelstore.vn/may-tinh-bang/may-tinh-bang-ipad-pro-m5-13-inch-wifi-512gb-pid356803.html;Skipped
iPad Pro M5 13 inch WIFI 5G 512GB;Bạc;Yes;51190000;49990000;2026-01-31;"Trả góp 0% trên giá 51.190.000đ
Phiếu mua hàng mua Củ sạc chính hãng Apple 20W/EarPods/Cable trị giá 50.000đ
Phiếu mua hàng mua Keyboard/Pencil trị giá 500.000đ";Giảm 50% tối đa 250.000đ giá trị đơn hàng từ 0đ đối với người mới thanh toán qua Kredivo  Giảm 5% tối đa 500.000đ áp dụng kỳ hạn 6 9 12 tháng thanh toán qua Kredivo;https://viettelstore.vn/may-tinh-bang/may-tinh-bang-ipad-pro-m5-13-inch-wifi-5g-512gb-pid356807.html;Skipped
iPad Pro M5 13 inch WIFI 5G 512GB;Đen Không Gian;No;51190000;49990000;2026-01-31;"Trả góp 0% trên giá 51.190.000đ
Phiếu mua hàng mua Củ sạc chính hãng Apple 20W/EarPods/Cable trị giá 50.000đ
Phiếu mua hàng mua Keyboard/Pencil trị giá 500.000đ";Giảm 50% tối đa 250.000đ giá trị đơn hàng từ 0đ đối với người mới thanh toán qua Kredivo  Giảm 5% tối đa 500.000đ áp dụng kỳ hạn 6 9 12 tháng thanh toán qua Kredivo;https://viettelstore.vn/may-tinh-bang/may-tinh-bang-ipad-pro-m5-13-inch-wifi-5g-512gb-pid356807.html;Skipped
