Site;Product Name;Price;Stock;Promo;Link;Date
MW;;0;No;;https://www.thegioididong.com/loa-laptop/loa-bluetooth-marshall-emberton-iii-xanh-bong-dem?utm_flashsale=1;2025-12-28 13:25
MW;;0;No;;https://www.thegioididong.com/loa-laptop/loa-bluetooth-marshall-acton-iii?utm_flashsale=1;2025-12-28 13:25
MW;;0;No;;https://www.thegioididong.com/loa-laptop/loa-bluetooth-marshall-kilburn-iii;2025-12-28 13:25
MW;;0;No;;https://www.thegioididong.com/loa-laptop/loa-bluetooth-marshall-kilburn-ii?utm_flashsale=1;2025-12-28 13:25
MW;;0;No;;https://www.thegioididong.com/loa-laptop/loa-bluetooth-marshall-emberton-iii?utm_flashsale=1;2025-12-28 13:25
FPT;;0;Yes;;https://fptshop.com.vn/phu-kien/loa-bluetooth-marshall-emberton-ii;2025-12-28 13:25
FPT;;0;Yes;;https://fptshop.com.vn/phu-kien/loa-bluetooth-marshall-acton-ii;2025-12-28 13:25
FPT;;0;Yes;;https://fptshop.com.vn/phu-kien/loa-bluetooth-marshall-emberton-iii;2025-12-28 13:25
FPT;;0;Yes;;https://fptshop.com.vn/phu-kien/loa-bluetooth-marshall-acton-iii;2025-12-28 13:25
CPS;;0;No;;https://cellphones.com.vn/loa-bluetooth-marshall-middleton-ii.html;2025-12-28 13:25
FPT;;0;Yes;;https://fptshop.com.vn/phu-kien/loa-bluetooth-marshall-bromley-750;2025-12-28 13:25
CPS;;0;No;;https://cellphones.com.vn/loa-bluetooth-marshall-emberton-iii.html;2025-12-28 13:25
CPS;;0;No;;https://cellphones.com.vn/loa-bluetooth-marshall-kilburn-iii.html;2025-12-28 13:25
CPS;;0;No;;https://cellphones.com.vn/loa-bluetooth-marshall-emberton-ii.html;2025-12-28 13:25
CPS;;0;No;;https://cellphones.com.vn/loa-bluetooth-marshall-acton-iii.html;2025-12-28 13:25
MW;;0;No;;https://www.thegioididong.com/loa-laptop/loa-bluetooth-marshall-tufton?utm_flashsale=1;2025-12-28 13:25
MW;;0;No;;https://www.thegioididong.com/loa-laptop/loa-bluetooth-marshall-party-bromley-750;2025-12-28 13:25
MW;;0;No;;https://www.thegioididong.com/loa-laptop/loa-bluetooth-marshall-stanmore-iii?utm_flashsale=1;2025-12-28 13:25
MW;;0;No;;https://www.thegioididong.com/loa-laptop/loa-bluetooth-marshall-stockwell-ii;2025-12-28 13:25
MW;;0;No;;https://www.thegioididong.com/loa-laptop/loa-bluetooth-marshall-middleton-ii?utm_flashsale=1;2025-12-28 13:25
FPT;;0;Yes;;https://fptshop.com.vn/phu-kien/loa-bluetooth-marshall-kilburn-ii;2025-12-28 13:25
FPT;;0;Yes;;https://fptshop.com.vn/phu-kien/loa-bluetooth-marshall-middleton;2025-12-28 13:25
FPT;;0;Yes;;https://fptshop.com.vn/phu-kien/loa-bluetooth-marshall-kilburn-iii;2025-12-28 13:25
CPS;;0;No;;https://cellphones.com.vn/loa-bluetooth-marshall-stockwell-2.html;2025-12-28 13:25
FPT;;0;Yes;;https://fptshop.com.vn/phu-kien/loa-bluetooth-marshall-stanmore-iii;2025-12-28 13:25
CPS;;0;No;;https://cellphones.com.vn/loa-bluetooth-marshall-woburn-iii.html;2025-12-28 13:25
FPT;;0;Yes;;https://fptshop.com.vn/phu-kien/loa-bluetooth-marshall-middleton-ii;2025-12-28 13:25
CPS;;0;No;;https://cellphones.com.vn/loa-bluetooth-marshall-willen-ii.html;2025-12-28 13:25
CPS;;0;No;;https://cellphones.com.vn/loa-bluetooth-marshall-middleton.html;2025-12-28 13:25
CPS;;0;No;;https://cellphones.com.vn/loa-bluetooth-marshall-stanmore-iii.html;2025-12-28 13:25
CPS;;0;No;;https://cellphones.com.vn/tai-nghe-bluetooth-ch-p-tai-marshall-major-5-nau.html;2025-12-28 13:26
MW;;0;No;;https://www.thegioididong.com/loa-laptop/loa-bluetooth-marshall-willen-ii?utm_flashsale=1;2025-12-28 13:26
FPT;;0;Yes;;https://fptshop.com.vn/phu-kien/loa-bluetooth-marshall-woburn-ii;2025-12-28 13:26
MW;;0;No;;https://www.thegioididong.com/tai-nghe/tai-nghe-bluetooth-chup-tai-marshall-major-v;2025-12-28 13:26
MW;;0;No;;https://www.thegioididong.com/tai-nghe/tai-nghe-bluetooth-true-wireless-marshall-minor-iv;2025-12-28 13:26
MW;;0;No;;https://www.thegioididong.com/loa-laptop/loa-bluetooth-marshall-woburn-iii?utm_flashsale=1;2025-12-28 13:26
FPT;;0;Yes;;https://fptshop.com.vn/phu-kien/loa-bluetooth-marshall-stockwell-2;2025-12-28 13:26
FPT;;0;Yes;;https://fptshop.com.vn/phu-kien/loa-bluetooth-marshall-willen-ii;2025-12-28 13:26
FPT;;0;Yes;;https://fptshop.com.vn/phu-kien/loa-bluetooth-marshall-willen;2025-12-28 13:26
FPT;;0;Yes;;https://fptshop.com.vn/phu-kien/loa-bluetooth-marshall-woburn-iii;2025-12-28 13:26
MW;;0;No;;https://www.thegioididong.com/tai-nghe/tai-nghe-bluetooth-chup-tai-marshall-major-v-xanh-bong-dem;2025-12-28 13:26
CPS;;0;No;;https://cellphones.com.vn/tai-nghe-bluetooth-marshall-monitor-2-anc.html;2025-12-28 13:26
CPS;;0;No;;https://cellphones.com.vn/loa-keo-party-marshall-bromley-750.html;2025-12-28 13:26
CPS;;0;No;;https://cellphones.com.vn/tai-nghe-bluetooth-marshall-minor-4.html;2025-12-28 13:26
CPS;;0;No;;https://cellphones.com.vn/loa-soundbar-marshall-heston-60.html;2025-12-28 13:26
FPT;;0;Yes;;https://fptshop.com.vn/phu-kien/tai-nghe-bluetooth-choang-dau-marshall-major-v;2025-12-28 13:26
FPT;;0;Yes;;https://fptshop.com.vn/phu-kien/tai-nghe-bluetooth-choang-dau-marshall-major-iv;2025-12-28 13:26
MW;;0;No;;https://www.thegioididong.com/tai-nghe/tai-nghe-bluetooth-true-wireless-marshall-motif-ii-a-n-c;2025-12-28 13:26
FPT;;0;Yes;;https://fptshop.com.vn/phu-kien/loa-thanh-marshall-heston-120;2025-12-28 13:26
FPT;;0;Yes;;https://fptshop.com.vn/phu-kien/loa-thanh-marshall-heston-60;2025-12-28 13:26
FPT;;0;Yes;;https://fptshop.com.vn/phu-kien/loa-sieu-tram-marshall-heston-sub-200;2025-12-28 13:26
CPS;;0;No;;https://cellphones.com.vn/tai-nghe-chup-tai-marshall-monitor-iii-anc.html;2025-12-28 13:26
MW;;0;No;;https://www.thegioididong.com/tai-nghe/tai-nghe-chup-tai-marshall-monitor-iii-a-n-c;2025-12-28 13:26
CPS;;0;No;;https://cellphones.com.vn/tai-nghe-chup-tai-marshall-major-5.html;2025-12-28 13:26
CPS;;0;No;;https://cellphones.com.vn/tai-nghe-khong-day-marshall-motif-ii-anc.html;2025-12-28 13:26
FPT;;0;Yes;;https://fptshop.com.vn/phu-kien/tai-nghe-bluetooth-nhet-tai-marshall-minor-iii;2025-12-28 13:26
FPT;;0;Yes;;https://fptshop.com.vn/phu-kien/tai-nghe-bluetooth-nhet-tai-marshall-minor-iv;2025-12-28 13:26
FPT;;0;Yes;;https://fptshop.com.vn/phu-kien/tai-nghe-bluetooth-nhet-tai-marshall-motif-ii-anc;2025-12-28 13:26
