canonical_name,color_normalized,overall_min,overall_max,overall_avg,data_points,first_date,last_date,price_range,volatility_pct
iPhone 17 (512gb),Xanh Lá Xô Thơm,30490000.0,314900000.0,31832494.444444448,336,2025-12-01,2026-01-30,284410000.0,893.46
iPad Mini 7 (256gb),Purple,1000000.0,20790000.0,17077649.442755826,294,2025-12-08,2026-01-30,19790000.0,115.88
iPad Pro M4 (2tb),Silver,4699000.0,69990000.0,56663461.9324474,322,2025-12-15,2026-01-29,65291000.0,115.23
iPad Pro M4 (1tb),Silver,4199000.0,59490000.0,48073629.53149122,506,2025-12-15,2026-01-29,55291000.0,115.01
MacBook Pro 14 M4 (24gb),Black,2000000.0,63990000.0,53940786.058638334,406,2025-12-15,2026-01-30,61990000.0,114.92
iPhone 15 (128gb),Unknown,499000.0,16990000.0,14703625.0,18,2025-12-15,2026-01-29,16491000.0,112.16
MacBook Air M4 13-inch (16gb),Silver,2000000.0,31290000.0,26761864.781486142,562,2025-12-01,2026-01-30,29290000.0,109.45
iPhone 15 (256gb),Black,170000.0,20990000.0,19972096.68109668,386,2025-12-01,2026-01-30,20820000.0,104.25
Mac mini M4 (16gb),Silver,2000000.0,18890000.0,16371071.42857143,87,2025-12-15,2026-01-29,16890000.0,103.17
iPhone 17 Pro (512gb),Xanh Đậm,2000000.0,41490000.0,40522954.32458697,185,2025-12-01,2026-01-30,39490000.0,97.45
iPad Air M2 (512gb),Space Grey,13990000.0,34490000.0,24395555.555555556,63,2025-12-19,2026-01-28,20500000.0,84.03
iPad Air M2 (512gb),Purple,13990000.0,34490000.0,25871581.63265306,281,2025-12-18,2026-01-30,20500000.0,79.24
iPad Air M2 (512gb),Blue,13990000.0,34490000.0,26040684.754521962,283,2025-12-18,2026-01-30,20500000.0,78.72
Apple Watch SE 2 (gps),Xanh Đen,3490000.0,7290000.0,4851174.242424242,138,2025-12-01,2026-01-29,3800000.0,78.33
Apple Watch SE 2 (gps),Silver,3490000.0,7690000.0,5650622.299382716,374,2025-12-01,2026-01-29,4200000.0,74.33
Apple Watch SE 2 (gps),Starlight,3490000.0,7690000.0,5758324.059696343,319,2025-12-01,2026-01-29,4200000.0,72.94
Apple Watch SE 2 (cell),Silver,4490000.0,8790000.0,5910390.070921985,163,2025-12-01,2026-01-29,4300000.0,72.75
Apple Watch SE 2 (cell),Xanh Đen,4490000.0,8790000.0,5911985.815602836,164,2025-12-01,2026-01-29,4300000.0,72.73
iPad Air M3 (128gb),Gray,12790000.0,25990000.0,18398558.01027676,368,2025-12-01,2026-01-29,13200000.0,71.74
Apple Watch SE 2 (cell),Starlight,4490000.0,8790000.0,5995797.101449275,153,2025-12-01,2026-01-29,4300000.0,71.72
iPad Air M2 (128gb),Starlight,13990000.0,26490000.0,17553832.6585695,210,2025-12-18,2026-01-29,12500000.0,71.21
iPad Air M2 (128gb),Blue,13990000.0,26490000.0,17602645.85792995,390,2025-12-15,2026-01-30,12500000.0,71.01
iPad Air M2 (128gb),Purple,13990000.0,26490000.0,17618552.078570023,384,2025-12-15,2026-01-30,12500000.0,70.95
iPad Air M3 (128gb),Trắng Vàng,12890000.0,25990000.0,18595520.833333332,184,2025-12-01,2026-01-29,13100000.0,70.45
iPad Air M3 (128gb),Starlight,12690000.0,25990000.0,18892165.123266827,693,2025-12-01,2026-01-30,13300000.0,70.4
iPad Air M3 (128gb),Blue,12690000.0,25990000.0,19004966.9360803,1314,2025-12-01,2026-01-30,13300000.0,69.98
iPad Air M3 (128gb),Purple,12690000.0,25990000.0,19030694.838419084,1315,2025-12-01,2026-01-30,13300000.0,69.89
iPad Air M3 (128gb),Xám Không Gian,12890000.0,25990000.0,18803687.684197888,430,2025-12-01,2026-01-30,13100000.0,69.67
iPad Air M2 (128gb),Space Grey,13990000.0,26490000.0,18207391.304347824,37,2025-12-19,2026-01-28,12500000.0,68.65
iPad Air M3 (128gb),Unknown,13490000.0,25890000.0,18487916.666666668,19,2025-12-17,2026-01-28,12400000.0,67.07
MacBook Pro 14 M4 (1tb),Silver,43990000.0,84990000.0,62095191.26491176,301,2025-12-15,2026-01-29,41000000.0,66.03
iPad Air M3 (256gb),Purple,15690000.0,28990000.0,20523698.63891642,648,2025-12-01,2026-01-30,13300000.0,64.8
iPad Air M2 (512gb),Starlight,16990000.0,34490000.0,27156132.404181182,223,2025-12-18,2026-01-29,17500000.0,64.44
iPad Air M3 (1tb),Blue,20190000.0,40190000.0,31092380.95238095,38,2025-12-19,2026-01-27,20000000.0,64.32
iPad Air M3 (256gb),Blue,15690000.0,28990000.0,20753796.068044443,676,2025-12-01,2026-01-30,13300000.0,64.08
iPad Air M3 (128gb),Đen - Xám,12890000.0,25890000.0,20521046.092796095,399,2025-12-19,2026-01-30,13000000.0,63.35
MacBook Pro 14 M4 (1tb),Black,43990000.0,82990000.0,61803365.86808636,301,2025-12-15,2026-01-29,39000000.0,63.1
iPad Air M3 (128gb),Trắng Starlight,12890000.0,25890000.0,20606423.07692308,392,2025-12-19,2026-01-30,13000000.0,63.09
iPad Air M3 (128gb),Space Grey,12690000.0,24490000.0,19229692.98245614,94,2025-12-01,2026-01-29,11800000.0,61.36
iPad Air M2 (1tb),Starlight,19990000.0,35990000.0,26116436.781609192,52,2025-12-19,2026-01-28,16000000.0,61.26
iPad Air M2 (1tb),Space Grey,19990000.0,35990000.0,26116436.781609192,52,2025-12-19,2026-01-28,16000000.0,61.26
iPad Air M3 (1tb),Starlight,20190000.0,40190000.0,32928505.747126434,39,2025-12-19,2026-01-29,20000000.0,60.74
iPad Air M3 (1tb),Purple,20190000.0,40190000.0,32928505.747126434,39,2025-12-19,2026-01-29,20000000.0,60.74
iPad Air M3 (256gb),Starlight,15690000.0,28990000.0,22240742.965367965,314,2025-12-18,2026-01-29,13300000.0,59.8
iPad Air M3 (128gb),Không Hài Lòng,12890000.0,23390000.0,17884444.444444444,15,2025-12-25,2025-12-27,10500000.0,58.71
iPad Air M3 (128gb),Hài Lòng,12890000.0,23390000.0,17884444.444444444,15,2025-12-25,2025-12-27,10500000.0,58.71
iPad Air M2 (1tb),Blue,19990000.0,35990000.0,28084907.407407407,80,2025-12-19,2026-01-30,16000000.0,56.97
iPad Air M2 (1tb),Purple,19990000.0,35990000.0,28084907.407407407,80,2025-12-19,2026-01-30,16000000.0,56.97
iPad Air M3 (1tb),Xám Không Gian,20190000.0,40190000.0,35628888.88888889,21,2025-12-19,2026-01-27,20000000.0,56.13
Apple Watch SE 3 (gps),Đêm Xanh Thẳm,4790000.0,8990000.0,7540375.0,182,2025-12-18,2026-01-29,4200000.0,55.7
Apple Watch SE 2 (cell),Unknown,5190000.0,8790000.0,6590000.0,3,2025-12-30,2026-01-11,3600000.0,54.63
iPad Air M3 (256gb),Space Grey,15890000.0,28490000.0,23553978.494623657,77,2025-12-19,2026-01-29,12600000.0,53.49
iPad 11 inch (A16) (128gb),Unknown,8490000.0,13590000.0,9740000.0,5,2026-01-08,2026-01-28,5100000.0,52.36
iPad Pro M4 (512gb),Silver,25990000.0,45590000.0,38174293.16161874,355,2025-12-15,2026-01-29,19600000.0,51.34
iPad Air M3 (512gb),Blue,20940000.0,34590000.0,26733458.408025376,435,2025-12-15,2026-01-30,13650000.0,51.06
Apple Watch SE (gps),Silver,7990000.0,13990000.0,11758292.68292683,181,2025-12-18,2026-01-29,6000000.0,51.03
iPad Air M3 (512gb),Purple,20940000.0,34590000.0,26940547.146624237,456,2025-12-15,2026-01-30,13650000.0,50.67
Apple Watch Series 10 (gps),Đen Bóng,7990000.0,13590000.0,11101916.37630662,289,2025-12-18,2026-01-29,5600000.0,50.44
Apple Watch Series 10 (gps),Vàng Hồng,7990000.0,13590000.0,11101916.37630662,289,2025-12-18,2026-01-29,5600000.0,50.44
Apple Watch Series 10 (gps),Silver,7990000.0,13590000.0,11101916.37630662,289,2025-12-18,2026-01-29,5600000.0,50.44
iPad Air M3 (256gb),Gray,15690000.0,25990000.0,20648185.515873015,311,2025-12-01,2026-01-29,10300000.0,49.88
iPad Air M3 (512gb),Starlight,20990000.0,34590000.0,27289075.396825396,241,2025-12-18,2026-01-29,13600000.0,49.84
iPad Gen 10 (64gb),Blue,12990000.0,20990000.0,16090775.19379845,74,2025-12-15,2026-01-30,8000000.0,49.72
iPad 11 inch (A16) (128gb),Blue,8390000.0,13890000.0,11081930.167613603,642,2025-12-01,2026-01-30,5500000.0,49.63
iPad 11 inch (A16) (128gb),Silver,8390000.0,13790000.0,10976037.432175668,601,2025-12-01,2026-01-30,5400000.0,49.2
iPad 11 inch (A16) (128gb),Pink,8490000.0,13890000.0,11065905.383233326,628,2025-12-01,2026-01-30,5400000.0,48.8
iPad Gen 10 (64gb),Pink,12990000.0,20990000.0,16462868.217054265,78,2025-12-15,2026-01-30,8000000.0,48.59
iPad Gen 10 (64gb),Purple,12990000.0,20990000.0,16462868.217054265,78,2025-12-15,2026-01-30,8000000.0,48.59
iPad Gen 10 (64gb),Gray,12990000.0,20990000.0,16462868.217054265,78,2025-12-15,2026-01-30,8000000.0,48.59
iPad Air M3 (512gb),Trắng Vàng,20940000.0,33990000.0,26935238.095238097,88,2025-12-15,2026-01-29,13050000.0,48.45
iPad Air M3 (256gb),Xám Không Gian,17590000.0,28790000.0,23227962.962962963,65,2025-12-19,2026-01-29,11200000.0,48.22
iPad 11 inch (A16) (128gb),Gold,8490000.0,13890000.0,11249197.168844229,518,2025-12-01,2026-01-30,5400000.0,48.0
iPad Air M3 (512gb),Gray,20940000.0,33990000.0,27211774.891774893,263,2025-12-15,2026-01-29,13050000.0,47.96
iPad Pro M4 (1tb),Spaceblack,34990000.0,56990000.0,46072837.83783784,144,2025-12-19,2026-01-29,22000000.0,47.75
iPad 11 inch (A16) (128gb),Yellow,8590000.0,13390000.0,10311428.57142857,50,2025-12-01,2026-01-29,4800000.0,46.55
iPad Mini 7 (128gb),Gray,11390000.0,17790000.0,13820376.984126985,224,2025-12-01,2026-01-29,6400000.0,46.31
iPad Pro M4 (1tb),Black,36990000.0,59490000.0,49020612.24489796,348,2025-12-15,2026-01-29,22500000.0,45.9
Apple Watch Series 11 (gps),Vàng Hồng,9390000.0,15090000.0,12453437.5,184,2025-12-18,2026-01-29,5700000.0,45.77
Apple Watch Series 11 (gps),Silver,9390000.0,15090000.0,12453437.5,184,2025-12-18,2026-01-29,5700000.0,45.77
AirPods 4,White,2990000.0,4690000.0,3802873.987690314,258,2025-12-01,2026-01-29,1700000.0,44.7
iPad Mini 7 (128gb),Purple,11390000.0,17790000.0,14324155.21596051,602,2025-12-01,2026-01-30,6400000.0,44.68
iPad Mini 7 (128gb),Blue,11390000.0,17790000.0,14347727.733149204,600,2025-12-01,2026-01-30,6400000.0,44.61
Apple Watch Series 11 (gps),Xám Không Gian,9390000.0,14690000.0,11907500.0,184,2025-12-18,2026-01-29,5300000.0,44.51
Apple Watch Series 11 (gps),Đen Bóng,9390000.0,14690000.0,11907500.0,184,2025-12-18,2026-01-29,5300000.0,44.51
iPad Pro M4 (2tb),Black,45090000.0,69990000.0,56674495.46485261,306,2025-12-15,2026-01-29,24900000.0,43.94
AirPods 4,Default/Unknown,3090000.0,4790000.0,3916388.888888889,72,2025-12-23,2026-01-30,1700000.0,43.41
iPad Mini 7 (128gb),Starlight,11490000.0,17690000.0,14459090.67882472,244,2025-12-08,2026-01-30,6200000.0,42.88
iPad Mini 7 (128gb),Xám Không Gian,11490000.0,17690000.0,14463037.037037035,192,2025-12-08,2026-01-30,6200000.0,42.87
iPad 11 inch (A16) (256gb),Pink,10990000.0,16690000.0,13422765.438972794,500,2025-12-01,2026-01-30,5700000.0,42.47
iPad 11 inch (A16) (256gb),Blue,10990000.0,16690000.0,13443482.471058354,534,2025-12-01,2026-01-30,5700000.0,42.4
iPad 11 inch (A16) (256gb),Silver,10990000.0,16690000.0,13483850.34436152,526,2025-12-01,2026-01-30,5700000.0,42.27
iPad Mini 7 (128gb),Trắng Vàng,11750000.0,17790000.0,14292300.595238095,185,2025-12-01,2026-01-29,6040000.0,42.26
iPad Air M3 (256gb),Trắng Vàng,15990000.0,24490000.0,20165000.0,139,2025-12-01,2026-01-29,8500000.0,42.15
Apple Watch SE 2 (gps),Black,4990000.0,7690000.0,6428203.703703703,318,2025-12-18,2026-01-29,2700000.0,42.0
iPad Air M3 (256gb),Trắng Starlight,16190000.0,24490000.0,19783456.89033189,219,2025-12-19,2026-01-30,8300000.0,41.95
iPad 11 inch (A16) (256gb),Gold,10990000.0,16690000.0,13622334.884559885,458,2025-12-01,2026-01-30,5700000.0,41.84
iPad Air M2 (1tb),Unknown,19990000.0,30490000.0,25156666.666666668,3,2025-12-20,2026-01-11,10500000.0,41.74
iPad Air M3 (256gb),Đen - Xám,16190000.0,24490000.0,19908234.290961564,223,2025-12-19,2026-01-30,8300000.0,41.69
Apple Watch Ultra 2,Nâu Da Nhạt,15990000.0,22990000.0,17448333.333333332,26,2025-12-19,2026-01-29,7000000.0,40.12
Apple Watch Ultra 2,Xanh Lá Sẫm,15990000.0,22990000.0,17448333.333333332,26,2025-12-19,2026-01-29,7000000.0,40.12
iPad Mini 7 (256gb),Blue,13990000.0,20790000.0,17104481.594056062,292,2025-12-08,2026-01-30,6800000.0,39.76
Apple Watch SE 3 (gps),Starlight,5990000.0,8990000.0,7555875.0,181,2025-12-18,2026-01-29,3000000.0,39.7
iPad Mini 7 (256gb),Trắng Vàng,13990000.0,20790000.0,17157913.832199544,176,2025-12-15,2026-01-29,6800000.0,39.63
iPad Mini 7 (256gb),Gray,13990000.0,20790000.0,17157913.832199544,176,2025-12-15,2026-01-29,6800000.0,39.63
iPad Mini 7 (128gb),Space Grey,11490000.0,17290000.0,14690000.0,53,2025-12-19,2026-01-29,5800000.0,39.48
iPad Pro M4 (256gb),Space Black,27190000.0,40490000.0,33735384.615384616,174,2025-12-18,2026-01-29,13300000.0,39.42
AirPods 4,Default,2890000.0,4290000.0,3557857.1428571427,77,2025-12-15,2026-01-29,1400000.0,39.35
iPad Mini 7 (128gb),Đen - Xám,11790000.0,17690000.0,15063416.666666666,130,2025-12-19,2026-01-30,5900000.0,39.17
iPad Air M2 (256gb),Blue,17990000.0,26290000.0,21247802.275244135,254,2025-12-18,2026-01-30,8300000.0,39.06
iPad Air M2 (256gb),Purple,17990000.0,26290000.0,21310900.131614417,246,2025-12-18,2026-01-30,8300000.0,38.95
iPad Air M3 (512gb),Space Grey,20990000.0,31490000.0,26969885.057471264,56,2025-12-19,2026-01-28,10500000.0,38.93
iPad Mini 7 (128gb),Trắng Starlight,11790000.0,17690000.0,15212166.666666666,135,2025-12-19,2026-01-30,5900000.0,38.78
iPad Pro M4 (256gb),Silver,27190000.0,40490000.0,34583833.30526796,495,2025-12-15,2026-01-30,13300000.0,38.46
iPad Mini 7 (256gb),Trắng Starlight,14190000.0,20490000.0,16624615.384615384,114,2025-12-19,2026-01-30,6300000.0,37.9
iPad Air M2 (512gb),White,19990000.0,28990000.0,23870952.38095238,46,2025-12-19,2026-01-30,9000000.0,37.7
iPad Air M2 (256gb),Space Gray,17990000.0,26290000.0,22077521.367521368,173,2025-12-18,2026-01-29,8300000.0,37.59
iPad Air M2 (256gb),Starlight,17990000.0,26290000.0,22091159.95115995,172,2025-12-18,2026-01-29,8300000.0,37.57
iPad Mini 7 (256gb),Đen - Xám,14190000.0,20490000.0,16787435.897435896,110,2025-12-19,2026-01-30,6300000.0,37.53
iPad Air M2 (512gb),Gray,19990000.0,28990000.0,24150919.540229883,51,2025-12-19,2026-01-30,9000000.0,37.27
Apple Watch Series 11 (alum_cell),Unknown,8990000.0,13090000.0,11082857.142857144,16,2025-12-15,2026-01-29,4100000.0,36.99
AirPods 4,Unknown,3090000.0,4490000.0,3790000.0,6,2025-12-19,2025-12-22,1400000.0,36.94
iPad Pro M4 (512gb),Unknown,30990000.0,44990000.0,37990000.0,2,2025-12-15,2026-01-07,14000000.0,36.85
iPad Mini 7 (256gb),Starlight,13990000.0,19990000.0,16774343.434343435,54,2025-12-08,2026-01-29,6000000.0,35.77
iPad Mini 7 (256gb),Space Grey,13990000.0,19990000.0,17033103.44827586,47,2025-12-19,2026-01-29,6000000.0,35.23
iPad Pro M4 (512gb),Space Black,31990000.0,45590000.0,38640854.7008547,176,2025-12-18,2026-01-29,13600000.0,35.2
Apple Watch SE 3 (alum_gps),Starlight,5490000.0,7790000.0,6840557.175251054,246,2025-12-01,2026-01-30,2300000.0,33.62
iPad 11 inch (A16) (512gb),Blue,15990000.0,22390000.0,19195760.86956522,140,2025-12-01,2026-01-29,6400000.0,33.34
iPad 11 inch (A16) (512gb),Silver,15990000.0,22390000.0,19195036.23188406,141,2025-12-01,2026-01-29,6400000.0,33.34
iMac M4 (16gb),Gold,32290000.0,44990000.0,38336931.21693122,130,2025-12-15,2026-01-29,12700000.0,33.13
iMac M4 (16gb),Purple,32290000.0,44990000.0,38345185.18518518,130,2025-12-15,2026-01-29,12700000.0,33.12
Apple Watch SE 3 (alum_gps),Xanh Đen,5490000.0,7890000.0,7262727.2727272725,103,2025-12-01,2026-01-30,2400000.0,33.05
Apple Watch SE 3 (alum_gps),Ánh Sao - Dây Trắng,5590000.0,7840000.0,6830034.722222223,193,2025-12-01,2026-01-29,2250000.0,32.94
Apple Watch SE 3 (alum_gps),Đêm Xanh Thẳm - Dây Đen,5590000.0,7840000.0,6841785.714285714,195,2025-12-01,2026-01-29,2250000.0,32.89
iMac M4 (16gb),Green,32290000.0,44990000.0,38648447.37895158,219,2025-12-15,2026-01-29,12700000.0,32.86
Apple Watch SE 3 (alum_gps),Black,5490000.0,7690000.0,6702500.0,16,2025-12-23,2026-01-16,2200000.0,32.82
iPad Air M3 (512gb),Trắng Starlight,21990000.0,29890000.0,24140000.0,85,2026-01-03,2026-01-30,7900000.0,32.73
iPad Air M3 (512gb),Đen - Xám,21990000.0,29890000.0,24197142.85714286,84,2026-01-03,2026-01-30,7900000.0,32.65
iMac M4 (16gb),Silver,32790000.0,44990000.0,38500739.32906496,219,2025-12-15,2026-01-29,12200000.0,31.69
iPad Air M2 (512gb),Space Gray,22990000.0,31590000.0,27170427.35042735,172,2025-12-18,2026-01-29,8600000.0,31.65
Apple Watch SE 3 (alum_gps),Trắng Starlight,5590000.0,7890000.0,7268787.878787879,102,2025-12-01,2026-01-30,2300000.0,31.64
Apple Watch Series 11 (alum_gps),Xám Không Gian,8990000.0,12190000.0,10117236.11111111,175,2025-12-01,2026-01-29,3200000.0,31.63
iMac M4 (16gb),Pink,32790000.0,44990000.0,38616053.054555155,219,2025-12-15,2026-01-29,12200000.0,31.59
MacBook Pro 14 M4 (24gb),Silver,46890000.0,63990000.0,54287735.01246228,383,2025-12-15,2026-01-30,17100000.0,31.5
Mac mini M4 (24gb),Mặc Định,24590000.0,33690000.0,28906666.666666668,88,2025-12-18,2026-01-29,9100000.0,31.48
iMac M4 (16gb),Orange,32990000.0,44990000.0,38439682.539682545,130,2025-12-15,2026-01-29,12000000.0,31.22
iPhone 15 (512gb),Black,20990000.0,28390000.0,23765024.801587302,102,2025-12-05,2026-01-29,7400000.0,31.14
iPhone 15 (512gb),Blue,20990000.0,28390000.0,23839206.349206347,91,2025-12-15,2026-01-29,7400000.0,31.04
iMac M4 (16gb),Blue,32990000.0,44990000.0,38660816.65999733,219,2025-12-15,2026-01-29,12000000.0,31.04
iPhone 15 (512gb),Green,20990000.0,28390000.0,23839206.349206347,91,2025-12-15,2026-01-29,7400000.0,31.04
iPhone 15 (512gb),Pink,20990000.0,28390000.0,23839206.349206347,91,2025-12-15,2026-01-29,7400000.0,31.04
Apple Watch Series 11 (alum_gps),Vàng Hồng,8990000.0,12190000.0,10512043.968253968,313,2025-12-01,2026-01-30,3200000.0,30.44
Apple Watch Series 11 (alum_gps),Đen Bóng,8990000.0,12190000.0,10531068.759018758,309,2025-12-01,2026-01-30,3200000.0,30.39
iPhone 15 (512gb),Gold,20990000.0,28390000.0,24496666.666666668,101,2025-12-01,2026-01-29,7400000.0,30.21
Mac mini M4 (16gb),Mặc Định,13990000.0,18890000.0,16440000.0,90,2025-12-18,2026-01-29,4900000.0,29.81
iPad 11 inch (A16) (512gb),Pink,16590000.0,22390000.0,19461212.12121212,106,2025-12-01,2026-01-29,5800000.0,29.8
iPad 11 inch (A16) (512gb),Gold,16590000.0,22390000.0,19521851.851851854,107,2025-12-01,2026-01-29,5800000.0,29.71
Apple Watch Series 11 (alum_gps),Silver,8990000.0,12190000.0,10819122.807017544,187,2025-12-01,2026-01-30,3200000.0,29.58
iPad Mini 7 (128gb),Unknown,11790000.0,15690000.0,13340000.0,6,2025-12-19,2026-01-27,3900000.0,29.24
MacBook Air M4 13-inch (16gb),Xanh Da Trời,23490000.0,31390000.0,27032324.098124098,415,2025-12-01,2026-01-30,7900000.0,29.22
Apple Watch Series 11 (alum_gps),Black,9190000.0,12290000.0,10612549.019607844,140,2025-12-23,2026-01-30,3100000.0,29.21
Apple Watch Series 11 (alum_gps),Tím Sương Khói,9190000.0,12290000.0,10621386.55462185,82,2025-12-23,2026-01-30,3100000.0,29.19
iPad Air M3 (512gb),Xám Không Gian,25990000.0,34590000.0,30261052.63157895,33,2025-12-19,2026-01-29,8600000.0,28.42
iPad Air M2 (128gb),Gray,14490000.0,19490000.0,17836598.63945578,176,2025-12-15,2026-01-30,5000000.0,28.03
Mac Studio M2,Mặc Định,115990000.0,153490000.0,134317067.66917294,86,2025-12-18,2026-01-29,37500000.0,27.92
MacBook Air M4 13-inch (16gb),Starlight,23690000.0,31390000.0,27725942.846835706,361,2025-12-01,2026-01-29,7700000.0,27.77
MacBook Air M4 13-inch (16gb),Đêm Xanh Thẳm,23690000.0,31290000.0,27404156.832247593,395,2025-12-01,2026-01-29,7600000.0,27.73
Apple Watch Series 11 (titan_cell),Xám Đá Phiến,17990000.0,23490000.0,20020821.256038647,154,2025-12-01,2026-01-29,5500000.0,27.47
Apple Watch Series 11 (alum_gps),Size S/M,9290000.0,12090000.0,10250000.0,79,2025-12-01,2025-12-22,2800000.0,27.32
Apple Watch Series 10 (alum_gps),Pink,7990000.0,10490000.0,9153888.88888889,95,2025-12-01,2026-01-29,2500000.0,27.31
Apple Watch Series 10 (alum_gps),Silver,7990000.0,10490000.0,9156145.833333334,97,2025-12-01,2026-01-29,2500000.0,27.3
Apple Watch Series 10 (alum_gps),Black,7990000.0,10490000.0,9161527.777777778,95,2025-12-01,2026-01-29,2500000.0,27.29
iPad Air M2 (128gb),Trắng Vàng,14490000.0,19490000.0,18382857.14285714,58,2025-12-15,2026-01-15,5000000.0,27.2
Apple Watch Series 11 (titan_cell),Gold,17990000.0,23590000.0,20644852.60770975,213,2025-12-01,2026-01-30,5600000.0,27.13
iPad Mini 7,Unknown,13390000.0,17590000.0,15490000.0,2,2026-01-28,2026-01-28,4200000.0,27.11
Apple Watch Series 11 (titan_cell),Tự Nhiên,17990000.0,23590000.0,20735134.43472627,242,2025-12-01,2026-01-30,5600000.0,27.01
Apple Watch SE 3 (alum_gps),Đêm Xanh Thẳm,5890000.0,7690000.0,6690763.888888889,156,2025-12-01,2026-01-29,1800000.0,26.9
MacBook Pro 16 M4 (1tb),Silver,79090000.0,103690000.0,91586755.05050506,164,2025-12-15,2026-01-30,24600000.0,26.86
Apple Watch SE 2 (alum_gps),Starlight,4590000.0,5890000.0,4865000.0,22,2025-12-19,2025-12-27,1300000.0,26.72
Apple Watch Series 11 (titan_cell),Natural Titanium,18190000.0,23790000.0,21039241.07142857,238,2025-12-01,2026-01-30,5600000.0,26.62
Apple Watch Series 11 (alum_gps),Vàng Hồng - Dây Hồng,9190000.0,11990000.0,10566562.5,193,2025-12-01,2026-01-29,2800000.0,26.5
Apple Watch Series 11 (alum_gps),Bạc - Dây Tím,9190000.0,11990000.0,10566736.11111111,193,2025-12-01,2026-01-29,2800000.0,26.5
Apple Watch Series 11 (alum_gps),Đen Bóng - Dây Đen,9190000.0,11990000.0,10569172.97979798,193,2025-12-01,2026-01-29,2800000.0,26.49
Apple Watch Series 11 (alum_gps),Xám Không Gian - Dây Đen,9190000.0,11990000.0,10573333.333333334,194,2025-12-01,2026-01-29,2800000.0,26.48
Apple Watch Series 11 (alum_gps),Gray,9190000.0,12090000.0,10986666.666666666,156,2025-12-01,2026-01-30,2900000.0,26.4
Apple Watch Series 11 (titan_cell),Titan Vàng,18190000.0,23790000.0,21270805.224867728,336,2025-12-01,2026-01-30,5600000.0,26.33
Apple Watch Series 11 (titan_cell),Titan Xám,18190000.0,23790000.0,21266995.7010582,310,2025-12-01,2026-01-30,5600000.0,26.33
Apple Watch SE 2 (alum_gps),Đêm Xanh Thẳm,4590000.0,5890000.0,4996578.947368421,104,2025-12-19,2026-01-30,1300000.0,26.02
iPhone 14 (256gb),Blue,16190000.0,20590000.0,16921728.57142857,270,2025-12-01,2026-01-30,4400000.0,26.0
Apple Watch SE 3 (alum_gps),Size S/M,5590000.0,7190000.0,6374375.0,30,2025-12-08,2025-12-22,1600000.0,25.1
iPhone 14 (256gb),White,16290000.0,20590000.0,17140889.212827988,211,2025-12-05,2026-01-30,4300000.0,25.09
Mac mini M4 (16gb),Default,13990000.0,18590000.0,18429534.88372093,44,2025-12-17,2026-01-29,4600000.0,24.96
iPhone 14 (256gb),Black,16290000.0,20590000.0,17306433.333333336,219,2025-12-01,2026-01-30,4300000.0,24.85
Apple Watch SE 2 (alum_gps),Silver,4590000.0,5890000.0,5237386.018237082,128,2025-12-01,2026-01-29,1300000.0,24.82
iPhone 16E (128gb),Black,12490000.0,15990000.0,14229390.952380953,207,2025-12-01,2026-01-30,3500000.0,24.6
iPhone 14 (256gb),Purple,16290000.0,20590000.0,17535634.920634918,69,2025-12-15,2026-01-30,4300000.0,24.52
Apple Watch Series 10 (alum_cell),Vàng Hồng,10190000.0,13190000.0,12236396.396396397,81,2025-12-19,2026-01-29,3000000.0,24.52
Apple Watch Series 10 (alum_cell),Đen Bóng,10190000.0,13190000.0,12240000.0,82,2025-12-19,2026-01-29,3000000.0,24.51
iPhone 16E (128gb),White,12490000.0,15990000.0,14316667.619047618,213,2025-12-01,2026-01-30,3500000.0,24.45
Apple Watch Series 10 (titan_cell),Xám Đá Phiến,15390000.0,19790000.0,18046510.416666668,85,2025-12-19,2026-01-29,4400000.0,24.38
Apple Watch Series 10 (titan_cell),Tự Nhiên,15390000.0,19790000.0,18046510.416666668,85,2025-12-19,2026-01-29,4400000.0,24.38
Apple Watch Series 10 (titan_cell),Gold,15390000.0,19790000.0,18046510.416666668,85,2025-12-19,2026-01-29,4400000.0,24.38
Mac mini M4 (24gb),Silver,18990000.0,24290000.0,21834444.444444444,85,2025-12-15,2026-01-29,5300000.0,24.27
iPhone 16E (256gb),Black,15490000.0,19590000.0,16990204.08163265,145,2025-12-01,2026-01-29,4100000.0,24.13
iPhone 16E (256gb),White,15490000.0,19590000.0,16996326.530612245,144,2025-12-01,2026-01-29,4100000.0,24.12
Apple Watch SE (gps),Gold,10990000.0,13990000.0,12518455.284552846,136,2025-12-18,2026-01-29,3000000.0,23.96
Apple Watch SE (gps),Graphite,10990000.0,13990000.0,12518455.284552846,136,2025-12-18,2026-01-29,3000000.0,23.96
Apple Watch SE 3 (alum_gps),Size M/L,5690000.0,7190000.0,6279583.333333333,25,2025-12-08,2025-12-22,1500000.0,23.89
Apple Watch Series 10 (alum_gps),Màu Mận,7990000.0,9990000.0,8371250.0,53,2025-12-01,2026-01-29,2000000.0,23.89
iPhone 14 (256gb),Gold,16290000.0,20590000.0,18031500.0,80,2025-12-01,2026-01-30,4300000.0,23.85
iPhone 14 (256gb),Red,16290000.0,20590000.0,18084500.0,81,2025-12-01,2026-01-30,4300000.0,23.78
Apple Watch Series 11 (alum_gps),Phớt Hồng,9190000.0,11490000.0,9717777.777777778,20,2025-12-23,2026-01-11,2300000.0,23.67
iPhone Air (256gb),Xanh Da Trời,25490000.0,31990000.0,27584170.61696473,334,2025-11-29,2026-01-30,6500000.0,23.56
iPhone Air (256gb),Vàng Nhạt,25490000.0,31990000.0,27613460.92796093,328,2025-12-01,2026-01-30,6500000.0,23.54
MacBook Air M4 15-inch (16gb),Xanh Da Trời,28590000.0,35990000.0,31647375.40106952,344,2025-12-01,2026-01-30,7400000.0,23.38
Apple Watch Series 11 (alum_cell),Size S/M,12190000.0,15290000.0,13387678.57142857,74,2025-12-01,2025-12-22,3100000.0,23.16
Apple Watch Series 11 (alum_cell),Black,12190000.0,15290000.0,13469714.285714285,147,2025-12-23,2026-01-29,3100000.0,23.01
MacBook Pro 16 M4 (1tb),Black,79090000.0,99990000.0,90994089.14728683,156,2025-12-15,2026-01-30,20900000.0,22.97
Apple Watch Series 11 (alum_cell),Tím Sương Khói,12190000.0,15290000.0,13573142.857142856,88,2025-12-24,2026-01-30,3100000.0,22.84
iPhone Air (256gb),Đen Không Gian,25690000.0,31990000.0,27659470.9593239,329,2025-11-29,2026-01-30,6300000.0,22.78
Apple Watch Series 11 (alum_gps),"Viền Nhôm Dây Cao Su Chính Hãng, Giá Rẻ",9490000.0,11990000.0,10973333.333333334,6,2026-01-04,2026-01-28,2500000.0,22.78
iPhone 16 Pro Max (512gb),Natural Titanium,31590000.0,40190000.0,37876360.59474295,318,2025-12-01,2026-01-30,8600000.0,22.71
iPhone 16 Pro Max (512gb),Black Titanium,31590000.0,40190000.0,37879068.34450952,319,2025-12-01,2026-01-30,8600000.0,22.7
iPhone 16 Pro Max (512gb),Desert Titanium,31590000.0,40190000.0,37928272.35944883,302,2025-12-01,2026-01-30,8600000.0,22.67
iPhone 16 Pro Max (512gb),White Titanium,31590000.0,40190000.0,38055776.53283536,279,2025-12-01,2026-01-30,8600000.0,22.6
Apple Watch Ultra 2 (titan),Natural Titanium,19290000.0,23990000.0,20843571.42857143,352,2025-12-15,2026-01-29,4700000.0,22.55
iPad Pro M4 (1tb),Default,36990000.0,45990000.0,39990000.0,3,2025-12-27,2025-12-30,9000000.0,22.51
iPhone Air (256gb),Trắng Mây,25790000.0,31990000.0,27626036.752136752,328,2025-12-01,2026-01-30,6200000.0,22.44
iPad Air M2 (128gb),Space Gray,15690000.0,19590000.0,17445769.230769232,174,2025-12-18,2026-01-29,3900000.0,22.35
Apple Watch Series 11 (alum_cell),Silver,11990000.0,14990000.0,13593809.523809522,133,2025-12-01,2026-01-30,3000000.0,22.07
Apple Watch Series 11 (alum_cell),Đen Bóng,11990000.0,14990000.0,13599074.074074075,132,2025-12-01,2026-01-30,3000000.0,22.06
Apple Watch Series 11 (alum_cell),Vàng Hồng,11990000.0,14990000.0,13603666.666666666,127,2025-12-01,2026-01-30,3000000.0,22.05
Apple Watch Series 11 (alum_cell),Xám Không Gian,11990000.0,14990000.0,13857777.777777778,73,2025-12-01,2026-01-29,3000000.0,21.65
iPad Pro M4 (256gb),Black,31990000.0,39990000.0,37315227.27272727,205,2025-12-15,2026-01-30,8000000.0,21.44
MacBook Air M4 15-inch (16gb),Starlight,28590000.0,35290000.0,31631685.50936858,288,2025-12-01,2026-01-29,6700000.0,21.18
MacBook Air M4 15-inch (16gb),Silver,28590000.0,35290000.0,31651685.678416345,379,2025-12-01,2026-01-29,6700000.0,21.17
MacBook Air M4 15-inch (16gb),Đêm Xanh Thẳm,28590000.0,35290000.0,31643671.754416052,291,2025-12-01,2026-01-29,6700000.0,21.17
Apple Watch Series 11 (titan_cell),Titan Vàng - Dây Hồng,18190000.0,22490000.0,20324126.984126985,175,2025-12-15,2026-01-29,4300000.0,21.16
Apple Watch Series 11 (titan_cell),Titan Tự Nhiên - Dây Xám,18190000.0,22490000.0,20331269.841269843,175,2025-12-15,2026-01-29,4300000.0,21.15
Apple Watch Series 11 (titan_cell),Titan Đen - Dây Đen,18190000.0,22490000.0,20350317.460317463,175,2025-12-15,2026-01-29,4300000.0,21.13
Apple Watch SE 2 (alum_gps),Trắng Vàng,4790000.0,5890000.0,5220357.142857143,88,2025-12-15,2026-01-29,1100000.0,21.07
iPad Pro M5 11-inch (256gb),Silver,28790000.0,35590000.0,32305730.50406384,316,2025-12-15,2026-01-30,6800000.0,21.05
Apple Watch SE 2 (alum_gps),Viền Nhôm Dây Cao Su S/M,4790000.0,5890000.0,5265000.0,4,2026-01-03,2026-01-24,1100000.0,20.89
iPhone 17 (512gb),Black,24990000.0,31490000.0,31162575.396825396,338,2025-12-01,2026-01-30,6500000.0,20.86
Apple Watch Series 11 (alum_cell),Bạc - Dây Tím,12190000.0,14990000.0,13515757.575757576,191,2025-12-15,2026-01-29,2800000.0,20.72
Apple Watch Series 11 (alum_cell),Đen Bóng - Dây Đen,12190000.0,14990000.0,13531287.878787877,191,2025-12-15,2026-01-29,2800000.0,20.69
Apple Watch Series 11 (alum_cell),Xám Không Gian - Dây Đen,12190000.0,14990000.0,13532424.242424242,191,2025-12-15,2026-01-29,2800000.0,20.69
iPad Pro M5 11-inch (256gb),Đen Không Gian,28890000.0,35290000.0,31331338.529551506,257,2025-12-15,2026-01-29,6400000.0,20.43
iPhone 16E (128gb),Unknown,12490000.0,15190000.0,13261428.57142857,7,2025-12-15,2026-01-10,2700000.0,20.36
Apple Watch SE 2 (alum_gps),Black,4790000.0,5890000.0,5410952.380952381,119,2025-12-15,2026-01-29,1100000.0,20.33
Apple Watch SE 3 (alum_gps),40Mm,5590000.0,6890000.0,6404285.714285715,113,2025-12-25,2026-01-30,1300000.0,20.3
Apple Watch SE 3 (alum_cell),Starlight,7590000.0,9290000.0,8476836.734693877,154,2025-12-01,2026-01-30,1700000.0,20.05
iPad Pro M4 (512gb),Black,36990000.0,44990000.0,39936428.571428575,130,2025-12-15,2026-01-29,8000000.0,20.03
iPad Air M2,Unknown,17990000.0,21990000.0,19990000.0,2,2026-01-04,2026-01-28,4000000.0,20.01
Apple Watch SE 3 (alum_cell),Black,7590000.0,9290000.0,8501538.461538462,17,2025-12-23,2026-01-26,1700000.0,20.0
Apple Watch SE 3 (alum_cell),Ánh Sao - Dây Trắng,7590000.0,9290000.0,8516785.714285715,175,2025-12-15,2026-01-29,1700000.0,19.96
Apple Watch SE 3 (alum_cell),Đêm Xanh Thẳm - Dây Đen,7590000.0,9290000.0,8538214.285714285,175,2025-12-15,2026-01-29,1700000.0,19.91
Apple Watch Series 11 (alum_gps),Size M/L,9990000.0,12090000.0,10715000.0,39,2025-12-01,2025-12-22,2100000.0,19.6
iPad Pro M5 11-inch (12gb),Silver,29190000.0,35590000.0,32844824.561403506,78,2025-12-19,2026-01-30,6400000.0,19.49
Mac Studio M4,Mặc Định,57990000.0,70490000.0,64404473.684210524,87,2025-12-18,2026-01-29,12500000.0,19.41
iPad Air M2,White,17990000.0,21990000.0,20656666.666666668,3,2026-01-20,2026-01-24,4000000.0,19.36
Apple Watch Series 11 (alum_gps),42Mm,9190000.0,11190000.0,10352500.0,153,2025-12-25,2026-01-30,2000000.0,19.32
iPad Pro M4,Silver,27990000.0,33890000.0,30661428.57142857,7,2025-12-29,2026-01-25,5900000.0,19.24
Apple Watch Series 11 (alum_cell),Vàng Hồng - Dây Hồng,12390000.0,14990000.0,13552500.0,191,2025-12-15,2026-01-29,2600000.0,19.18
iPad Pro M5 11-inch (1tb),Silver,44990000.0,53990000.0,48217020.202020206,148,2025-12-19,2026-01-30,9000000.0,18.67
iPad Pro M5 11-inch (1tb),Đen Không Gian,44990000.0,53990000.0,49248620.68965517,68,2025-12-19,2026-01-29,9000000.0,18.27
iPad Pro M4 (512gb),Spaceblack,25990000.0,30990000.0,27440000.0,22,2025-12-19,2026-01-29,5000000.0,18.22
iPad Pro M5 11-inch (12gb),Black,29690000.0,35590000.0,32392380.95238095,31,2025-12-19,2026-01-21,5900000.0,18.21
Apple Watch Series 10 (gps),Unknown,7990000.0,9590000.0,8790000.0,2,2026-01-07,2026-01-11,1600000.0,18.2
iPad Pro M5 11-inch (1tb),Unknown,44990000.0,53990000.0,49490000.0,4,2025-12-19,2026-01-11,9000000.0,18.19
iPad Pro M5 11-inch (256gb),12Gb - 256Gb,29490000.0,34990000.0,30239841.26984127,172,2025-12-25,2026-01-30,5500000.0,18.19
Apple Watch Series 11 (titan_cell),42Mm,18190000.0,21790000.0,19855351.473922905,247,2025-12-25,2026-01-30,3600000.0,18.13
iPad Pro M5 11-inch (12gb),Unknown,29190000.0,34790000.0,31150000.0,8,2026-01-02,2026-01-28,5600000.0,17.98
Apple Watch Series 10 (alum_gps),Xanh Nhạt,7990000.0,9490000.0,8360833.333333333,53,2025-12-01,2026-01-29,1500000.0,17.94
Apple Watch Series 11 (alum_gps),46Mm,9990000.0,11990000.0,11158750.0,151,2025-12-25,2026-01-30,2000000.0,17.92
Apple Watch Ultra 2 (titan),Black Titanium,19290000.0,22990000.0,20719714.95119787,346,2025-12-15,2026-01-29,3700000.0,17.86
Apple Watch Series 10 (alum_cell),Silver,10990000.0,13190000.0,12421250.0,52,2025-12-19,2026-01-29,2200000.0,17.71
MacBook Pro 14 M5 (1tb),Silver,46890000.0,55390000.0,48481320.59800665,148,2025-12-15,2026-01-29,8500000.0,17.53
MacBook Pro 14 M5 (1tb),Unknown,46890000.0,55390000.0,48590000.0,5,2025-12-27,2026-01-28,8500000.0,17.49
Apple Watch Ultra 3 (titan),Unknown,22490000.0,26790000.0,24702500.0,12,2025-12-01,2026-01-11,4300000.0,17.41
iPad Air M2 (1tb),White,28990000.0,34490000.0,31694545.454545453,28,2025-12-22,2026-01-30,5500000.0,17.35
iPad Air M2 (1tb),Gray,28990000.0,34490000.0,31694545.454545453,28,2025-12-22,2026-01-30,5500000.0,17.35
Apple Watch Series 11 (alum_gps),Unknown,9690000.0,11490000.0,10390000.0,3,2025-12-15,2026-01-11,1800000.0,17.32
iPhone Air (1tb),Vàng Nhạt,35290000.0,41990000.0,39266746.03174603,352,2025-12-01,2026-01-30,6700000.0,17.06
Apple Watch SE 3 (alum_cell),Xanh Đen,7590000.0,8990000.0,8209047.619047619,51,2025-12-01,2026-01-07,1400000.0,17.05
iPhone Air (1tb),Xanh Da Trời,35290000.0,41990000.0,39315386.50793651,324,2025-12-01,2026-01-30,6700000.0,17.04
Apple Watch Series 10 (titan_cell),Natural Titanium,15990000.0,18990000.0,17764638.44797178,288,2025-12-01,2026-01-29,3000000.0,16.89
Apple Watch SE 3 (alum_cell),Size S/M,7590000.0,8990000.0,8306666.666666667,28,2025-12-01,2025-12-22,1400000.0,16.85
iPhone Air (256gb),Unknown,25990000.0,30590000.0,27310000.0,5,2025-12-15,2026-01-15,4600000.0,16.84
iPhone 16 Plus (512gb),White,29290000.0,34290000.0,29738302.93819655,123,2025-12-05,2026-01-29,5000000.0,16.81
MacBook Pro 14 M5 (1tb),Black,46890000.0,55390000.0,50762649.572649576,108,2025-12-19,2026-01-30,8500000.0,16.74
iPhone 16 Plus (512gb),Black,29290000.0,34290000.0,29933573.90873016,136,2025-12-01,2026-01-29,5000000.0,16.7
iPhone 16 Plus (512gb),Pink,29290000.0,34290000.0,29958191.964285713,148,2025-12-01,2026-01-29,5000000.0,16.69
Apple Watch SE 3 (alum_cell),Đêm Xanh Thẳm,7590000.0,8990000.0,8561871.5393134,124,2025-12-01,2026-01-28,1400000.0,16.35
iPhone 16 Plus (512gb),Xanh Lưu Ly,29390000.0,34290000.0,30061956.845238093,130,2025-12-01,2026-01-29,4900000.0,16.3
iPhone 16 Plus (512gb),Xanh Mòng Két,29390000.0,34290000.0,30062254.464285716,131,2025-12-01,2026-01-29,4900000.0,16.3
Apple Watch Series 11 (titan_cell),46Mm,20090000.0,23590000.0,21645306.12244898,246,2025-12-25,2026-01-30,3500000.0,16.17
Apple Watch Ultra 3 (titan),Tự Nhiên,22490000.0,26290000.0,23615013.8427464,192,2025-12-01,2026-01-29,3800000.0,16.09
Apple Watch SE 3 (alum_cell),Trắng Starlight,7690000.0,8990000.0,8087619.047619048,52,2025-12-01,2026-01-07,1300000.0,16.07
iPhone 16 Pro Max (1tb),Desert Titanium,41490000.0,48490000.0,43556678.004535146,187,2025-12-01,2026-01-29,7000000.0,16.07
iPhone 16 Pro Max (1tb),Black Titanium,41490000.0,48490000.0,43606712.01814059,182,2025-12-01,2026-01-29,7000000.0,16.05
iPhone 16 Pro Max (1tb),Natural Titanium,41490000.0,48490000.0,43762959.18367347,153,2025-12-01,2026-01-29,7000000.0,16.0
iPad Pro M5 11-inch (256gb),Black,29990000.0,35590000.0,35109191.91919192,70,2025-12-19,2026-01-30,5600000.0,15.95
Apple Watch Ultra 3 (titan),Black,22490000.0,26290000.0,23831002.436518013,306,2025-12-01,2026-01-30,3800000.0,15.95
Apple Watch Series 11 (alum_cell),Size M/L,13090000.0,15290000.0,13808333.333333334,38,2025-12-01,2025-12-22,2200000.0,15.93
iPad Air M2,Purple,16990000.0,19990000.0,18934444.444444444,10,2025-12-31,2026-01-28,3000000.0,15.84
MacBook Air M4 13-inch (24gb),Silver,30390000.0,35590000.0,32891440.035273366,312,2025-12-15,2026-01-30,5200000.0,15.81
iPhone Air (1tb),Đen Không Gian,35790000.0,41990000.0,39269412.6984127,350,2025-12-01,2026-01-30,6200000.0,15.79
Apple Watch Series 11 (alum_cell),Gray,12190000.0,14290000.0,13332857.142857144,57,2025-12-01,2026-01-30,2100000.0,15.75
MacBook Air M4 15-inch (16gb),Xanh Đen,28990000.0,33990000.0,31808181.818181816,81,2025-12-23,2026-01-22,5000000.0,15.72
MacBook Air M4 15-inch (16gb),Gold,28990000.0,33990000.0,31808181.818181816,81,2025-12-23,2026-01-22,5000000.0,15.72
MacBook Air M4 15-inch (16gb),Xanh Da Trời Nhạt,28990000.0,33990000.0,31808181.818181816,81,2025-12-23,2026-01-22,5000000.0,15.72
MacBook Air M4 15-inch (24gb),Xanh Da Trời,34990000.0,40990000.0,38275856.78210679,173,2025-12-15,2026-01-30,6000000.0,15.68
iPhone Air (512gb),Trắng Mây,31290000.0,36490000.0,33617890.47619048,226,2025-12-01,2026-01-30,5200000.0,15.47
iPhone Air (512gb),Đen Không Gian,31290000.0,36490000.0,33620390.47619048,225,2025-12-01,2026-01-30,5200000.0,15.47
iPhone Air (512gb),Vàng Nhạt,31290000.0,36490000.0,33624557.14285714,226,2025-12-01,2026-01-30,5200000.0,15.46
iPad Pro M5 13-inch (12gb),Silver,38990000.0,45590000.0,42765000.0,62,2025-12-19,2026-01-30,6600000.0,15.43
Apple Watch SE 2 (alum_gps),"Viền Nhôm Dây Cao Su S/M Chính Hãng, Giá Rẻ",4790000.0,5590000.0,5190000.0,2,2026-01-28,2026-01-28,800000.0,15.41
iPad Pro M5 11-inch (512gb),Unknown,34490000.0,39990000.0,35865000.0,3,2025-12-20,2026-01-07,5500000.0,15.34
iPhone Air (1tb),Trắng Mây,35990000.0,41990000.0,39306674.603174604,337,2025-12-01,2026-01-30,6000000.0,15.26
iPhone 15 (256gb),Gold,17990000.0,20990000.0,19783253.968253966,143,2025-12-01,2026-01-29,3000000.0,15.16
iPad Pro M5 11-inch (512gb),Silver,34490000.0,39990000.0,36303272.42524917,243,2025-12-15,2026-01-29,5500000.0,15.15
iPhone 14 (512gb),White,21290000.0,24990000.0,24496666.666666668,33,2025-12-15,2026-01-30,3700000.0,15.1
iPhone 14 (512gb),Black,21290000.0,24990000.0,24496666.666666668,33,2025-12-15,2026-01-30,3700000.0,15.1
iPhone 14 (512gb),Red,21290000.0,24990000.0,24607241.379310343,32,2025-12-19,2026-01-30,3700000.0,15.04
iPhone 14 (512gb),Gold,21290000.0,24990000.0,24607241.379310343,32,2025-12-19,2026-01-30,3700000.0,15.04
iPad Pro M5 11-inch (512gb),Đen Không Gian,34490000.0,39990000.0,36558452.38095238,166,2025-12-15,2026-01-29,5500000.0,15.04
iPhone 14 (512gb),Blue,21290000.0,24990000.0,24706666.666666664,62,2025-12-15,2026-01-30,3700000.0,14.98
iPhone 14 (512gb),Purple,21290000.0,24990000.0,24706666.666666664,62,2025-12-15,2026-01-30,3700000.0,14.98
Apple Watch Ultra 3 (titan),Size L,23190000.0,26990000.0,25401111.11111111,8,2025-12-19,2025-12-22,3800000.0,14.96
iPhone Air (512gb),Xanh Da Trời,31490000.0,36490000.0,33623000.0,216,2025-12-01,2026-01-30,5000000.0,14.87
iPad Pro M4 (256gb),Spaceblack,34290000.0,39490000.0,35167777.777777776,41,2025-12-19,2026-01-29,5200000.0,14.79
iPad Pro M5 13-inch (256gb),Silver,38990000.0,45190000.0,42014388.40229538,214,2025-12-15,2026-01-29,6200000.0,14.76
Apple Watch Series 10 (titan_cell),Black Titanium,15990000.0,18590000.0,17626666.666666668,263,2025-12-15,2026-01-29,2600000.0,14.75
Apple Watch Ultra 3 (titan),Titan Đen - Dây Đen,22990000.0,26490000.0,23760746.527777776,361,2025-12-01,2026-01-29,3500000.0,14.73
iPad Pro M5 13-inch (256gb),Đen Không Gian,38990000.0,45190000.0,42093847.117794484,206,2025-12-15,2026-01-29,6200000.0,14.73
Apple Watch Series 10 (titan_cell),Titan Vàng,15990000.0,18590000.0,17748649.776149776,338,2025-12-01,2026-01-29,2600000.0,14.65
iPad Pro M5 13-inch (12gb),Black,39390000.0,45590000.0,42340000.0,49,2025-12-19,2026-01-23,6200000.0,14.64
Apple Watch Ultra 3,Black,22990000.0,26490000.0,24051932.089909136,187,2025-12-18,2026-01-29,3500000.0,14.55
Apple Watch Ultra 3,Tự Nhiên,22990000.0,26490000.0,24051932.089909136,187,2025-12-18,2026-01-29,3500000.0,14.55
Apple Watch SE 3 (alum_cell),Size M/L,7590000.0,8790000.0,8246250.0,27,2025-12-08,2025-12-22,1200000.0,14.55
Apple Watch Series 11 (alum_cell),42Mm,12190000.0,14090000.0,13200000.0,48,2025-12-25,2026-01-22,1900000.0,14.39
iPad Air M3 (256gb),Default,20390000.0,23490000.0,21940000.0,2,2025-12-26,2025-12-29,3100000.0,14.13
Apple Watch Series 11 (alum_cell),"Viền Nhôm Dây Cao Su Chính Hãng, Giá Rẻ",12190000.0,14090000.0,13456666.666666666,3,2026-01-04,2026-01-28,1900000.0,14.12
iPad Mini 7 (256gb),Xám Không Gian,14190000.0,16290000.0,14890000.0,7,2025-12-08,2025-12-20,2100000.0,14.1
Apple Watch Ultra 3 (titan),Natural Titanium,23190000.0,26490000.0,23614930.555555556,216,2025-12-01,2026-01-30,3300000.0,13.97
Apple Watch Ultra 3 (titan),Black Titanium,23190000.0,26490000.0,23646760.912698414,244,2025-12-01,2026-01-30,3300000.0,13.96
iPhone 16 (512gb),Pink,27290000.0,31390000.0,29415282.73809524,107,2025-12-01,2026-01-29,4100000.0,13.94
iPhone 16 (512gb),White,27290000.0,31390000.0,29415282.73809524,107,2025-12-01,2026-01-29,4100000.0,13.94
iPhone 16 (512gb),Black,27290000.0,31390000.0,29415282.73809524,107,2025-12-01,2026-01-29,4100000.0,13.94
iPad Pro M5 13-inch (12gb),Unknown,38990000.0,44690000.0,40973333.333333336,5,2026-01-24,2026-01-28,5700000.0,13.91
iMac M4 (24gb),Silver,43490000.0,49990000.0,46902023.809523806,87,2025-12-15,2026-01-29,6500000.0,13.86
iPhone 16 Pro (1tb),Black Titanium,37690000.0,43090000.0,39504738.0952381,288,2025-12-01,2026-01-30,5400000.0,13.67
iPhone 16 Pro (1tb),Desert Titanium,37690000.0,43090000.0,39505071.42857143,289,2025-12-01,2026-01-30,5400000.0,13.67
iPhone 16 Pro (1tb),White Titanium,37690000.0,43090000.0,39502261.9047619,286,2025-12-01,2026-01-30,5400000.0,13.67
iPhone 16 Pro (1tb),Natural Titanium,37690000.0,43090000.0,39523871.42857143,297,2025-12-01,2026-01-30,5400000.0,13.66
iPhone 15 (256gb),Green,17990000.0,20690000.0,19809104.30839002,143,2025-12-01,2026-01-29,2700000.0,13.63
iPhone 15 (256gb),Blue,17990000.0,20690000.0,19840136.054421768,188,2025-12-01,2026-01-29,2700000.0,13.61
iPhone 15 (256gb),Pink,17990000.0,20690000.0,19883843.537414968,187,2025-12-01,2026-01-29,2700000.0,13.58
Apple Watch SE 2 (alum_gps),Default,4990000.0,5690000.0,5165000.0,34,2025-12-15,2026-01-29,700000.0,13.55
Apple Watch Ultra 3 (titan),Size S,23190000.0,26490000.0,24634444.444444444,11,2025-12-19,2025-12-22,3300000.0,13.4
Apple Watch Ultra 3 (titan),Size M,23190000.0,26490000.0,24634444.444444444,11,2025-12-19,2025-12-22,3300000.0,13.4
iPad Pro M5 13-inch (1tb),Đen Không Gian,55990000.0,63990000.0,60070459.77011494,64,2025-12-19,2026-01-29,8000000.0,13.32
iPad Pro M5 13-inch (1tb),Silver,55990000.0,63990000.0,60070459.77011494,64,2025-12-19,2026-01-29,8000000.0,13.32
Apple Watch Ultra 2,Viền Titan Đen,21990000.0,24990000.0,22746097.56097561,187,2025-12-18,2026-01-29,3000000.0,13.19
Apple Watch Ultra 2,Viền Titan Tự Nhiên Dây M/L,21990000.0,24990000.0,22746578.94736842,171,2025-12-23,2026-01-29,3000000.0,13.19
Apple Watch Ultra 3 (titan),Default/Unknown,23190000.0,26490000.0,25058571.42857143,58,2025-12-23,2026-01-30,3300000.0,13.17
iMac M4 (24gb),Purple,43490000.0,49990000.0,49672926.82926829,43,2025-12-15,2026-01-29,6500000.0,13.09
iMac M4 (24gb),Gold,43490000.0,49990000.0,49672926.82926829,43,2025-12-15,2026-01-29,6500000.0,13.09
iMac M4 (24gb),Orange,43490000.0,49990000.0,49672926.82926829,43,2025-12-15,2026-01-29,6500000.0,13.09
iMac M4 (24gb),Blue,43490000.0,49990000.0,49672926.82926829,43,2025-12-15,2026-01-29,6500000.0,13.09
iMac M4 (24gb),Green,43490000.0,49990000.0,49672926.82926829,43,2025-12-15,2026-01-29,6500000.0,13.09
iPad Air M3 (128gb),Vàng Trắng,13190000.0,14990000.0,13877878.787878787,33,2025-12-15,2026-01-28,1800000.0,12.97
MacBook Pro 14 M5 (16gb),Đen Không Gian,40190000.0,45660000.0,42382414.72868217,171,2025-12-15,2026-01-29,5470000.0,12.91
Apple Watch SE 3 (alum_cell),Default,7590000.0,8690000.0,8590000.0,11,2025-12-27,2026-01-29,1100000.0,12.81
iPad Air M3 (1tb),Space Grey,25390000.0,28690000.0,25830000.0,17,2025-12-19,2026-01-27,3300000.0,12.78
MacBook Pro 14 M5 (16gb),Silver,40290000.0,45660000.0,42326613.030796364,259,2025-12-15,2026-01-30,5370000.0,12.69
iPhone 16 Plus (128gb),Pink,22990000.0,25990000.0,23949040.476190478,318,2025-12-01,2026-01-30,3000000.0,12.53
MacBook Air M3 13-inch (16gb),Gold,22490000.0,25490000.0,24068947.36842105,86,2025-12-18,2026-01-29,3000000.0,12.46
MacBook Air M3 13-inch (16gb),Gray,22490000.0,25490000.0,24068947.36842105,86,2025-12-18,2026-01-29,3000000.0,12.46
MacBook Air M3 13-inch (16gb),Silver,22490000.0,25490000.0,24068947.36842105,86,2025-12-18,2026-01-29,3000000.0,12.46
MacBook Air M3 13-inch (16gb),Xanh Đen,22490000.0,25490000.0,24068947.36842105,86,2025-12-18,2026-01-29,3000000.0,12.46
Apple Watch SE 3 (alum_gps),"Viền Nhôm Dây Cao Su Chính Hãng, Giá Rẻ",6790000.0,7690000.0,7240000.0,2,2026-01-28,2026-01-28,900000.0,12.43
Apple Watch SE (gps),Midnight,7590000.0,8590000.0,8044166.666666667,134,2025-12-18,2026-01-29,1000000.0,12.43
iPhone 16 (128gb),White,19490000.0,21990000.0,20179463.392163392,453,2025-12-01,2026-01-30,2500000.0,12.39
Apple Watch SE (gps),Green,7590000.0,8590000.0,8077500.0,89,2025-12-18,2026-01-29,1000000.0,12.38
iPhone 16 (128gb),Pink,19490000.0,21990000.0,20206151.6983017,453,2025-12-01,2026-01-30,2500000.0,12.37
iPhone 16 (128gb),Black,19490000.0,21990000.0,20229405.056055058,452,2025-12-01,2026-01-30,2500000.0,12.36
iPhone 16 (128gb),Xanh Lưu Ly,19490000.0,21990000.0,20241765.934065934,410,2025-12-01,2026-01-30,2500000.0,12.35
iPhone 16 (128gb),Xanh Mòng Két,19490000.0,21990000.0,20235453.35775336,411,2025-12-01,2026-01-30,2500000.0,12.35
Apple Watch SE 3 (alum_cell),44Mm,8290000.0,9390000.0,9018571.42857143,53,2025-12-25,2026-01-30,1100000.0,12.2
iPad Air M3 (1tb),Unknown,25390000.0,28690000.0,27040000.0,2,2025-12-20,2026-01-07,3300000.0,12.2
Apple Watch SE 3 (alum_gps),44Mm,6990000.0,7890000.0,7484117.647058823,110,2025-12-25,2026-01-30,900000.0,12.03
Apple Watch Series 11 (alum_cell),Phớt Hồng,12190000.0,13690000.0,12571818.181818182,17,2025-12-23,2026-01-14,1500000.0,11.93
Apple Watch SE 3 (alum_gps),Unknown,6190000.0,6990000.0,6819166.666666667,10,2025-12-15,2026-01-11,800000.0,11.73
iPad Pro M5 13-inch (512gb),Silver,44590000.0,49990000.0,46535629.38353636,234,2025-12-15,2026-01-29,5400000.0,11.6
MacBook Pro 14 M4 (48gb),Silver,66690000.0,74990000.0,71683690.47619048,129,2025-12-15,2026-01-29,8300000.0,11.58
iPhone 16 (512gb),Xanh Mòng Két,27990000.0,31390000.0,29458998.015873015,104,2025-12-01,2026-01-29,3400000.0,11.54
iPhone 16 (512gb),Xanh Lưu Ly,27990000.0,31390000.0,29458998.015873015,104,2025-12-01,2026-01-29,3400000.0,11.54
iPad Pro M5 13-inch (512gb),Đen Không Gian,44590000.0,49990000.0,46842399.84882842,166,2025-12-15,2026-01-29,5400000.0,11.53
iPad Mini 7 (512gb),Starlight,18790000.0,20990000.0,19600526.315789472,21,2025-12-19,2026-01-28,2200000.0,11.22
iPad Mini 7 (512gb),Space Grey,18790000.0,20990000.0,19600526.315789472,21,2025-12-19,2026-01-28,2200000.0,11.22
iPhone 13 (256gb),Blue,16490000.0,18490000.0,18179922.480620153,69,2025-12-01,2026-01-29,2000000.0,11.0
iPhone 13 (256gb),Red,16490000.0,18490000.0,18179922.480620153,68,2025-12-01,2026-01-29,2000000.0,11.0
Apple Watch SE 3 (alum_cell),40Mm,7690000.0,8590000.0,8258965.517241379,57,2025-12-25,2026-01-30,900000.0,10.9
iPhone 16 Plus (128gb),Black,23390000.0,25990000.0,23986016.666666664,317,2025-12-01,2026-01-30,2600000.0,10.84
iPhone 16 Plus (128gb),White,23390000.0,25990000.0,23984056.349206347,320,2025-12-01,2026-01-30,2600000.0,10.84
iPhone 16 Plus (128gb),Xanh Lưu Ly,23390000.0,25990000.0,24021263.736263737,275,2025-12-01,2026-01-30,2600000.0,10.82
iPhone 16 Plus (128gb),Xanh Mòng Két,23390000.0,25990000.0,24031882.783882786,272,2025-12-01,2026-01-30,2600000.0,10.82
iPhone 16 Plus (256gb),Default,23590000.0,26390000.0,26008181.818181816,22,2026-01-05,2026-01-29,2800000.0,10.77
iPhone 16 Pro (256gb),Black Titanium,25590000.0,28590000.0,28178605.44217687,89,2025-12-01,2026-01-30,3000000.0,10.65
iPhone 16 Pro (256gb),Desert Titanium,25590000.0,28590000.0,28178605.44217687,91,2025-12-01,2026-01-30,3000000.0,10.65
iPhone 16 Pro (256gb),Natural Titanium,25590000.0,28590000.0,28163299.319727894,89,2025-12-01,2026-01-30,3000000.0,10.65
iPhone 16 Pro (256gb),White Titanium,25590000.0,28590000.0,28178605.44217687,89,2025-12-01,2026-01-30,3000000.0,10.65
Apple Watch SE 3 (alum_cell),"Viền Nhôm Dây Cao Su Chính Hãng, Giá Rẻ",8290000.0,9190000.0,8490000.0,4,2026-01-04,2026-01-28,900000.0,10.6
Apple Watch Series 9 (gps),Silver,8990000.0,9990000.0,9490000.0,94,2025-12-18,2026-01-29,1000000.0,10.54
Apple Watch Series 11 (gps),Tự Nhiên,19490000.0,21590000.0,20513750.0,91,2025-12-18,2026-01-29,2100000.0,10.24
Apple Watch Series 11 (gps),Gold,19490000.0,21590000.0,20513750.0,91,2025-12-18,2026-01-29,2100000.0,10.24
Apple Watch Series 11 (gps),Xám Đá Phiến,19490000.0,21590000.0,20513750.0,91,2025-12-18,2026-01-29,2100000.0,10.24
iPhone 15 Plus (128gb),Black,17690000.0,19590000.0,18607333.333333332,96,2025-12-01,2026-01-30,1900000.0,10.21
MacBook Air M4 13-inch (24gb),Xanh Da Trời,32490000.0,35990000.0,34338716.04938272,213,2025-12-15,2026-01-30,3500000.0,10.19
MacBook Pro 14 M5 (1tb),Đen Không Gian,46890000.0,51790000.0,48297424.24242424,126,2025-12-15,2026-01-29,4900000.0,10.15
Apple Watch Series 10 (gps),Viền Titan Tự Nhiên Dây M/L,18990000.0,20990000.0,19990000.0,168,2025-12-23,2026-01-29,2000000.0,10.01
Apple Watch Series 10 (gps),Viền Titan Vàng,18990000.0,20990000.0,19990000.0,184,2025-12-18,2026-01-29,2000000.0,10.01
iPhone 16 Plus (256gb),Pink,26290000.0,28990000.0,27106084.84848485,312,2025-12-01,2026-01-30,2700000.0,9.96
iPhone 16 Plus (256gb),Xanh Lưu Ly,26290000.0,28990000.0,27203415.87301587,299,2025-12-01,2026-01-30,2700000.0,9.93
iPhone 16 Plus (256gb),White,26290000.0,28990000.0,27188649.206349205,290,2025-12-01,2026-01-30,2700000.0,9.93
iPhone 16 Plus (256gb),Black,26290000.0,28990000.0,27188649.206349205,290,2025-12-01,2026-01-30,2700000.0,9.93
Apple Watch SE 2 (alum_cell),Default,6890000.0,7590000.0,7231666.666666667,83,2025-12-15,2026-01-29,700000.0,9.68
Apple Watch Series 11 (titan_cell),Unknown,19490000.0,21390000.0,19873333.333333332,8,2025-12-15,2026-01-11,1900000.0,9.56
MacBook Air M4 15-inch (16gb),Unknown,29990000.0,32990000.0,31490000.0,2,2025-12-24,2026-01-28,3000000.0,9.53
iPad Air M2,Blue,19990000.0,21990000.0,20990000.0,4,2026-01-06,2026-01-25,2000000.0,9.53
iPad Pro M4 (1tb),Unknown,51790000.0,56990000.0,54690000.0,3,2025-12-20,2026-01-07,5200000.0,9.51
Apple Watch Series 11 (titan_cell),"Viền Titan Dây Milan Chính Hãng, Giá Rẻ",21490000.0,23590000.0,22590000.0,4,2026-01-04,2026-01-28,2100000.0,9.3
MacBook Pro 14 M5 (1tb),Nano Texture,50490000.0,55390000.0,52940000.0,10,2026-01-13,2026-01-28,4900000.0,9.26
Apple Watch SE 2 (alum_gps),Xanh Đen,5390000.0,5890000.0,5499090.909090909,18,2025-12-01,2025-12-31,500000.0,9.09
Apple Watch SE 2 (alum_gps),Trắng Starlight,5390000.0,5890000.0,5499090.909090909,20,2025-12-01,2025-12-31,500000.0,9.09
MacBook Pro 14 M5 (16gb),Black,41690000.0,45590000.0,42936341.46341463,142,2025-12-19,2026-01-30,3900000.0,9.08
MacBook Air M4 13-inch (24gb),Đêm Xanh Thẳm,32490000.0,35590000.0,34445618.68686869,183,2025-12-15,2026-01-29,3100000.0,9.0
iPhone 16 Pro Max (256gb),Desert Titanium,30190000.0,32990000.0,31251994.52508276,310,2025-12-01,2026-01-30,2800000.0,8.96
Apple Watch Series 10 (alum_gps),Tím Mực,9590000.0,10490000.0,10059047.61904762,44,2025-12-15,2026-01-29,900000.0,8.95
MacBook Air M4 13-inch (24gb),Starlight,32490000.0,35590000.0,34688178.29457364,140,2025-12-15,2026-01-29,3100000.0,8.94
iPhone 16 Pro Max (256gb),Black Titanium,30190000.0,32990000.0,31361255.623461504,275,2025-12-01,2026-01-30,2800000.0,8.93
iPhone 16 Pro Max (256gb),White Titanium,30190000.0,32990000.0,31460644.25770308,219,2025-12-01,2026-01-30,2800000.0,8.9
iPhone 16 Pro Max (256gb),Natural Titanium,30190000.0,32990000.0,31486862.74509804,219,2025-12-01,2026-01-30,2800000.0,8.89
iPhone 15 (128gb),Black,16490000.0,17990000.0,16887890.476190478,303,2025-12-01,2026-01-30,1500000.0,8.88
Apple Watch Series 10 (titan_cell),Default/Unknown,16690000.0,18190000.0,17278888.888888888,27,2025-12-23,2026-01-30,1500000.0,8.68
iPhone 16 Plus (256gb),Unknown,26290000.0,28590000.0,26540000.0,10,2025-12-15,2026-01-29,2300000.0,8.67
MacBook Pro 16 M3 (18gb),Silver,54990000.0,59990000.0,58282682.92682927,41,2025-12-15,2026-01-29,5000000.0,8.58
AirPods Pro 2,White,4950000.0,5390000.0,5156380.952380952,100,2025-12-01,2026-01-29,440000.0,8.53
MacBook Air M4 13-inch (16gb),Xanh Da Trời Nhạt,23990000.0,26090000.0,24648687.258687258,196,2025-12-23,2026-01-30,2100000.0,8.52
iPhone 16 Plus (256gb),Xanh Mòng Két,26290000.0,28590000.0,27180843.650793653,288,2025-12-01,2026-01-30,2300000.0,8.46
MacBook Air M4 13-inch (16gb),Unknown,27990000.0,30490000.0,29656666.666666668,3,2025-12-24,2026-01-28,2500000.0,8.43
iPhone 13 (256gb),Xanh Rêu,16490000.0,17990000.0,17945882.352941178,37,2025-12-01,2026-01-29,1500000.0,8.36
iPad Pro M5 13-inch (1tb),Unknown,58990000.0,63990000.0,60990000.0,3,2026-01-11,2026-01-11,5000000.0,8.2
iPhone 16 Pro (128gb),Natural Titanium,24990000.0,26990000.0,25438722.727272727,218,2025-12-01,2026-01-30,2000000.0,7.86
iPhone 16 Pro (128gb),White Titanium,24990000.0,26990000.0,25481455.41125541,238,2025-12-01,2026-01-30,2000000.0,7.85
iPhone 16 Pro (128gb),Black Titanium,24990000.0,26990000.0,25523643.506493505,223,2025-12-01,2026-01-30,2000000.0,7.84
iPhone 16 Pro (128gb),Desert Titanium,24990000.0,26990000.0,25525133.982683983,233,2025-12-01,2026-01-30,2000000.0,7.84
iPad Mini 7 (128gb),White,11390000.0,12290000.0,11752162.162162162,38,2025-12-23,2026-01-29,900000.0,7.66
MacBook Pro 14 M5 (24gb),Default,46890000.0,50560000.0,48113333.333333336,3,2025-12-24,2025-12-29,3670000.0,7.63
MacBook Pro 14 M5 (24gb),Silver,46890000.0,50560000.0,48415761.9047619,84,2025-12-15,2026-01-29,3670000.0,7.58
MacBook Pro 14 M5 (24gb),Đen Không Gian,46890000.0,50560000.0,48415761.9047619,84,2025-12-15,2026-01-29,3670000.0,7.58
Apple Watch SE 2 (alum_gps),Default/Unknown,5090000.0,5490000.0,5323333.333333333,6,2025-12-23,2026-01-24,400000.0,7.51
iPhone 16 Pro (512gb),White Titanium,34590000.0,37190000.0,35741700.68027211,83,2025-12-01,2026-01-30,2600000.0,7.27
iPhone 16 Pro (512gb),Natural Titanium,34590000.0,37190000.0,35741700.68027211,83,2025-12-01,2026-01-30,2600000.0,7.27
iPhone 16 Pro (512gb),Desert Titanium,34590000.0,37190000.0,35741700.68027211,83,2025-12-01,2026-01-30,2600000.0,7.27
iPhone 16 Pro (512gb),Black Titanium,34590000.0,37190000.0,35741700.68027211,83,2025-12-01,2026-01-30,2600000.0,7.27
MacBook Air M4 13-inch (16gb),Gold,23990000.0,25790000.0,24828867.43886744,217,2025-12-23,2026-01-30,1800000.0,7.25
MacBook Air M4 13-inch (16gb),Xanh Đen,23990000.0,25790000.0,24844761.904761903,230,2025-12-23,2026-01-30,1800000.0,7.24
Apple Watch Series 10 (titan_cell),Titan Xám,17690000.0,18990000.0,18201904.76190476,77,2025-12-01,2026-01-25,1300000.0,7.14
iPad 11 inch (A16) (256gb),Yellow,11190000.0,11990000.0,11519411.764705881,19,2025-12-19,2026-01-29,800000.0,6.94
iPad Mini 7 (512gb),Đen - Xám,19590000.0,20990000.0,20379473.684210528,157,2025-12-19,2026-01-30,1400000.0,6.87
iPad Mini 7 (512gb),Blue,19590000.0,20990000.0,20379473.684210528,158,2025-12-19,2026-01-30,1400000.0,6.87
iPad Mini 7 (512gb),Purple,19590000.0,20990000.0,20379473.684210528,160,2025-12-19,2026-01-30,1400000.0,6.87
iPad Mini 7 (512gb),Trắng Starlight,19590000.0,20990000.0,20379473.684210528,158,2025-12-19,2026-01-30,1400000.0,6.87
MacBook Pro 14 M5 (32gb),Đen Không Gian,51790000.0,55460000.0,53625000.0,88,2025-12-15,2026-01-29,3670000.0,6.84
MacBook Pro 14 M5 (32gb),Silver,51790000.0,55460000.0,53625000.0,88,2025-12-15,2026-01-29,3670000.0,6.84
iPhone 15 (128gb),Gold,16190000.0,17290000.0,16809638.095238093,213,2025-12-01,2026-01-30,1100000.0,6.54
Apple Watch Series 10 (alum_gps),Default,7990000.0,8490000.0,8240000.0,2,2025-12-24,2025-12-28,500000.0,6.07
AirPods Pro 3,White,6390000.0,6790000.0,6608100.09718173,128,2025-12-01,2026-01-29,400000.0,6.05
iPhone 15 (128gb),Xanh Dương Nhạt,16990000.0,17990000.0,17094545.454545453,51,2025-12-05,2026-01-30,1000000.0,5.85
iPhone 15 (128gb),Xanh Lá Nhạt,16990000.0,17990000.0,17094545.454545453,44,2025-12-05,2026-01-30,1000000.0,5.85
iPhone 15 (128gb),Hồng Nhạt,16990000.0,17990000.0,17094545.454545453,44,2025-12-05,2026-01-30,1000000.0,5.85
iPhone 15 (128gb),Vàng Nhạt,16990000.0,17990000.0,17211276.59574468,47,2025-12-01,2026-01-30,1000000.0,5.81
iPhone 13 (128gb),Red,11890000.0,12590000.0,12096304.347826088,126,2025-12-15,2026-01-30,700000.0,5.79
iPhone 13 (128gb),Black,11890000.0,12590000.0,12226149.783549784,287,2025-12-01,2026-01-30,700000.0,5.73
iPhone 13 (128gb),White,11890000.0,12590000.0,12226806.926406927,277,2025-12-01,2026-01-30,700000.0,5.73
iPad Air M2 (128gb),Unknown,16990000.0,17990000.0,17490000.0,2,2026-01-04,2026-01-27,1000000.0,5.72
iPad Air M2 (128gb),White,16990000.0,17990000.0,17608750.0,120,2025-12-19,2026-01-30,1000000.0,5.68
iPhone 16 (128gb),Unknown,19490000.0,20590000.0,19806666.666666668,6,2025-12-28,2026-01-08,1100000.0,5.55
iPhone 16 (128gb),Blue,19490000.0,20590000.0,19842500.0,41,2025-12-17,2026-01-29,1100000.0,5.54
MacBook Air M4 15-inch (24gb),Đêm Xanh Thẳm,38490000.0,40590000.0,39354806.20155039,101,2025-12-15,2026-01-29,2100000.0,5.34
MacBook Air M4 15-inch (24gb),Starlight,38490000.0,40590000.0,39384263.565891474,100,2025-12-15,2026-01-29,2100000.0,5.33
Apple Watch Ultra 2,Cam/Be,18990000.0,19990000.0,19411052.63157895,43,2025-12-23,2026-01-29,1000000.0,5.15
Apple Watch Ultra 2,Xanh Lá/Xám,18990000.0,19990000.0,19411052.63157895,43,2025-12-23,2026-01-29,1000000.0,5.15
Apple Watch Ultra 2,Xanh Dương/Đen,18990000.0,19990000.0,19411052.63157895,43,2025-12-23,2026-01-29,1000000.0,5.15
MacBook Air M2 13-inch (16gb),Xanh Đen,19190000.0,20190000.0,19554414.285714284,194,2025-12-01,2026-01-30,1000000.0,5.11
Apple Watch Series 10 (gps),Viền Titan Xám,18990000.0,19990000.0,19652500.0,137,2025-12-18,2026-01-29,1000000.0,5.09
iPhone 16 (128gb),Green,19490000.0,20490000.0,19748536.585365854,42,2025-12-17,2026-01-29,1000000.0,5.06
iPhone 13 (128gb),Blue,11990000.0,12590000.0,12099239.130434783,165,2025-12-15,2026-01-30,600000.0,4.96
iPhone 15 (256gb),Xanh Lá Nhạt,19990000.0,20990000.0,20187727.272727273,198,2025-12-05,2026-01-30,1000000.0,4.95
iPhone 15 (256gb),Hồng Nhạt,19990000.0,20990000.0,20196666.666666668,205,2025-12-01,2026-01-30,1000000.0,4.95
iPhone 15 (256gb),Xanh Dương Nhạt,19990000.0,20990000.0,20187727.272727273,199,2025-12-05,2026-01-30,1000000.0,4.95
iPhone 13 (128gb),Pink,11990000.0,12590000.0,12146796.296296297,138,2025-12-15,2026-01-30,600000.0,4.94
iPhone 15 (256gb),Vàng Nhạt,19990000.0,20990000.0,20255217.391304348,200,2025-12-05,2026-01-30,1000000.0,4.94
iPhone 13 (128gb),Green,11990000.0,12590000.0,12224866.666666668,131,2025-12-01,2026-01-30,600000.0,4.91
iPhone 14 (256gb),Unknown,16190000.0,16990000.0,16340000.0,10,2025-12-19,2026-01-29,800000.0,4.9
MacBook Air M2 13-inch (16gb),Gold,19250000.0,20190000.0,19486870.74829932,98,2025-12-01,2026-01-29,940000.0,4.82
iPhone 15 (128gb),Pink,16490000.0,17290000.0,16808424.098124098,258,2025-12-01,2026-01-30,800000.0,4.76
iPhone 15 (128gb),Blue,16490000.0,17290000.0,16838095.526695527,259,2025-12-01,2026-01-30,800000.0,4.75
iPhone 15 (128gb),Green,16490000.0,17290000.0,16890014.285714284,211,2025-12-01,2026-01-30,800000.0,4.74
iPhone 17 Pro Max (512gb),Silver,42990000.0,44990000.0,44280746.03174604,225,2025-12-01,2026-01-30,2000000.0,4.52
iPhone 14 (128gb),Purple,13390000.0,13990000.0,13617065.217391305,168,2025-12-15,2026-01-30,600000.0,4.41
iPhone 14 (128gb),Blue,13390000.0,13990000.0,13626150.0,281,2025-12-01,2026-01-30,600000.0,4.4
iPhone 14 (128gb),Red,13390000.0,13990000.0,13627236.024844721,112,2025-12-15,2026-01-30,600000.0,4.4
iPhone 14 (128gb),Black,13390000.0,13990000.0,13657135.714285715,239,2025-12-01,2026-01-30,600000.0,4.39
iPhone 14 (128gb),White,13390000.0,13990000.0,13663869.047619047,241,2025-12-01,2026-01-30,600000.0,4.39
iPhone 16 Pro Max,White Titanium,31590000.0,32990000.0,32070000.0,5,2026-01-14,2026-01-27,1400000.0,4.37
iPhone 14 (128gb),Gold,13390000.0,13990000.0,13726363.636363637,89,2025-12-15,2026-01-30,600000.0,4.37
iPhone 16E (512gb),White,22990000.0,23990000.0,23734366.666666664,171,2025-12-01,2026-01-30,1000000.0,4.21
iPhone 16E (512gb),Black,22990000.0,23990000.0,23897700.0,164,2025-12-01,2026-01-30,1000000.0,4.18
iPhone 15 Plus (256gb),Black,21690000.0,22590000.0,22177172.011661805,99,2025-12-05,2026-01-30,900000.0,4.06
iPhone 13,Red,12090000.0,12590000.0,12340000.0,2,2026-01-03,2026-01-28,500000.0,4.05
iPhone 16 (256gb),Black,22990000.0,23890000.0,23706326.530612245,60,2025-12-01,2026-01-29,900000.0,3.8
iPhone 16 (256gb),Xanh Mòng Két,22990000.0,23890000.0,23706326.530612245,61,2025-12-01,2026-01-29,900000.0,3.8
iPhone 16 (256gb),Pink,22990000.0,23890000.0,23697142.85714286,60,2025-12-01,2026-01-29,900000.0,3.8
iPhone 16 (256gb),Xanh Lưu Ly,22990000.0,23890000.0,23697142.85714286,60,2025-12-01,2026-01-29,900000.0,3.8
iPhone 16 (256gb),White,22990000.0,23890000.0,23706326.530612245,60,2025-12-01,2026-01-29,900000.0,3.8
Apple Watch Series 11 (titan_cell),Size S/M,21190000.0,21990000.0,21412222.222222224,8,2025-12-19,2025-12-22,800000.0,3.74
Apple Watch Series 10 (alum_gps),Default/Unknown,7790000.0,8090000.0,8013529.411764706,17,2025-12-27,2026-01-15,300000.0,3.74
Apple Watch Series 11 (titan_cell),Size M/L,21190000.0,21990000.0,21456666.666666668,8,2025-12-19,2025-12-22,800000.0,3.73
iPhone 16 Plus (128gb),Unknown,23790000.0,24690000.0,24215000.0,4,2025-12-17,2026-01-15,900000.0,3.72
Apple Watch SE 2 (alum_gps),Unknown,5490000.0,5690000.0,5575714.285714285,7,2025-12-13,2025-12-20,200000.0,3.59
MacBook Air M2 13-inch (16gb),Gray,19490000.0,20190000.0,19575714.285714287,110,2025-12-01,2026-01-29,700000.0,3.58
MacBook Air M2 13-inch (16gb),Silver,19490000.0,20190000.0,19599863.945578232,110,2025-12-01,2026-01-29,700000.0,3.57
iPhone 16 Pro Max (256gb),Unknown,30490000.0,31590000.0,31070000.0,5,2025-12-17,2026-01-10,1100000.0,3.54
iPhone 16 Pro Max (1tb),White Titanium,41490000.0,42990000.0,42699863.94557823,140,2025-12-01,2026-01-29,1500000.0,3.51
iPhone 17 Pro (256gb),Cam Vũ Trụ,33790000.0,34990000.0,34453312.62419498,331,2025-11-29,2026-01-30,1200000.0,3.48
iPhone 17 Pro (512gb),Cam Vũ Trụ,40090000.0,41490000.0,40721955.55555555,242,2025-12-01,2026-01-30,1400000.0,3.44
iPhone 17 Pro Max (512gb),Cam Vũ Trụ,42990000.0,44490000.0,43835766.66666667,238,2025-12-01,2026-01-30,1500000.0,3.42
MacBook Air M4 15-inch (16gb),16Gb - 256 Gb,28990000.0,29990000.0,29294347.826086957,146,2026-01-04,2026-01-30,1000000.0,3.41
iPhone 17 Pro Max (512gb),Xanh Đậm,42990000.0,44490000.0,44045940.47619047,238,2025-12-01,2026-01-30,1500000.0,3.41
iPhone 17 Pro (1tb),Cam Vũ Trụ,46390000.0,47990000.0,47056883.33333333,325,2025-12-01,2026-01-30,1600000.0,3.4
iPhone 17 Pro (1tb),Xanh Đậm,46390000.0,47990000.0,47173492.85714286,297,2025-12-01,2026-01-30,1600000.0,3.39
iPhone 17 Pro (1tb),Silver,46390000.0,47990000.0,47587277.777777776,274,2025-12-01,2026-01-30,1600000.0,3.36
iPhone 17 (512gb),Xanh Lam Khói,30490000.0,31490000.0,31174103.174603175,340,2025-12-01,2026-01-30,1000000.0,3.21
iPhone 17 (512gb),Tím Oải Hương,30490000.0,31490000.0,31218369.04761905,344,2025-12-01,2026-01-30,1000000.0,3.2
iPhone 17 (512gb),White,30490000.0,31490000.0,31227178.57142857,337,2025-12-01,2026-01-30,1000000.0,3.2
iPhone 17 Pro (256gb),Xanh Đậm,33890000.0,34990000.0,34567319.50826951,333,2025-12-01,2026-01-30,1100000.0,3.18
AirPods Pro 3,Default,6290000.0,6490000.0,6441282.051282051,39,2025-12-15,2026-01-29,200000.0,3.1
MacBook Air M4 15-inch (16gb),16Gb - 512 Gb,32990000.0,33990000.0,33401764.70588235,110,2026-01-04,2026-01-29,1000000.0,2.99
AirPods Pro 3,Default/Unknown,6590000.0,6790000.0,6740000.0,36,2025-12-23,2026-01-30,200000.0,2.97
iPhone 17 Pro Max (1tb),Cam Vũ Trụ,49490000.0,50990000.0,50733098.41269841,192,2025-12-01,2026-01-30,1500000.0,2.96
iPhone 17 Pro Max (1tb),Xanh Đậm,49490000.0,50990000.0,50750166.66666667,176,2025-12-01,2026-01-30,1500000.0,2.96
iPhone 16 Plus (128gb),Green,23690000.0,24390000.0,23847575.757575758,35,2025-12-17,2026-01-24,700000.0,2.94
iPhone 17 Pro (512gb),Silver,40290000.0,41490000.0,41141669.047619045,209,2025-12-01,2026-01-30,1200000.0,2.92
iPhone 14,Black,13590000.0,13990000.0,13790000.0,2,2026-01-10,2026-01-28,400000.0,2.9
iPhone 17 Pro (256gb),Silver,33990000.0,34990000.0,34824918.180947594,329,2025-11-29,2026-01-30,1000000.0,2.87
iPhone 17 Pro Max (256gb),Xanh Đậm,36990000.0,37990000.0,37618663.243075006,377,2025-11-29,2026-01-30,1000000.0,2.66
iPhone 17 Pro Max (256gb),Cam Vũ Trụ,36990000.0,37990000.0,37613481.94833489,377,2025-11-29,2026-01-30,1000000.0,2.66
Apple Watch Ultra 3 (titan),Titan Tự Nhiên - Dây Xanh,22990000.0,23590000.0,23129583.333333332,273,2025-12-01,2026-01-29,600000.0,2.59
MacBook Air M4 15-inch (24gb),Xanh Đen,38490000.0,39490000.0,38814324.324324325,140,2025-12-23,2026-01-30,1000000.0,2.58
MacBook Air M4 15-inch (24gb),Xanh Da Trời Nhạt,38490000.0,39490000.0,38814324.324324325,140,2025-12-23,2026-01-30,1000000.0,2.58
MacBook Air M4 15-inch (24gb),Gold,38490000.0,39490000.0,38814324.324324325,140,2025-12-23,2026-01-30,1000000.0,2.58
MacBook Air M4 15-inch (24gb),Silver,38490000.0,39490000.0,38852019.19527501,198,2025-12-18,2026-01-30,1000000.0,2.57
MacBook Air M4 15-inch (24gb),Unknown,38490000.0,39490000.0,38990000.0,2,2026-01-24,2026-01-28,1000000.0,2.56
iPad Air M2 (256gb),Gray,19490000.0,19990000.0,19653194.444444444,80,2025-12-19,2026-01-30,500000.0,2.54
iPad Air M2 (256gb),White,19490000.0,19990000.0,19660138.888888888,82,2025-12-19,2026-01-30,500000.0,2.54
MacBook Air M2 13-inch,Unknown,19690000.0,20190000.0,19940000.0,2,2026-01-04,2026-01-28,500000.0,2.51
Apple Watch Series 11 (alum_cell),Default/Unknown,12190000.0,12490000.0,12250000.0,5,2025-12-23,2026-01-03,300000.0,2.45
iPhone 16 Pro Max (1tb),Default,41990000.0,42990000.0,42090000.0,10,2025-12-30,2026-01-26,1000000.0,2.38
iPhone 16 Pro (128gb),Unknown,24990000.0,25590000.0,25190000.0,8,2025-12-25,2026-01-10,600000.0,2.38
iPhone 17 Pro Max (2tb),Cam Vũ Trụ,62490000.0,63990000.0,63401880.466472305,268,2025-12-01,2026-01-30,1500000.0,2.37
iPhone 17 Pro Max (2tb),Xanh Đậm,62490000.0,63990000.0,63748794.94655005,266,2025-12-01,2026-01-30,1500000.0,2.35
iPhone 17 Pro Max (256gb),Silver,37190000.0,37990000.0,37779959.235209234,384,2025-12-01,2026-01-30,800000.0,2.12
Mac mini M4 (32gb),Silver,28990000.0,29590000.0,29575365.85365854,43,2025-12-15,2026-01-29,600000.0,2.03
AirPods 3,Default/Unknown,4890000.0,4990000.0,4978888.888888889,36,2025-12-23,2026-01-30,100000.0,2.01
MacBook Air M2 13-inch (16gb),Unknown,19790000.0,20190000.0,19890000.0,4,2025-12-15,2026-01-16,400000.0,2.01
iPad Pro M5 11-inch (512gb),12Gb - 512Gb,34890000.0,35590000.0,35272857.14285714,148,2025-12-25,2026-01-30,700000.0,1.98
iPhone 17 Pro Max (1tb),Silver,49990000.0,50990000.0,50761000.0,172,2025-12-01,2026-01-30,1000000.0,1.97
Mac mini M4 (1tb),Silver,28990000.0,29560000.0,29045609.756097563,43,2025-12-15,2026-01-29,570000.0,1.96
Apple Watch Ultra 3 (titan),Titan Tự Nhiên - Dây Tự Nhiên,25990000.0,26490000.0,26299920.634920638,87,2025-12-15,2026-01-29,500000.0,1.9
iPad Pro M4 (256gb),Ðen,27990000.0,28490000.0,28212222.222222224,81,2025-12-19,2026-01-30,500000.0,1.77
Apple Watch Series 10 (titan_cell),46Mm,16890000.0,17190000.0,17090000.0,18,2026-01-12,2026-01-21,300000.0,1.76
Apple Watch Series 10 (alum_cell),Unknown,11590000.0,11790000.0,11690000.0,10,2025-12-05,2025-12-22,200000.0,1.71
iPad Pro M5 11-inch (512gb),Black,34990000.0,35590000.0,35565000.0,73,2025-12-19,2026-01-13,600000.0,1.69
iPhone 13 (128gb),Unknown,11890000.0,12090000.0,12082857.142857144,15,2025-12-17,2026-01-28,200000.0,1.66
iPhone 17 (512gb),Unknown,30490000.0,30990000.0,30740000.0,2,2025-12-27,2026-01-04,500000.0,1.63
iPhone 17 (256gb),Xanh Lam Khói,24590000.0,24990000.0,24907023.031434797,305,2025-11-29,2026-01-30,400000.0,1.61
iPhone 17 (256gb),Tím Oải Hương,24590000.0,24990000.0,24846707.83464901,310,2025-11-29,2026-01-30,400000.0,1.61
iPhone 17 (256gb),Xanh Lá Xô Thơm,24590000.0,24990000.0,24909958.90275302,303,2025-11-29,2026-01-30,400000.0,1.61
iPhone 17 (256gb),White,24590000.0,24990000.0,24925490.620490618,290,2025-12-01,2026-01-30,400000.0,1.6
iPhone 17 (256gb),Black,24590000.0,24990000.0,24923126.503126506,287,2025-11-29,2026-01-30,400000.0,1.6
iPhone 17 Pro Max (2tb),Silver,62990000.0,63990000.0,63790583.09037901,262,2025-12-01,2026-01-30,1000000.0,1.57
MacBook Air M2 13-inch (16gb),Black,19490000.0,19790000.0,19616388.888888888,96,2025-12-01,2026-01-29,300000.0,1.53
MacBook Air M2 13-inch (16gb),Trắng Vàng,19490000.0,19790000.0,19650763.888888888,96,2025-12-01,2026-01-29,300000.0,1.53
iPad Pro M5 13-inch (256gb),12Gb - 256Gb,39390000.0,39990000.0,39771818.18181818,142,2025-12-25,2026-01-30,600000.0,1.51
iPhone 14 (128gb),Midnight,13390000.0,13590000.0,13511428.57142857,32,2025-12-15,2026-01-28,200000.0,1.48
iPhone 14 (128gb),Yellow,13390000.0,13590000.0,13511428.57142857,32,2025-12-15,2026-01-28,200000.0,1.48
iPhone 14 (128gb),Starlight,13390000.0,13590000.0,13511428.57142857,32,2025-12-15,2026-01-28,200000.0,1.48
iPhone 14 (128gb),Unknown,13390000.0,13590000.0,13556666.666666666,14,2025-12-25,2026-01-29,200000.0,1.48
MacBook Pro 14 M4 (48gb),Black,73990000.0,74990000.0,74537038.32752612,85,2025-12-18,2026-01-29,1000000.0,1.34
iPhone 17 (256gb),Unknown,24690000.0,24990000.0,24840000.0,4,2025-12-17,2026-01-16,300000.0,1.21
Apple Watch Series 10 (titan_cell),Unknown,17190000.0,17390000.0,17265000.0,8,2025-12-13,2025-12-22,200000.0,1.16
Apple Watch Ultra 3 (titan),Titan,25990000.0,26290000.0,26280322.580645163,31,2025-12-23,2026-01-30,300000.0,1.14
Apple Watch Series 11 (titan_cell),Free Size,19590000.0,19790000.0,19723333.333333332,8,2025-12-19,2025-12-22,200000.0,1.01
iPhone 15 Pro Max (512gb),White Titanium,31690000.0,31990000.0,31979024.390243903,48,2025-12-18,2026-01-29,300000.0,0.94
iPhone 15 Pro Max (512gb),Natural Titanium,31690000.0,31990000.0,31979024.390243903,48,2025-12-18,2026-01-29,300000.0,0.94
Apple Watch Ultra 3 (titan),Free Size,23190000.0,23390000.0,23256666.666666668,6,2025-12-19,2025-12-22,200000.0,0.86
Apple Watch Ultra 3 (titan),Blue,22990000.0,23190000.0,23180000.0,21,2025-12-26,2026-01-29,200000.0,0.86
iPhone 17 Pro Max (256gb),Unknown,37690000.0,37990000.0,37840000.0,4,2025-12-15,2026-01-25,300000.0,0.79
MacBook Pro 14 M5 (16gb),Unknown,41690000.0,41990000.0,41890000.0,6,2025-12-30,2026-01-27,300000.0,0.72
iPhone 15 Pro Max (256gb),Natural Titanium,28790000.0,28990000.0,28982307.692307692,46,2025-12-18,2026-01-29,200000.0,0.69
iPhone 15 Pro Max (256gb),White Titanium,28790000.0,28990000.0,28982307.692307692,46,2025-12-18,2026-01-29,200000.0,0.69
iPhone 15 Pro Max (256gb),Black Titanium,28790000.0,28990000.0,28982307.692307692,46,2025-12-18,2026-01-29,200000.0,0.69
iPhone 14 (256gb),Midnight,16190000.0,16290000.0,16265000.0,31,2025-12-19,2026-01-28,100000.0,0.61
iPhone 14 (256gb),Starlight,16190000.0,16290000.0,16265000.0,31,2025-12-19,2026-01-28,100000.0,0.61
iPhone 15 Plus (128gb),Gold,17590000.0,17690000.0,17631463.414634146,48,2025-12-18,2026-01-29,100000.0,0.57
Apple Watch SE (gps),Red,8590000.0,8590000.0,8590000.0,44,2025-12-18,2026-01-29,0.0,0.0
iPhone Air (1tb),Default/Unknown,36990000.0,36990000.0,36990000.0,2,2026-01-28,2026-01-28,0.0,0.0
iPhone 15 Pro (512gb),Black Titanium,32590000.0,32590000.0,32590000.0,47,2025-12-18,2026-01-29,0.0,0.0
iPhone Air (1tb),Default,38990000.0,38990000.0,38990000.0,1,2025-12-29,2025-12-29,0.0,0.0
iPhone Air,Xanh Da Trời,25990000.0,25990000.0,25990000.0,1,2026-01-28,2026-01-28,0.0,0.0
iPhone 17 Pro Max (2tb),Default,62990000.0,62990000.0,62990000.0,1,2025-12-24,2025-12-24,0.0,0.0
iPhone 17 Pro Max (256gb),Default,37790000.0,37790000.0,37790000.0,1,2025-12-25,2025-12-25,0.0,0.0
iPhone 17 Pro Max (1tb),Default,50790000.0,50790000.0,50790000.0,31,2025-12-24,2026-01-26,0.0,0.0
iPhone 16 (512gb),Blue,27290000.0,27290000.0,27290000.0,3,2025-12-19,2025-12-23,0.0,0.0
Apple Watch SE (gps),Blue,8590000.0,8590000.0,8590000.0,44,2025-12-18,2026-01-29,0.0,0.0
iPhone 15 Pro (128gb),Natural Titanium,23990000.0,23990000.0,23990000.0,91,2025-12-15,2026-01-29,0.0,0.0
iPhone 15 Plus (256gb),Xanh Lá Nhạt,22590000.0,22590000.0,22590000.0,51,2025-12-05,2026-01-30,0.0,0.0
iPhone 15 Plus (512gb),Black,27990000.0,27990000.0,27990000.0,195,2025-12-05,2026-01-30,0.0,0.0
iPhone 15 Plus (512gb),Hồng Nhạt,27990000.0,27990000.0,27990000.0,195,2025-12-05,2026-01-30,0.0,0.0
AirPods Pro 2,Default,5390000.0,5390000.0,5390000.0,40,2025-12-15,2026-01-29,0.0,0.0
iPhone 15 Plus (512gb),Vàng Nhạt,27990000.0,27990000.0,27990000.0,202,2025-12-05,2026-01-30,0.0,0.0
iPhone 15 Plus (512gb),Xanh Dương Nhạt,27990000.0,27990000.0,27990000.0,195,2025-12-05,2026-01-30,0.0,0.0
iPhone 15 Plus (512gb),Xanh Lá Nhạt,27990000.0,27990000.0,27990000.0,197,2025-12-01,2026-01-30,0.0,0.0
iPhone 15 Pro (128gb),Black Titanium,23990000.0,23990000.0,23990000.0,91,2025-12-15,2026-01-29,0.0,0.0
iPhone 15 Pro (128gb),Blue Titanium,23990000.0,23990000.0,23990000.0,91,2025-12-15,2026-01-29,0.0,0.0
iPhone 15 Pro (128gb),White Titanium,23990000.0,23990000.0,23990000.0,91,2025-12-15,2026-01-29,0.0,0.0
iPhone 15 Pro (256gb),White Titanium,26990000.0,26990000.0,26990000.0,46,2025-12-18,2026-01-29,0.0,0.0
iPhone Air (512gb),Default,1300000.0,1300000.0,1300000.0,1,2025-12-29,2025-12-29,0.0,0.0
iPhone 15 Pro (1tb),Black Titanium,34990000.0,34990000.0,34990000.0,48,2025-12-18,2026-01-29,0.0,0.0
iPhone 15 Pro (1tb),Blue Titanium,34990000.0,34990000.0,34990000.0,48,2025-12-18,2026-01-29,0.0,0.0
iPhone 15 Pro (1tb),Natural Titanium,34990000.0,34990000.0,34990000.0,48,2025-12-18,2026-01-29,0.0,0.0
iPhone 15 Pro (1tb),White Titanium,34990000.0,34990000.0,34990000.0,48,2025-12-18,2026-01-29,0.0,0.0
iPhone 15 Pro (256gb),Black Titanium,26990000.0,26990000.0,26990000.0,46,2025-12-18,2026-01-29,0.0,0.0
iPhone 17 Pro (256gb),Unknown,34390000.0,34390000.0,34390000.0,4,2026-01-05,2026-01-27,0.0,0.0
iPhone 15 Pro (256gb),Blue Titanium,26990000.0,26990000.0,26990000.0,46,2025-12-18,2026-01-29,0.0,0.0
iPhone 15 Pro (256gb),Natural Titanium,26990000.0,26990000.0,26990000.0,45,2025-12-18,2026-01-29,0.0,0.0
iPhone 15 Pro (512gb),Blue Titanium,32590000.0,32590000.0,32590000.0,47,2025-12-18,2026-01-29,0.0,0.0
iPhone 15 Pro Max (512gb),Blue Titanium,31690000.0,31690000.0,31690000.0,48,2025-12-18,2026-01-29,0.0,0.0
iPhone 17 Pro (256gb),Default/Unknown,34690000.0,34690000.0,34690000.0,1,2026-01-02,2026-01-02,0.0,0.0
iPhone 16 Pro Max,Black Titanium,31590000.0,31590000.0,31590000.0,2,2026-01-06,2026-01-13,0.0,0.0
Apple Watch SE 2 (alum_gps),Viền Nhôm Dây Vải,4790000.0,4790000.0,4790000.0,1,2026-01-07,2026-01-07,0.0,0.0
iPhone 16 (128gb),Default/Unknown,19990000.0,19990000.0,19990000.0,1,2026-01-28,2026-01-28,0.0,0.0
Apple Watch SE 2 (alum_gps),White,4990000.0,4990000.0,4990000.0,16,2025-12-15,2026-01-03,0.0,0.0
iPhone 16 Pro Max (512gb),Default/Unknown,38990000.0,38990000.0,38990000.0,1,2026-01-28,2026-01-28,0.0,0.0
iPhone 16 Pro Max (512gb),Default,36490000.0,36490000.0,36490000.0,2,2025-12-23,2025-12-23,0.0,0.0
Apple Watch SE 2 (gps),Unknown,4290000.0,4290000.0,4290000.0,2,2025-12-31,2026-01-11,0.0,0.0
iPhone 16 Pro Max,Unknown,32990000.0,32990000.0,32990000.0,1,2026-01-28,2026-01-28,0.0,0.0
iPhone 15 Plus (256gb),Vàng Nhạt,22590000.0,22590000.0,22590000.0,52,2025-12-05,2026-01-30,0.0,0.0
iPhone 16E (128gb),Default,15190000.0,15190000.0,15190000.0,34,2025-12-23,2026-01-29,0.0,0.0
Apple Watch SE 3 (alum_gps),Default,6990000.0,6990000.0,6990000.0,1,2026-01-12,2026-01-12,0.0,0.0
iPhone 16 Plus (512gb),Green,29290000.0,29290000.0,29290000.0,4,2025-12-19,2025-12-23,0.0,0.0
iPhone 16 (256gb),Default,21790000.0,21790000.0,21790000.0,1,2025-12-23,2025-12-23,0.0,0.0
iPhone 16 Plus (512gb),Blue,29290000.0,29290000.0,29290000.0,5,2025-12-19,2025-12-23,0.0,0.0
Apple Watch SE 3 (alum_gps),Default/Unknown,6990000.0,6990000.0,6990000.0,2,2025-12-23,2025-12-24,0.0,0.0
iPhone 16 Plus,White,34290000.0,34290000.0,34290000.0,3,2025-12-30,2026-01-05,0.0,0.0
iPhone 16 Plus,Black,23690000.0,23690000.0,23690000.0,1,2026-01-28,2026-01-28,0.0,0.0
iPhone 16E,Unknown,15490000.0,15490000.0,15490000.0,11,2026-01-02,2026-01-28,0.0,0.0
Apple Watch SE 2 (alum_gps),Hài Lòng,5390000.0,5390000.0,5390000.0,1,2025-12-27,2025-12-27,0.0,0.0
iPhone 17 Pro (1tb),Unknown,47990000.0,47990000.0,47990000.0,1,2025-12-18,2025-12-18,0.0,0.0
iPhone 15 Pro Max (1tb),White Titanium,39390000.0,39390000.0,39390000.0,47,2025-12-18,2026-01-29,0.0,0.0
iPhone 17 Pro,Silver,34390000.0,34390000.0,34390000.0,1,2026-01-28,2026-01-28,0.0,0.0
Apple Watch SE 2 (alum_gps),44Mm,5690000.0,5690000.0,5690000.0,28,2025-12-25,2026-01-29,0.0,0.0
iPhone 15 Pro (512gb),Natural Titanium,32590000.0,32590000.0,32590000.0,47,2025-12-18,2026-01-29,0.0,0.0
iPhone 15 Pro (512gb),White Titanium,32590000.0,32590000.0,32590000.0,47,2025-12-18,2026-01-29,0.0,0.0
iPhone 15 Pro Max (1tb),Black Titanium,39390000.0,39390000.0,39390000.0,47,2025-12-18,2026-01-29,0.0,0.0
iPhone 15 Pro Max (1tb),Blue Titanium,39390000.0,39390000.0,39390000.0,47,2025-12-18,2026-01-29,0.0,0.0
iPhone 15 Pro Max (1tb),Natural Titanium,39390000.0,39390000.0,39390000.0,47,2025-12-18,2026-01-29,0.0,0.0
iPhone 15 Pro Max (256gb),Blue Titanium,28790000.0,28790000.0,28790000.0,45,2025-12-18,2026-01-29,0.0,0.0
iPhone 16E (256gb),Default,15490000.0,15490000.0,15490000.0,1,2025-12-29,2025-12-29,0.0,0.0
iPhone 15 Pro Max (512gb),Black Titanium,31690000.0,31690000.0,31690000.0,48,2025-12-18,2026-01-29,0.0,0.0
iPhone 17 (512gb),Default/Unknown,31490000.0,31490000.0,31490000.0,1,2026-01-28,2026-01-28,0.0,0.0
iPhone 16 (512gb),Green,27290000.0,27290000.0,27290000.0,3,2025-12-19,2025-12-23,0.0,0.0
iPhone 17,Xanh Lam Khói,24890000.0,24890000.0,24890000.0,1,2026-01-28,2026-01-28,0.0,0.0
iPhone 16E (512gb),Default/Unknown,23990000.0,23990000.0,23990000.0,1,2026-01-28,2026-01-28,0.0,0.0
iPhone 16E (256gb),Unknown,15490000.0,15490000.0,15490000.0,6,2025-12-15,2026-01-11,0.0,0.0
iPhone 16,Xanh Mòng Két,19690000.0,19690000.0,19690000.0,1,2026-01-28,2026-01-28,0.0,0.0
iPhone 15 Plus (256gb),Xanh Dương Nhạt,22590000.0,22590000.0,22590000.0,62,2025-12-01,2026-01-30,0.0,0.0
MacBook Pro 14 M3 (1tb),Black,56990000.0,56990000.0,56990000.0,34,2025-12-19,2026-01-30,0.0,0.0
iPhone 15 Plus (256gb),Pink,21690000.0,21690000.0,21690000.0,48,2025-12-18,2026-01-29,0.0,0.0
MacBook Air M3 13-inch (24gb),Gold,28490000.0,28490000.0,28490000.0,44,2025-12-18,2026-01-29,0.0,0.0
MacBook Air M1 (8gb),Space Gray,15690000.0,15690000.0,15690000.0,45,2025-12-18,2026-01-29,0.0,0.0
MacBook Air M2 13-inch,Xanh Đen,19690000.0,19690000.0,19690000.0,1,2025-12-30,2025-12-30,0.0,0.0
MacBook Air M2 13-inch (16gb),Default/Unknown,19790000.0,19790000.0,19790000.0,1,2026-01-28,2026-01-28,0.0,0.0
MacBook Air M2 13-inch (16gb),Vàng Đồng,19790000.0,19790000.0,19790000.0,71,2025-12-23,2026-01-30,0.0,0.0
iPad Air M3 (128gb),Default,22790000.0,22790000.0,22790000.0,1,2025-12-27,2025-12-27,0.0,0.0
MacBook Air M2 15-inch (8gb),Blue,37890000.0,37890000.0,37890000.0,38,2025-12-19,2026-01-30,0.0,0.0
MacBook Air M2 15-inch (8gb),Gold,37890000.0,37890000.0,37890000.0,4,2025-12-19,2025-12-26,0.0,0.0
iPad Air M2 (512gb),Unknown,16990000.0,16990000.0,16990000.0,1,2025-12-20,2025-12-20,0.0,0.0
MacBook Air M2 15-inch (8gb),Unknown,37890000.0,37890000.0,37890000.0,3,2025-12-30,2026-01-28,0.0,0.0
MacBook Air M3 13-inch (24gb),Gray,28490000.0,28490000.0,28490000.0,44,2025-12-18,2026-01-29,0.0,0.0
Mac mini M4 (48gb),Silver,42990000.0,42990000.0,42990000.0,43,2025-12-18,2026-01-29,0.0,0.0
MacBook Air M3 13-inch (24gb),Silver,28490000.0,28490000.0,28490000.0,44,2025-12-18,2026-01-29,0.0,0.0
MacBook Air M3 13-inch (24gb),Xanh Đen,28490000.0,28490000.0,28490000.0,44,2025-12-18,2026-01-29,0.0,0.0
MacBook Air M3 15-inch (16gb),Gold,29190000.0,29190000.0,29190000.0,42,2025-12-18,2026-01-29,0.0,0.0
MacBook Air M3 15-inch (16gb),Gray,29190000.0,29190000.0,29190000.0,42,2025-12-18,2026-01-29,0.0,0.0
MacBook Air M3 15-inch (16gb),Silver,29190000.0,29190000.0,29190000.0,42,2025-12-18,2026-01-29,0.0,0.0
MacBook Air M3 15-inch (16gb),Xanh Đen,29190000.0,29190000.0,29190000.0,42,2025-12-18,2026-01-29,0.0,0.0
MacBook Air M3 15-inch (8gb),Gold,26690000.0,26690000.0,26690000.0,42,2025-12-18,2026-01-29,0.0,0.0
MacBook Air M3 15-inch (8gb),Gray,26690000.0,26690000.0,26690000.0,42,2025-12-18,2026-01-29,0.0,0.0
MacBook Air M3 15-inch (8gb),Silver,26690000.0,26690000.0,26690000.0,42,2025-12-18,2026-01-29,0.0,0.0
MacBook Air M1 (8gb),Silver,15690000.0,15690000.0,15690000.0,45,2025-12-18,2026-01-29,0.0,0.0
Mac mini M4 (24gb),Unknown,19290000.0,19290000.0,19290000.0,1,2025-12-15,2025-12-15,0.0,0.0
MacBook Air M4 13-inch,Unknown,23990000.0,23990000.0,23990000.0,1,2026-01-28,2026-01-28,0.0,0.0
iPad Gen 10 (256gb),Purple,24990000.0,24990000.0,24990000.0,29,2025-12-25,2026-01-30,0.0,0.0
iPad Mini 7,Xám Không Gian,15690000.0,15690000.0,15690000.0,1,2025-12-23,2025-12-23,0.0,0.0
Apple Watch Ultra 2 (titan),Unknown,19690000.0,19690000.0,19690000.0,6,2025-12-19,2025-12-22,0.0,0.0
iPad Gen 10 (64gb),White,20990000.0,20990000.0,20990000.0,35,2025-12-19,2026-01-30,0.0,0.0
iPad Gen 10 (64gb),Unknown,20990000.0,20990000.0,20990000.0,1,2026-01-26,2026-01-26,0.0,0.0
iPad Gen 10 (64gb),Trắng Vàng,12990000.0,12990000.0,12990000.0,42,2025-12-15,2026-01-29,0.0,0.0
iPad Gen 10 (64gb),Không Hài Lòng,20990000.0,20990000.0,20990000.0,3,2025-12-24,2025-12-26,0.0,0.0
iPad Gen 10 (64gb),Hài Lòng,20990000.0,20990000.0,20990000.0,3,2025-12-24,2025-12-26,0.0,0.0
iPad Gen 10 (64gb),Default,12990000.0,12990000.0,12990000.0,1,2025-12-25,2025-12-25,0.0,0.0
iPad Gen 10 (256gb),White,24990000.0,24990000.0,24990000.0,29,2025-12-25,2026-01-30,0.0,0.0
iPad Gen 10 (256gb),Pink,24990000.0,24990000.0,24990000.0,29,2025-12-25,2026-01-30,0.0,0.0
iPad Air M3 (256gb),Default/Unknown,16390000.0,16390000.0,16390000.0,1,2026-01-07,2026-01-07,0.0,0.0
iPad Gen 10 (256gb),Gray,24990000.0,24990000.0,24990000.0,29,2025-12-25,2026-01-30,0.0,0.0
iPad Gen 10 (256gb),Blue,24990000.0,24990000.0,24990000.0,26,2025-12-19,2026-01-30,0.0,0.0
iPad Air M3 (512gb),Unknown,31490000.0,31490000.0,31490000.0,1,2026-01-07,2026-01-07,0.0,0.0
Apple Watch Ultra 3 (titan),"Viền Titan Dây Ocean Chính Hãng, Giá Rẻ",22990000.0,22990000.0,22990000.0,3,2026-01-04,2026-01-28,0.0,0.0
Apple Watch Ultra 3 (titan),"Viền Titan Dây Quấn Alpine Chính Hãng, Giá Rẻ",22990000.0,22990000.0,22990000.0,1,2026-01-28,2026-01-28,0.0,0.0
Apple Watch Ultra 3 (titan),"Viền Titan Dây Quấn Milan Titan Chính Hãng, Giá Rẻ",25990000.0,25990000.0,25990000.0,2,2026-01-24,2026-01-28,0.0,0.0
Mac Studio M4 (36gb),Silver,54990000.0,54990000.0,54990000.0,42,2025-12-18,2026-01-29,0.0,0.0
Mac Studio M4 (36gb),Unknown,54990000.0,54990000.0,54990000.0,1,2025-12-15,2025-12-15,0.0,0.0
Mac mini M2 (16gb),Gray,12990000.0,12990000.0,12990000.0,44,2025-12-15,2026-01-29,0.0,0.0
MacBook Air M3 15-inch (8gb),Xanh Đen,26690000.0,26690000.0,26690000.0,42,2025-12-18,2026-01-29,0.0,0.0
MacBook Air M4 13-inch (16gb),Default,30990000.0,30990000.0,30990000.0,1,2025-12-28,2025-12-28,0.0,0.0
iPhone 15 Plus (256gb),Hồng Nhạt,22590000.0,22590000.0,22590000.0,51,2025-12-05,2026-01-30,0.0,0.0
MacBook Air M4 15-inch (24gb),Default,39590000.0,39590000.0,39590000.0,1,2025-12-24,2025-12-24,0.0,0.0
MacBook Air M4 15-inch (1tb),Gold,39690000.0,39690000.0,39690000.0,127,2025-12-23,2026-01-30,0.0,0.0
MacBook Air M4 15-inch (1tb),Silver,39690000.0,39690000.0,39690000.0,128,2025-12-23,2026-01-30,0.0,0.0
MacBook Air M4 15-inch (1tb),Xanh Da Trời Nhạt,39690000.0,39690000.0,39690000.0,128,2025-12-23,2026-01-30,0.0,0.0
MacBook Air M4 15-inch (1tb),Xanh Đen,39690000.0,39690000.0,39690000.0,128,2025-12-23,2026-01-30,0.0,0.0
iMac M3 (8gb),Pink,26990000.0,26990000.0,26990000.0,44,2025-12-18,2026-01-29,0.0,0.0
iMac M3 (8gb),Green,26990000.0,26990000.0,26990000.0,44,2025-12-18,2026-01-29,0.0,0.0
MacBook Pro 16 M5,Unknown,41690000.0,41690000.0,41690000.0,2,2026-01-24,2026-01-28,0.0,0.0
MacBook Pro 16 M4 (1tb),Xanh Đen,103690000.0,103690000.0,103690000.0,25,2025-12-19,2026-01-30,0.0,0.0
MacBook Pro 16 M4 (1tb),Unknown,103690000.0,103690000.0,103690000.0,1,2026-01-20,2026-01-20,0.0,0.0
MacBook Air M4 15-inch (24gb),Default/Unknown,38490000.0,38490000.0,38490000.0,1,2026-01-28,2026-01-28,0.0,0.0
MacBook Air M4 15-inch (16gb),Default,35290000.0,35290000.0,35290000.0,1,2025-12-30,2025-12-30,0.0,0.0
MacBook Pro 14 M5 (24gb),Unknown,46890000.0,46890000.0,46890000.0,1,2025-12-15,2025-12-15,0.0,0.0
MacBook Pro 14 M5 (16gb),Nano Texture,45590000.0,45590000.0,45590000.0,2,2026-01-24,2026-01-28,0.0,0.0
MacBook Pro 14 M5 (16gb),Default,41990000.0,41990000.0,41990000.0,1,2025-12-24,2025-12-24,0.0,0.0
MacBook Pro 14 M4 (48gb),Unknown,74990000.0,74990000.0,74990000.0,1,2025-12-15,2025-12-15,0.0,0.0
MacBook Pro 14 M4 (24gb),Unknown,49990000.0,49990000.0,49990000.0,7,2025-12-27,2026-01-28,0.0,0.0
MacBook Pro 14 M4 (24gb),Default/Unknown,49990000.0,49990000.0,49990000.0,1,2026-01-22,2026-01-22,0.0,0.0
MacBook Pro 14 M4 (16gb),Silver,36890000.0,36890000.0,36890000.0,41,2025-12-18,2026-01-29,0.0,0.0
MacBook Pro 14 M4 (16gb),Black,36890000.0,36890000.0,36890000.0,41,2025-12-18,2026-01-29,0.0,0.0
MacBook Pro 14 M3 (1tb),Unknown,56990000.0,56990000.0,56990000.0,5,2026-01-08,2026-01-28,0.0,0.0
MacBook Air M4 15-inch (1tb),16Gb - 1 Tb,39690000.0,39690000.0,39690000.0,98,2026-01-04,2026-01-30,0.0,0.0
iMac M4 (24gb),Pink,49990000.0,49990000.0,49990000.0,43,2025-12-15,2026-01-29,0.0,0.0
MacBook Air M4 13-inch (16gb),Default/Unknown,25490000.0,25490000.0,25490000.0,1,2026-01-28,2026-01-28,0.0,0.0
MacBook Air M4 13-inch (24gb),Xanh Da Trời Nhạt,30390000.0,30390000.0,30390000.0,137,2025-12-23,2026-01-30,0.0,0.0
iPad Air M2 (128gb),Không Hài Lòng,16990000.0,16990000.0,16990000.0,4,2025-12-25,2025-12-25,0.0,0.0
iPad Air M2 (128gb),Hài Lòng,16990000.0,16990000.0,16990000.0,4,2025-12-25,2025-12-25,0.0,0.0
iPad Air M2 (128gb),Default,17990000.0,17990000.0,17990000.0,1,2025-12-30,2025-12-30,0.0,0.0
MacBook Air M4 13-inch (24gb),Default,35490000.0,35490000.0,35490000.0,1,2025-12-27,2025-12-27,0.0,0.0
MacBook Air M4 13-inch (24gb),Default/Unknown,30390000.0,30390000.0,30390000.0,2,2026-01-28,2026-01-28,0.0,0.0
MacBook Air M4 13-inch (24gb),Gold,30390000.0,30390000.0,30390000.0,135,2025-12-23,2026-01-30,0.0,0.0
iPad Air M2,Gray,17990000.0,17990000.0,17990000.0,1,2026-01-26,2026-01-26,0.0,0.0
iPad 11 inch (A16) (512gb),Unknown,19490000.0,19490000.0,19490000.0,1,2026-01-07,2026-01-07,0.0,0.0
MacBook Air M4 13-inch (24gb),Unknown,32490000.0,32490000.0,32490000.0,1,2026-01-28,2026-01-28,0.0,0.0
iPad 11 inch (A16) (256gb),Unknown,15790000.0,15790000.0,15790000.0,1,2025-12-15,2025-12-15,0.0,0.0
iPad 11 inch (A16) (128gb),Hài Lòng,8490000.0,8490000.0,8490000.0,1,2025-12-24,2025-12-24,0.0,0.0
MacBook Air M4 13-inch (24gb),Xanh Đen,30390000.0,30390000.0,30390000.0,136,2025-12-23,2026-01-30,0.0,0.0
MacBook Air M4 13-inch (32gb),Default/Unknown,34490000.0,34490000.0,34490000.0,2,2026-01-28,2026-01-28,0.0,0.0
iPad 11 inch (A16) (256gb),Default/Unknown,16590000.0,16590000.0,16590000.0,2,2026-01-28,2026-01-28,0.0,0.0
MacBook Air M4 13-inch (32gb),Gold,34490000.0,34490000.0,34490000.0,124,2025-12-23,2026-01-30,0.0,0.0
MacBook Air M4 13-inch (32gb),Silver,34490000.0,34490000.0,34490000.0,124,2025-12-23,2026-01-30,0.0,0.0
MacBook Air M4 13-inch (32gb),Xanh Da Trời Nhạt,33990000.0,33990000.0,33990000.0,124,2025-12-23,2026-01-30,0.0,0.0
MacBook Air M4 13-inch (32gb),Xanh Đen,34490000.0,34490000.0,34490000.0,124,2025-12-23,2026-01-30,0.0,0.0
MacBook Air M4 15-inch,Unknown,28990000.0,28990000.0,28990000.0,1,2026-01-28,2026-01-28,0.0,0.0
iPad 11 inch (A16) (128gb),Không Hài Lòng,8490000.0,8490000.0,8490000.0,1,2025-12-24,2025-12-24,0.0,0.0
iPad Mini 7 (128gb),128 Gb,11790000.0,11790000.0,11790000.0,1,2025-12-27,2025-12-27,0.0,0.0
Apple Watch Ultra 2 (titan),Dây Ocean,19690000.0,19690000.0,19690000.0,24,2026-01-18,2026-01-30,0.0,0.0
Apple Watch Ultra 2 (titan),Dây Alpine,19690000.0,19690000.0,19690000.0,24,2026-01-18,2026-01-30,0.0,0.0
iPhone 14 (256gb),Default,16990000.0,16990000.0,16990000.0,22,2025-12-30,2026-01-29,0.0,0.0
iPhone 14 Pro Max (128gb),Purple,25590000.0,25590000.0,25590000.0,42,2025-12-18,2026-01-29,0.0,0.0
iPhone 14 Pro Max (128gb),Gold,25590000.0,25590000.0,25590000.0,42,2025-12-18,2026-01-29,0.0,0.0
iPhone 14 Pro Max (128gb),Black,25590000.0,25590000.0,25590000.0,42,2025-12-18,2026-01-29,0.0,0.0
iPhone 14 Plus (128gb),White,17390000.0,17390000.0,17390000.0,46,2025-12-18,2026-01-29,0.0,0.0
iPhone 14 Plus (128gb),Purple,17390000.0,17390000.0,17390000.0,46,2025-12-18,2026-01-29,0.0,0.0
iPhone 14 Plus (128gb),Blue,17390000.0,17390000.0,17390000.0,46,2025-12-18,2026-01-29,0.0,0.0
iPhone 14 Plus (128gb),Black,17390000.0,17390000.0,17390000.0,46,2025-12-18,2026-01-29,0.0,0.0
iPhone 14 (512gb),Unknown,4990000.0,4990000.0,4990000.0,3,2026-01-09,2026-01-28,0.0,0.0
Apple Watch Series 10 (alum_gps),Trắng Starlight,10790182.0,10790182.0,10790182.0,63,2026-01-10,2026-01-30,0.0,0.0
Apple Watch Series 10 (alum_gps),Đen Bóng,8090000.0,8090000.0,8090000.0,4,2025-12-20,2025-12-24,0.0,0.0
iPhone 15,Black,28390000.0,28390000.0,28390000.0,1,2025-12-30,2025-12-30,0.0,0.0
iPhone 14 (128gb),Tím Nhạt,13990000.0,13990000.0,13990000.0,1,2026-01-03,2026-01-03,0.0,0.0
iPhone 14,Red,13990000.0,13990000.0,13990000.0,10,2025-12-27,2026-01-23,0.0,0.0
iPhone 14,Purple,13990000.0,13990000.0,13990000.0,2,2025-12-28,2025-12-29,0.0,0.0
iPhone 14,Gold,20590000.0,20590000.0,20590000.0,1,2025-12-30,2025-12-30,0.0,0.0
iPhone 13 (512gb),Black,24490000.0,24490000.0,24490000.0,25,2025-12-26,2026-01-29,0.0,0.0
iPhone 13 (256gb),White,17990000.0,17990000.0,17990000.0,27,2025-12-15,2026-01-29,0.0,0.0
iPhone 13 (256gb),Pink,17990000.0,17990000.0,17990000.0,28,2025-12-15,2026-01-29,0.0,0.0
MacBook Pro 14 M3 (1tb),Silver,56990000.0,56990000.0,56990000.0,7,2025-12-19,2025-12-27,0.0,0.0
iPhone 13 (256gb),Black,17990000.0,17990000.0,17990000.0,27,2025-12-15,2026-01-29,0.0,0.0
iPhone 14 Pro Max (128gb),Silver,25590000.0,25590000.0,25590000.0,42,2025-12-18,2026-01-29,0.0,0.0
iPhone 15,Gold,16790000.0,16790000.0,16790000.0,1,2026-01-28,2026-01-28,0.0,0.0
iPad Mini 7 (128gb),Hài Lòng,15690000.0,15690000.0,15690000.0,1,2025-12-25,2025-12-25,0.0,0.0
iPhone 15 Plus (128gb),Blue,17690000.0,17690000.0,17690000.0,48,2025-12-18,2026-01-29,0.0,0.0
iPhone 15 Plus (256gb),Green,21690000.0,21690000.0,21690000.0,48,2025-12-18,2026-01-29,0.0,0.0
iPhone 15 Plus (256gb),Gold,21690000.0,21690000.0,21690000.0,48,2025-12-18,2026-01-29,0.0,0.0
iPhone 15 Plus (256gb),Blue,21690000.0,21690000.0,21690000.0,48,2025-12-18,2026-01-29,0.0,0.0
iPhone 15 Plus (128gb),Xanh Lá Nhạt,19590000.0,19590000.0,19590000.0,48,2025-12-01,2026-01-30,0.0,0.0
iPhone 15 Plus (128gb),Xanh Dương Nhạt,19590000.0,19590000.0,19590000.0,50,2025-12-01,2026-01-30,0.0,0.0
iPhone 15 Plus (128gb),Vàng Nhạt,19590000.0,19590000.0,19590000.0,57,2025-12-01,2026-01-30,0.0,0.0
iPhone 15 Plus (128gb),Pink,17690000.0,17690000.0,17690000.0,48,2025-12-18,2026-01-29,0.0,0.0
iPhone 15 Plus (128gb),Hồng Nhạt,19590000.0,19590000.0,19590000.0,48,2025-12-01,2026-01-30,0.0,0.0
iPhone 15 Plus (128gb),Green,17690000.0,17690000.0,17690000.0,48,2025-12-18,2026-01-29,0.0,0.0
iPhone 15 (512gb),Xanh Lá Nhạt,23990000.0,23990000.0,23990000.0,12,2025-12-05,2025-12-24,0.0,0.0
iPhone 15,Green,16890000.0,16890000.0,16890000.0,1,2026-01-16,2026-01-16,0.0,0.0
iPhone 15 (512gb),Xanh Dương Nhạt,23990000.0,23990000.0,23990000.0,12,2025-12-05,2025-12-24,0.0,0.0
iPhone 15 (512gb),Vàng Nhạt,23990000.0,23990000.0,23990000.0,21,2025-12-01,2025-12-24,0.0,0.0
iPhone 15 (512gb),Unknown,499000.0,499000.0,499000.0,3,2026-01-04,2026-01-25,0.0,0.0
iPhone 15 (512gb),Hồng Nhạt,23990000.0,23990000.0,23990000.0,12,2025-12-05,2025-12-24,0.0,0.0
Apple Watch SE 3 (gps),Unknown,4790000.0,4790000.0,4790000.0,1,2026-01-28,2026-01-28,0.0,0.0
Apple Watch Series 10 (alum_cell),42Mm,11590000.0,11590000.0,11590000.0,4,2025-12-25,2025-12-26,0.0,0.0
Apple Watch Series 10 (alum_cell),Default/Unknown,11590000.0,11590000.0,11590000.0,2,2025-12-23,2025-12-24,0.0,0.0
iPhone 15 (256gb),Unknown,19990000.0,19990000.0,19990000.0,4,2025-12-27,2026-01-08,0.0,0.0
Apple Watch Series 10 (alum_gps),42Mm,7990000.0,7990000.0,7990000.0,4,2025-12-25,2025-12-26,0.0,0.0
iPhone 13 (128gb),Starlight,12090000.0,12090000.0,12090000.0,33,2025-12-15,2026-01-29,0.0,0.0
iPhone 13 (128gb),Midnight,12090000.0,12090000.0,12090000.0,33,2025-12-15,2026-01-29,0.0,0.0
iPhone 13 (128gb),Default/Unknown,12490000.0,12490000.0,12490000.0,1,2026-01-24,2026-01-24,0.0,0.0
Apple Watch Series 9 (alum_gps),White,10390000.0,10390000.0,10390000.0,39,2025-12-15,2026-01-29,0.0,0.0
iPad Pro M4 (256gb),Unknown,28490000.0,28490000.0,28490000.0,1,2026-01-15,2026-01-15,0.0,0.0
iPad Pro M4 (256gb),Không Hài Lòng,27990000.0,27990000.0,27990000.0,1,2025-12-26,2025-12-26,0.0,0.0
iPad Pro M4 (256gb),Hài Lòng,27990000.0,27990000.0,27990000.0,1,2025-12-26,2025-12-26,0.0,0.0
Apple Watch Series 11 (titan_cell),Default/Unknown,20390000.0,20390000.0,20390000.0,1,2026-01-04,2026-01-04,0.0,0.0
iPad Pro M4 (1tb),Ðen,45990000.0,45990000.0,45990000.0,13,2025-12-19,2026-01-27,0.0,0.0
Apple Watch Series 11 (titan_cell),Gray,19590000.0,19590000.0,19590000.0,3,2025-12-24,2025-12-27,0.0,0.0
iPad Pro M4,Unknown,27990000.0,27990000.0,27990000.0,2,2026-01-11,2026-01-28,0.0,0.0
iPad Mini 7 (512gb),Unknown,19590000.0,19590000.0,19590000.0,1,2025-12-19,2025-12-19,0.0,0.0
Apple Watch Series 9 (alum_gps),Default,9990000.0,9990000.0,9990000.0,1,2026-01-05,2026-01-05,0.0,0.0
Apple Watch Series 9 (gps),Màu Đen,9990000.0,9990000.0,9990000.0,47,2025-12-18,2026-01-29,0.0,0.0
iPhone 13,Pink,12590000.0,12590000.0,12590000.0,3,2025-12-30,2026-01-14,0.0,0.0
Apple Watch Series 9 (gps),Pink,8990000.0,8990000.0,8990000.0,44,2026-01-08,2026-01-29,0.0,0.0
Apple Watch Series 9 (gps),Starlight,9990000.0,9990000.0,9990000.0,47,2025-12-18,2026-01-29,0.0,0.0
iPad Mini 7 (256gb),512 Gb,14190000.0,14190000.0,14190000.0,1,2025-12-27,2025-12-27,0.0,0.0
iPad Mini 7 (256gb),256 Gb,14190000.0,14190000.0,14190000.0,1,2025-12-27,2025-12-27,0.0,0.0
Apple Watch Ultra 2,Unknown,22990000.0,22990000.0,22990000.0,1,2026-01-07,2026-01-07,0.0,0.0
Apple Watch Ultra 2,Viền Titan Tự Nhiên Dây S/M,21990000.0,21990000.0,21990000.0,43,2025-12-23,2026-01-29,0.0,0.0
Apple Watch Ultra 2 (titan),Default,22990000.0,22990000.0,22990000.0,2,2025-12-24,2025-12-29,0.0,0.0
Apple Watch Ultra 2 (titan),Default/Unknown,19690000.0,19690000.0,19690000.0,56,2025-12-23,2026-01-25,0.0,0.0
iPad Mini 7 (128gb),Không Hài Lòng,15690000.0,15690000.0,15690000.0,1,2025-12-25,2025-12-25,0.0,0.0
iPad Pro M4 (2tb),Default,54990000.0,54990000.0,54990000.0,1,2025-12-30,2025-12-30,0.0,0.0
iPad Pro M4 (2tb),Unknown,47990000.0,47990000.0,47990000.0,1,2025-12-15,2025-12-15,0.0,0.0
iPad Pro M4 (2tb),Ðen,57490000.0,57490000.0,57490000.0,17,2025-12-19,2026-01-27,0.0,0.0
Apple Watch Series 11 (alum_cell),Viền Nhôm Dây Cao Su,14990000.0,14990000.0,14990000.0,2,2026-01-24,2026-01-28,0.0,0.0
iPhone 13,Green,12590000.0,12590000.0,12590000.0,5,2025-12-23,2026-01-05,0.0,0.0
iPhone 13,Blue,12590000.0,12590000.0,12590000.0,8,2025-12-27,2026-01-23,0.0,0.0
iPhone 13,Black,12590000.0,12590000.0,12590000.0,1,2026-01-10,2026-01-10,0.0,0.0
iPad Pro M5 13-inch (512gb),Black,45590000.0,45590000.0,45590000.0,69,2025-12-19,2026-01-12,0.0,0.0
iPad Pro M5 13-inch (512gb),12Gb - 512Gb,45590000.0,45590000.0,45590000.0,141,2025-12-25,2026-01-30,0.0,0.0
iPad Pro M5 13-inch (2tb),Silver,67990000.0,67990000.0,67990000.0,80,2026-01-13,2026-01-30,0.0,0.0
iPad Pro M5 13-inch (2tb),Black,67990000.0,67990000.0,67990000.0,80,2026-01-13,2026-01-30,0.0,0.0
iPad Pro M5 13-inch (2tb),16Gb - 2Tb,67990000.0,67990000.0,67990000.0,80,2026-01-13,2026-01-30,0.0,0.0
iPad Pro M5 13-inch (256gb),Unknown,44990000.0,44990000.0,44990000.0,1,2025-12-19,2025-12-19,0.0,0.0
iPad Pro M5 13-inch (256gb),Black,39990000.0,39990000.0,39990000.0,5,2025-12-19,2025-12-24,0.0,0.0
iPad Pro M5 13-inch (256gb),12Gb - 512Gb,39590000.0,39590000.0,39590000.0,1,2026-01-18,2026-01-18,0.0,0.0
iPad Pro M5 11-inch (256gb),Unknown,33990000.0,33990000.0,33990000.0,1,2026-01-07,2026-01-07,0.0,0.0
Apple Watch Series 10 (gps),Viền Titan Xám Dây M/L,20990000.0,20990000.0,20990000.0,42,2025-12-23,2026-01-29,0.0,0.0
Apple Watch Series 10 (gps),Viền Titan Xám Dây S/M,20990000.0,20990000.0,20990000.0,42,2025-12-23,2026-01-29,0.0,0.0
Apple Watch Series 10 (titan_cell),Default,18490000.0,18490000.0,18490000.0,1,2025-12-25,2025-12-25,0.0,0.0
iPad Pro M5 11-inch (1tb),Black,46790000.0,46790000.0,46790000.0,80,2026-01-14,2026-01-30,0.0,0.0
iPad Pro M5 11-inch (1tb),16Gb - 1Tb,46790000.0,46790000.0,46790000.0,80,2026-01-14,2026-01-30,0.0,0.0
iPad Pro M4 (512gb),Ðen,33890000.0,33890000.0,33890000.0,35,2025-12-19,2026-01-29,0.0,0.0
iPad Pro M4 (512gb),Default,37990000.0,37990000.0,37990000.0,1,2025-12-24,2025-12-24,0.0,0.0
iPhone 13 (256gb),Midnight,18490000.0,18490000.0,18490000.0,32,2025-12-19,2026-01-29,0.0,0.0
