Product_Name;Color;Ton_Kho;Gia_Niem_Yet;Gia_Khuyen_Mai;Date;Khuyen_Mai;Thanh_Toan;Store_Count;Link;screenshot_name
iPhone 14 Plus (128GB) - Chính hãng VN/A;Unknown;No;39000082;39000082;2026-05-28;;;0;https://hoanghamobile.com/dien-thoai-di-dong/apple-iphone-14-plus-128gb-chinh-hang-vn-a;Disabled
Tai nghe AirPods Pro 2 (USB-C) - Chính hãng Apple Việt Nam;Trắng;No;6190000;5390000;2026-05-28;"1
Nhận gói 6 tháng Apple Music miễn phí (Khám phá ngay)
2
Ưu đãi giảm tới 5% tối đa 100k khi mua AirPods kèm iPhone/iPad/MacBook (Khám phá ngay)
3
Ưu đãi giảm 5% tối đa 300k khi mua AirPods + Apple Watch kèm iPhone/iPad/MacBook (Khám phá ngay)
4
Tặng Voucher giảm ngay 10%, tối đa 200.000đ cho khách hàng mua sản phẩm vào ngày sinh nhật (Khám phá ngay)
5
Giảm ngay 50.000đ khi mua gói cước di động Mobifone, Vnsky lên tới 6GB data/ngày - Trải nghiệm 5G chỉ 99k/tháng (Khám phá ngay)
6
Nhận báo giá tốt nhất cho khách hàng doanh nghiệp B2B khi mua số lượng lớn (Khám phá ngay)";"Mở thẻ VPBank - giảm tới 500k, trả góp 0%, 0 phí lên đến 6 tháng
Trả góp 0% Lãi suất - Kỳ hạn lên đến 12 tháng qua thẻ VIB
Mở thẻ Max Card nhận loạt đặc quyền - Hoàn tiền lên đến 18 triệu đồng
Trả góp 4 không, duyệt nhanh 10 phút, kỳ hạn tới 12 tháng với công ty tài chính/thẻ tín dụng
An tâm sử dụng sản phẩm dài lâu với gói bảo hành mở rộng H-Care (LH 1900.2091)
Giảm 5% tối đa 500k khi thanh toán qua Spaylater
TPBank Evo - Giảm đến 500.000đ, trả góp 0%, 0 phí lên đến 12 tháng
Giảm 1% tối đa 300.000đ khi thanh toán qua ZaloPay
Giảm tới 500.000đ khi thanh toán qua Homepaylater";0;https://hoanghamobile.com/tai-nghe/airpods-pro-2-voi-hop-sac-usb-c-chinh-hang-apple-viet-nam;Disabled
iPhone 13 (128GB) - Chính hãng VN/A;Xanh Dương;No;17290000;11990000;2026-05-28;"1
Ưu đãi giảm tới 5% tối đa 100k khi mua AirPods kèm iPhone/iPad/MacBook (Khám phá ngay)
2
Ưu đãi giảm tới 3% tối đa 200k khi mua Apple Watch kèm iPhone/iPad/MacBook (Khám phá ngay)
3
Ưu đãi giảm 5% tối đa 300k khi mua AirPods + Apple Watch kèm iPhone/iPad/MacBook (Khám phá ngay)
4
Tặng Voucher giảm ngay 10%, tối đa 200.000đ cho khách hàng mua sản phẩm vào ngày sinh nhật (Khám phá ngay)
5
Ưu đãi mua dán màn hình kèm máy Điện thoại/Máy tính bảng/Laptop/Đồng hồ giảm 10% (Khám phá ngay)
6
Giảm ngay 50.000đ khi mua gói cước di động Mobifone, Vnsky lên tới 6GB data/ngày - Trải nghiệm 5G chỉ 99k/tháng (Khám phá ngay)
7
Nhận báo giá tốt nhất cho khách hàng doanh nghiệp B2B khi mua số lượng lớn (Khám phá ngay)";"Mở thẻ VPBank - giảm tới 500k, trả góp 0%, 0 phí lên đến 6 tháng
Trả góp 0% - 0 phí ẩn - trả trc tối đa 20% - KH lên tới 12 tháng qua Shinhan Finance
Trả góp 0% Lãi suất - Kỳ hạn lên đến 12 tháng qua thẻ VIB
Mở thẻ Max Card nhận loạt đặc quyền - Hoàn tiền lên đến 18 triệu đồng
Trả góp 4 không, duyệt nhanh 10 phút, kỳ hạn tới 12 tháng với công ty tài chính/thẻ tín dụng
An tâm sử dụng sản phẩm dài lâu với gói bảo hành mở rộng H-Care (LH 1900.2091)
Giảm 5% tối đa 500k khi thanh toán qua Spaylater
TPBank Evo - Giảm đến 500.000đ, trả góp 0%, 0 phí lên đến 12 tháng
Giảm 1% tối đa 300.000đ khi thanh toán qua ZaloPay
Giảm tới 500.000đ khi thanh toán qua Homepaylater";0;https://hoanghamobile.com/dien-thoai-di-dong/apple-iphone-13-128gb-chinh-hang-vn-a;Disabled
iPhone 14 (128GB) - Chính hãng VN/A;Tím;No;19990000;13790000;2026-05-28;"1
Ưu đãi giảm tới 5% tối đa 100k khi mua AirPods kèm iPhone/iPad/MacBook (Khám phá ngay)
2
Ưu đãi giảm tới 3% tối đa 200k khi mua Apple Watch kèm iPhone/iPad/MacBook (Khám phá ngay)
3
Ưu đãi giảm 5% tối đa 300k khi mua AirPods + Apple Watch kèm iPhone/iPad/MacBook (Khám phá ngay)
4
Tặng Voucher giảm ngay 10%, tối đa 200.000đ cho khách hàng mua sản phẩm vào ngày sinh nhật (Khám phá ngay)
5
Ưu đãi mua dán màn hình kèm máy Điện thoại/Máy tính bảng/Laptop/Đồng hồ giảm 10% (Khám phá ngay)
6
Giảm ngay 50.000đ khi mua gói cước di động Mobifone, Vnsky lên tới 6GB data/ngày - Trải nghiệm 5G chỉ 99k/tháng (Khám phá ngay)
7
Nhận báo giá tốt nhất cho khách hàng doanh nghiệp B2B khi mua số lượng lớn (Khám phá ngay)";"Mở thẻ VPBank - giảm tới 500k, trả góp 0%, 0 phí lên đến 6 tháng
Trả góp 0% - 0 phí ẩn - trả trc tối đa 20% - KH lên tới 12 tháng qua Shinhan Finance
Trả góp 0% Lãi suất - Kỳ hạn lên đến 12 tháng qua thẻ VIB
Mở thẻ Max Card nhận loạt đặc quyền - Hoàn tiền lên đến 18 triệu đồng
Trả góp 4 không, duyệt nhanh 10 phút, kỳ hạn tới 12 tháng với công ty tài chính/thẻ tín dụng
An tâm sử dụng sản phẩm dài lâu với gói bảo hành mở rộng H-Care (LH 1900.2091)
Giảm 5% tối đa 500k khi thanh toán qua Spaylater
TPBank Evo - Giảm đến 500.000đ, trả góp 0%, 0 phí lên đến 12 tháng
Giảm 1% tối đa 300.000đ khi thanh toán qua ZaloPay
Giảm tới 500.000đ khi thanh toán qua Homepaylater";0;https://hoanghamobile.com/dien-thoai-di-dong/apple-iphone-14-128gb-chinh-hang-vn-a;Disabled
iPhone 15 (128GB) - Chính hãng VN/A;Xanh Dương;Yes;19990000;17790000;2026-05-28;"1
Ưu đãi giảm tới 5% tối đa 100k khi mua AirPods kèm iPhone/iPad/MacBook (Khám phá ngay)
2
Ưu đãi giảm tới 3% tối đa 200k khi mua Apple Watch kèm iPhone/iPad/MacBook (Khám phá ngay)
3
Ưu đãi giảm 5% tối đa 300k khi mua AirPods + Apple Watch kèm iPhone/iPad/MacBook (Khám phá ngay)
4
Tặng Voucher giảm ngay 10%, tối đa 200.000đ cho khách hàng mua sản phẩm vào ngày sinh nhật (Khám phá ngay)
5
Ưu đãi mua dán màn hình kèm máy Điện thoại/Máy tính bảng/Laptop/Đồng hồ giảm 10% (Khám phá ngay)
6
Giảm ngay 50.000đ khi mua gói cước di động Mobifone, Vnsky lên tới 6GB data/ngày - Trải nghiệm 5G chỉ 99k/tháng (Khám phá ngay)
7
Nhận báo giá tốt nhất cho khách hàng doanh nghiệp B2B khi mua số lượng lớn (Khám phá ngay)";"Mở thẻ VPBank - giảm tới 500k, trả góp 0%, 0 phí lên đến 6 tháng
Trả góp 0% - 0 phí ẩn - trả trc tối đa 20% - KH lên tới 12 tháng qua Shinhan Finance
Trả góp 0% Lãi suất - Kỳ hạn lên đến 12 tháng qua thẻ VIB
Mở thẻ Max Card nhận loạt đặc quyền - Hoàn tiền lên đến 18 triệu đồng
Trả góp 4 không, duyệt nhanh 10 phút, kỳ hạn tới 12 tháng với công ty tài chính/thẻ tín dụng
An tâm sử dụng sản phẩm dài lâu với gói bảo hành mở rộng H-Care (LH 1900.2091)
Giảm 5% tối đa 500k khi thanh toán qua Spaylater
TPBank Evo - Giảm đến 500.000đ, trả góp 0%, 0 phí lên đến 12 tháng
Giảm 1% tối đa 300.000đ khi thanh toán qua ZaloPay
Giảm tới 500.000đ khi thanh toán qua Homepaylater";14;https://hoanghamobile.com/dien-thoai-di-dong/apple-iphone-15-128gb-chinh-hang-vn-a;Disabled
iPhone 15 (256GB) - Chính hãng VN/A;Xanh Dương;No;22990000;19490000;2026-05-28;"1
Ưu đãi giảm tới 5% tối đa 100k khi mua AirPods kèm iPhone/iPad/MacBook (Khám phá ngay)
2
Ưu đãi giảm tới 3% tối đa 200k khi mua Apple Watch kèm iPhone/iPad/MacBook (Khám phá ngay)
3
Ưu đãi giảm 5% tối đa 300k khi mua AirPods + Apple Watch kèm iPhone/iPad/MacBook (Khám phá ngay)
4
Tặng Voucher giảm ngay 10%, tối đa 200.000đ cho khách hàng mua sản phẩm vào ngày sinh nhật (Khám phá ngay)
5
Ưu đãi mua dán màn hình kèm máy Điện thoại/Máy tính bảng/Laptop/Đồng hồ giảm 10% (Khám phá ngay)
6
Giảm ngay 50.000đ khi mua gói cước di động Mobifone, Vnsky lên tới 6GB data/ngày - Trải nghiệm 5G chỉ 99k/tháng (Khám phá ngay)
7
Nhận báo giá tốt nhất cho khách hàng doanh nghiệp B2B khi mua số lượng lớn (Khám phá ngay)";"Mở thẻ VPBank - giảm tới 500k, trả góp 0%, 0 phí lên đến 6 tháng
Trả góp 0% - 0 phí ẩn - trả trc tối đa 20% - KH lên tới 12 tháng qua Shinhan Finance
Trả góp 0% Lãi suất - Kỳ hạn lên đến 12 tháng qua thẻ VIB
Mở thẻ Max Card nhận loạt đặc quyền - Hoàn tiền lên đến 18 triệu đồng
Trả góp 4 không, duyệt nhanh 10 phút, kỳ hạn tới 12 tháng với công ty tài chính/thẻ tín dụng
An tâm sử dụng sản phẩm dài lâu với gói bảo hành mở rộng H-Care (LH 1900.2091)
Giảm 5% tối đa 500k khi thanh toán qua Spaylater
TPBank Evo - Giảm đến 500.000đ, trả góp 0%, 0 phí lên đến 12 tháng
Giảm 1% tối đa 300.000đ khi thanh toán qua ZaloPay
Giảm tới 500.000đ khi thanh toán qua Homepaylater";0;https://hoanghamobile.com/dien-thoai-di-dong/apple-iphone-15-256gb-chinh-hang-vn-a;Disabled
iPhone 15 (512GB) - Chính hãng VN/A;Xanh Dương;No;28990000;20990000;2026-05-28;"1
Ưu đãi giảm tới 5% tối đa 100k khi mua AirPods kèm iPhone/iPad/MacBook (Khám phá ngay)
2
Ưu đãi giảm tới 3% tối đa 200k khi mua Apple Watch kèm iPhone/iPad/MacBook (Khám phá ngay)
3
Ưu đãi giảm 5% tối đa 300k khi mua AirPods + Apple Watch kèm iPhone/iPad/MacBook (Khám phá ngay)
4
Tặng Voucher giảm ngay 10%, tối đa 200.000đ cho khách hàng mua sản phẩm vào ngày sinh nhật (Khám phá ngay)
5
Ưu đãi mua dán màn hình kèm máy Điện thoại/Máy tính bảng/Laptop/Đồng hồ giảm 10% (Khám phá ngay)
6
Giảm ngay 50.000đ khi mua gói cước di động Mobifone, Vnsky lên tới 6GB data/ngày - Trải nghiệm 5G chỉ 99k/tháng (Khám phá ngay)
7
Nhận báo giá tốt nhất cho khách hàng doanh nghiệp B2B khi mua số lượng lớn (Khám phá ngay)";"Mở thẻ VPBank - giảm tới 500k, trả góp 0%, 0 phí lên đến 6 tháng
Trả góp 0% - 0 phí ẩn - trả trc tối đa 20% - KH lên tới 12 tháng qua Shinhan Finance
Trả góp 0% Lãi suất - Kỳ hạn lên đến 12 tháng qua thẻ VIB
Mở thẻ Max Card nhận loạt đặc quyền - Hoàn tiền lên đến 18 triệu đồng
Trả góp 4 không, duyệt nhanh 10 phút, kỳ hạn tới 12 tháng với công ty tài chính/thẻ tín dụng
An tâm sử dụng sản phẩm dài lâu với gói bảo hành mở rộng H-Care (LH 1900.2091)
Giảm 5% tối đa 500k khi thanh toán qua Spaylater
TPBank Evo - Giảm đến 500.000đ, trả góp 0%, 0 phí lên đến 12 tháng
Giảm 1% tối đa 300.000đ khi thanh toán qua ZaloPay
Giảm tới 500.000đ khi thanh toán qua Homepaylater";0;https://hoanghamobile.com/dien-thoai-di-dong/apple-iphone-15-512gb-chinh-hang-vn-a;Disabled
Tai nghe AirPods Pro 3 - Chính hãng Apple Việt Nam;Trắng;Yes;6790000;5990000;2026-05-28;"1
Ưu đãi giảm tới 5% tối đa 100k khi mua AirPods kèm iPhone/iPad/MacBook (Khám phá ngay)
2
Ưu đãi giảm 5% tối đa 300k khi mua AirPods + Apple Watch kèm iPhone/iPad/MacBook (Khám phá ngay)
3
Tặng Voucher giảm ngay 10%, tối đa 200.000đ cho khách hàng mua sản phẩm vào ngày sinh nhật (Khám phá ngay)
4
Giảm ngay 50.000đ khi mua gói cước di động Mobifone, Vnsky lên tới 6GB data/ngày - Trải nghiệm 5G chỉ 99k/tháng (Khám phá ngay)
5
Nhận báo giá tốt nhất cho khách hàng doanh nghiệp B2B khi mua số lượng lớn (Khám phá ngay)";"Mở thẻ VPBank - giảm tới 500k, trả góp 0%, 0 phí lên đến 6 tháng
Trả góp 0% Lãi suất - Kỳ hạn lên đến 12 tháng qua thẻ VIB
Mở thẻ Max Card nhận loạt đặc quyền - Hoàn tiền lên đến 18 triệu đồng
Trả góp 4 không, duyệt nhanh 10 phút, kỳ hạn tới 12 tháng với công ty tài chính/thẻ tín dụng
An tâm sử dụng sản phẩm dài lâu với gói bảo hành mở rộng H-Care (LH 1900.2091)
Giảm 5% tối đa 500k khi thanh toán qua Spaylater
TPBank Evo - Giảm đến 500.000đ, trả góp 0%, 0 phí lên đến 12 tháng
Giảm 1% tối đa 300.000đ khi thanh toán qua ZaloPay
Giảm tới 500.000đ khi thanh toán qua Homepaylater";103;https://hoanghamobile.com/tai-nghe/tai-nghe-airpods-pro-3-chinh-hang-apple-viet-nam;Disabled
Tai nghe AirPods 4 bản Chủ Động Khử Tiếng Ồn - Chính hãng Apple Việt Nam;Trắng;Yes;4790000;4290000;2026-05-28;"1
Ưu đãi giảm tới 5% tối đa 100k khi mua AirPods kèm iPhone/iPad/MacBook (Khám phá ngay)
2
Ưu đãi giảm 5% tối đa 300k khi mua AirPods + Apple Watch kèm iPhone/iPad/MacBook (Khám phá ngay)
3
Tặng Voucher giảm ngay 10%, tối đa 200.000đ cho khách hàng mua sản phẩm vào ngày sinh nhật (Khám phá ngay)
4
Giảm ngay 50.000đ khi mua gói cước di động Mobifone, Vnsky lên tới 6GB data/ngày - Trải nghiệm 5G chỉ 99k/tháng (Khám phá ngay)
5
Nhận báo giá tốt nhất cho khách hàng doanh nghiệp B2B khi mua số lượng lớn (Khám phá ngay)";"Mở thẻ VPBank - giảm tới 500k, trả góp 0%, 0 phí lên đến 6 tháng
Trả góp 0% Lãi suất - Kỳ hạn lên đến 12 tháng qua thẻ VIB
Mở thẻ Max Card nhận loạt đặc quyền - Hoàn tiền lên đến 18 triệu đồng
Trả góp 4 không, duyệt nhanh 10 phút, kỳ hạn tới 12 tháng với công ty tài chính/thẻ tín dụng
An tâm sử dụng sản phẩm dài lâu với gói bảo hành mở rộng H-Care (LH 1900.2091)
Giảm 5% tối đa 500k khi thanh toán qua Spaylater
TPBank Evo - Giảm đến 500.000đ, trả góp 0%, 0 phí lên đến 12 tháng
Giảm 1% tối đa 300.000đ khi thanh toán qua ZaloPay
Giảm tới 500.000đ khi thanh toán qua Homepaylater";109;https://hoanghamobile.com/tai-nghe/airpods-4-ban-chu-dong-khu-tieng-on;Disabled
iPhone 14 (128GB) - Chính hãng VN/A;Xanh;No;19990000;13790000;2026-05-28;"1
Ưu đãi giảm tới 5% tối đa 100k khi mua AirPods kèm iPhone/iPad/MacBook (Khám phá ngay)
2
Ưu đãi giảm tới 3% tối đa 200k khi mua Apple Watch kèm iPhone/iPad/MacBook (Khám phá ngay)
3
Ưu đãi giảm 5% tối đa 300k khi mua AirPods + Apple Watch kèm iPhone/iPad/MacBook (Khám phá ngay)
4
Tặng Voucher giảm ngay 10%, tối đa 200.000đ cho khách hàng mua sản phẩm vào ngày sinh nhật (Khám phá ngay)
5
Ưu đãi mua dán màn hình kèm máy Điện thoại/Máy tính bảng/Laptop/Đồng hồ giảm 10% (Khám phá ngay)
6
Giảm ngay 50.000đ khi mua gói cước di động Mobifone, Vnsky lên tới 6GB data/ngày - Trải nghiệm 5G chỉ 99k/tháng (Khám phá ngay)
7
Nhận báo giá tốt nhất cho khách hàng doanh nghiệp B2B khi mua số lượng lớn (Khám phá ngay)";"Mở thẻ VPBank - giảm tới 500k, trả góp 0%, 0 phí lên đến 6 tháng
Trả góp 0% - 0 phí ẩn - trả trc tối đa 20% - KH lên tới 12 tháng qua Shinhan Finance
Trả góp 0% Lãi suất - Kỳ hạn lên đến 12 tháng qua thẻ VIB
Mở thẻ Max Card nhận loạt đặc quyền - Hoàn tiền lên đến 18 triệu đồng
Trả góp 4 không, duyệt nhanh 10 phút, kỳ hạn tới 12 tháng với công ty tài chính/thẻ tín dụng
An tâm sử dụng sản phẩm dài lâu với gói bảo hành mở rộng H-Care (LH 1900.2091)
Giảm 5% tối đa 500k khi thanh toán qua Spaylater
TPBank Evo - Giảm đến 500.000đ, trả góp 0%, 0 phí lên đến 12 tháng
Giảm 1% tối đa 300.000đ khi thanh toán qua ZaloPay
Giảm tới 500.000đ khi thanh toán qua Homepaylater";0;https://hoanghamobile.com/dien-thoai-di-dong/apple-iphone-14-128gb-chinh-hang-vn-a;Disabled
iPhone 13 (128GB) - Chính hãng VN/A;Hồng;No;17290000;11990000;2026-05-28;"1
Ưu đãi giảm tới 5% tối đa 100k khi mua AirPods kèm iPhone/iPad/MacBook (Khám phá ngay)
2
Ưu đãi giảm tới 3% tối đa 200k khi mua Apple Watch kèm iPhone/iPad/MacBook (Khám phá ngay)
3
Ưu đãi giảm 5% tối đa 300k khi mua AirPods + Apple Watch kèm iPhone/iPad/MacBook (Khám phá ngay)
4
Tặng Voucher giảm ngay 10%, tối đa 200.000đ cho khách hàng mua sản phẩm vào ngày sinh nhật (Khám phá ngay)
5
Ưu đãi mua dán màn hình kèm máy Điện thoại/Máy tính bảng/Laptop/Đồng hồ giảm 10% (Khám phá ngay)
6
Giảm ngay 50.000đ khi mua gói cước di động Mobifone, Vnsky lên tới 6GB data/ngày - Trải nghiệm 5G chỉ 99k/tháng (Khám phá ngay)
7
Nhận báo giá tốt nhất cho khách hàng doanh nghiệp B2B khi mua số lượng lớn (Khám phá ngay)";"Mở thẻ VPBank - giảm tới 500k, trả góp 0%, 0 phí lên đến 6 tháng
Trả góp 0% - 0 phí ẩn - trả trc tối đa 20% - KH lên tới 12 tháng qua Shinhan Finance
Trả góp 0% Lãi suất - Kỳ hạn lên đến 12 tháng qua thẻ VIB
Mở thẻ Max Card nhận loạt đặc quyền - Hoàn tiền lên đến 18 triệu đồng
Trả góp 4 không, duyệt nhanh 10 phút, kỳ hạn tới 12 tháng với công ty tài chính/thẻ tín dụng
An tâm sử dụng sản phẩm dài lâu với gói bảo hành mở rộng H-Care (LH 1900.2091)
Giảm 5% tối đa 500k khi thanh toán qua Spaylater
TPBank Evo - Giảm đến 500.000đ, trả góp 0%, 0 phí lên đến 12 tháng
Giảm 1% tối đa 300.000đ khi thanh toán qua ZaloPay
Giảm tới 500.000đ khi thanh toán qua Homepaylater";0;https://hoanghamobile.com/dien-thoai-di-dong/apple-iphone-13-128gb-chinh-hang-vn-a;Disabled
Tai nghe AirPods 4 - Chính hãng Apple Việt Nam;Trắng;Yes;3590000;2990000;2026-05-28;"1
Ưu đãi giảm tới 5% tối đa 100k khi mua AirPods kèm iPhone/iPad/MacBook (Khám phá ngay)
2
Ưu đãi giảm 5% tối đa 300k khi mua AirPods + Apple Watch kèm iPhone/iPad/MacBook (Khám phá ngay)
3
Tặng Voucher giảm ngay 10%, tối đa 200.000đ cho khách hàng mua sản phẩm vào ngày sinh nhật (Khám phá ngay)
4
Giảm ngay 50.000đ khi mua gói cước di động Mobifone, Vnsky lên tới 6GB data/ngày - Trải nghiệm 5G chỉ 99k/tháng (Khám phá ngay)
5
Nhận báo giá tốt nhất cho khách hàng doanh nghiệp B2B khi mua số lượng lớn (Khám phá ngay)";"Mở thẻ VPBank - giảm tới 500k, trả góp 0%, 0 phí lên đến 6 tháng
Trả góp 0% Lãi suất - Kỳ hạn lên đến 12 tháng qua thẻ VIB
Mở thẻ Max Card nhận loạt đặc quyền - Hoàn tiền lên đến 18 triệu đồng
An tâm sử dụng sản phẩm dài lâu với gói bảo hành mở rộng H-Care (LH 1900.2091)
Giảm 5% tối đa 500k khi thanh toán qua Spaylater
TPBank Evo - Giảm đến 500.000đ, trả góp 0%, 0 phí lên đến 12 tháng
Giảm 1% tối đa 300.000đ khi thanh toán qua ZaloPay
Giảm tới 500.000đ khi thanh toán qua Homepaylater";113;https://hoanghamobile.com/tai-nghe/airpods-4;Disabled
iPhone 15 (256GB) - Chính hãng VN/A;Hồng;No;22990000;19490000;2026-05-28;"1
Ưu đãi giảm tới 5% tối đa 100k khi mua AirPods kèm iPhone/iPad/MacBook (Khám phá ngay)
2
Ưu đãi giảm tới 3% tối đa 200k khi mua Apple Watch kèm iPhone/iPad/MacBook (Khám phá ngay)
3
Ưu đãi giảm 5% tối đa 300k khi mua AirPods + Apple Watch kèm iPhone/iPad/MacBook (Khám phá ngay)
4
Tặng Voucher giảm ngay 10%, tối đa 200.000đ cho khách hàng mua sản phẩm vào ngày sinh nhật (Khám phá ngay)
5
Ưu đãi mua dán màn hình kèm máy Điện thoại/Máy tính bảng/Laptop/Đồng hồ giảm 10% (Khám phá ngay)
6
Giảm ngay 50.000đ khi mua gói cước di động Mobifone, Vnsky lên tới 6GB data/ngày - Trải nghiệm 5G chỉ 99k/tháng (Khám phá ngay)
7
Nhận báo giá tốt nhất cho khách hàng doanh nghiệp B2B khi mua số lượng lớn (Khám phá ngay)";"Mở thẻ VPBank - giảm tới 500k, trả góp 0%, 0 phí lên đến 6 tháng
Trả góp 0% - 0 phí ẩn - trả trc tối đa 20% - KH lên tới 12 tháng qua Shinhan Finance
Trả góp 0% Lãi suất - Kỳ hạn lên đến 12 tháng qua thẻ VIB
Mở thẻ Max Card nhận loạt đặc quyền - Hoàn tiền lên đến 18 triệu đồng
Trả góp 4 không, duyệt nhanh 10 phút, kỳ hạn tới 12 tháng với công ty tài chính/thẻ tín dụng
An tâm sử dụng sản phẩm dài lâu với gói bảo hành mở rộng H-Care (LH 1900.2091)
Giảm 5% tối đa 500k khi thanh toán qua Spaylater
TPBank Evo - Giảm đến 500.000đ, trả góp 0%, 0 phí lên đến 12 tháng
Giảm 1% tối đa 300.000đ khi thanh toán qua ZaloPay
Giảm tới 500.000đ khi thanh toán qua Homepaylater";0;https://hoanghamobile.com/dien-thoai-di-dong/apple-iphone-15-256gb-chinh-hang-vn-a;Disabled
iPhone 15 (512GB) - Chính hãng VN/A;Hồng;No;28990000;20990000;2026-05-28;"1
Ưu đãi giảm tới 5% tối đa 100k khi mua AirPods kèm iPhone/iPad/MacBook (Khám phá ngay)
2
Ưu đãi giảm tới 3% tối đa 200k khi mua Apple Watch kèm iPhone/iPad/MacBook (Khám phá ngay)
3
Ưu đãi giảm 5% tối đa 300k khi mua AirPods + Apple Watch kèm iPhone/iPad/MacBook (Khám phá ngay)
4
Tặng Voucher giảm ngay 10%, tối đa 200.000đ cho khách hàng mua sản phẩm vào ngày sinh nhật (Khám phá ngay)
5
Ưu đãi mua dán màn hình kèm máy Điện thoại/Máy tính bảng/Laptop/Đồng hồ giảm 10% (Khám phá ngay)
6
Giảm ngay 50.000đ khi mua gói cước di động Mobifone, Vnsky lên tới 6GB data/ngày - Trải nghiệm 5G chỉ 99k/tháng (Khám phá ngay)
7
Nhận báo giá tốt nhất cho khách hàng doanh nghiệp B2B khi mua số lượng lớn (Khám phá ngay)";"Mở thẻ VPBank - giảm tới 500k, trả góp 0%, 0 phí lên đến 6 tháng
Trả góp 0% - 0 phí ẩn - trả trc tối đa 20% - KH lên tới 12 tháng qua Shinhan Finance
Trả góp 0% Lãi suất - Kỳ hạn lên đến 12 tháng qua thẻ VIB
Mở thẻ Max Card nhận loạt đặc quyền - Hoàn tiền lên đến 18 triệu đồng
Trả góp 4 không, duyệt nhanh 10 phút, kỳ hạn tới 12 tháng với công ty tài chính/thẻ tín dụng
An tâm sử dụng sản phẩm dài lâu với gói bảo hành mở rộng H-Care (LH 1900.2091)
Giảm 5% tối đa 500k khi thanh toán qua Spaylater
TPBank Evo - Giảm đến 500.000đ, trả góp 0%, 0 phí lên đến 12 tháng
Giảm 1% tối đa 300.000đ khi thanh toán qua ZaloPay
Giảm tới 500.000đ khi thanh toán qua Homepaylater";0;https://hoanghamobile.com/dien-thoai-di-dong/apple-iphone-15-512gb-chinh-hang-vn-a;Disabled
iPhone 15 (128GB) - Chính hãng VN/A;Hồng;Yes;19990000;17790000;2026-05-28;"1
Ưu đãi giảm tới 5% tối đa 100k khi mua AirPods kèm iPhone/iPad/MacBook (Khám phá ngay)
2
Ưu đãi giảm tới 3% tối đa 200k khi mua Apple Watch kèm iPhone/iPad/MacBook (Khám phá ngay)
3
Ưu đãi giảm 5% tối đa 300k khi mua AirPods + Apple Watch kèm iPhone/iPad/MacBook (Khám phá ngay)
4
Tặng Voucher giảm ngay 10%, tối đa 200.000đ cho khách hàng mua sản phẩm vào ngày sinh nhật (Khám phá ngay)
5
Ưu đãi mua dán màn hình kèm máy Điện thoại/Máy tính bảng/Laptop/Đồng hồ giảm 10% (Khám phá ngay)
6
Giảm ngay 50.000đ khi mua gói cước di động Mobifone, Vnsky lên tới 6GB data/ngày - Trải nghiệm 5G chỉ 99k/tháng (Khám phá ngay)
7
Nhận báo giá tốt nhất cho khách hàng doanh nghiệp B2B khi mua số lượng lớn (Khám phá ngay)";"Mở thẻ VPBank - giảm tới 500k, trả góp 0%, 0 phí lên đến 6 tháng
Trả góp 0% - 0 phí ẩn - trả trc tối đa 20% - KH lên tới 12 tháng qua Shinhan Finance
Trả góp 0% Lãi suất - Kỳ hạn lên đến 12 tháng qua thẻ VIB
Mở thẻ Max Card nhận loạt đặc quyền - Hoàn tiền lên đến 18 triệu đồng
Trả góp 4 không, duyệt nhanh 10 phút, kỳ hạn tới 12 tháng với công ty tài chính/thẻ tín dụng
An tâm sử dụng sản phẩm dài lâu với gói bảo hành mở rộng H-Care (LH 1900.2091)
Giảm 5% tối đa 500k khi thanh toán qua Spaylater
TPBank Evo - Giảm đến 500.000đ, trả góp 0%, 0 phí lên đến 12 tháng
Giảm 1% tối đa 300.000đ khi thanh toán qua ZaloPay
Giảm tới 500.000đ khi thanh toán qua Homepaylater";23;https://hoanghamobile.com/dien-thoai-di-dong/apple-iphone-15-128gb-chinh-hang-vn-a;Disabled
iPhone 14 (128GB) - Chính hãng VN/A;Trắng;No;19990000;13790000;2026-05-28;"1
Ưu đãi giảm tới 5% tối đa 100k khi mua AirPods kèm iPhone/iPad/MacBook (Khám phá ngay)
2
Ưu đãi giảm tới 3% tối đa 200k khi mua Apple Watch kèm iPhone/iPad/MacBook (Khám phá ngay)
3
Ưu đãi giảm 5% tối đa 300k khi mua AirPods + Apple Watch kèm iPhone/iPad/MacBook (Khám phá ngay)
4
Tặng Voucher giảm ngay 10%, tối đa 200.000đ cho khách hàng mua sản phẩm vào ngày sinh nhật (Khám phá ngay)
5
Ưu đãi mua dán màn hình kèm máy Điện thoại/Máy tính bảng/Laptop/Đồng hồ giảm 10% (Khám phá ngay)
6
Giảm ngay 50.000đ khi mua gói cước di động Mobifone, Vnsky lên tới 6GB data/ngày - Trải nghiệm 5G chỉ 99k/tháng (Khám phá ngay)
7
Nhận báo giá tốt nhất cho khách hàng doanh nghiệp B2B khi mua số lượng lớn (Khám phá ngay)";"Mở thẻ VPBank - giảm tới 500k, trả góp 0%, 0 phí lên đến 6 tháng
Trả góp 0% - 0 phí ẩn - trả trc tối đa 20% - KH lên tới 12 tháng qua Shinhan Finance
Trả góp 0% Lãi suất - Kỳ hạn lên đến 12 tháng qua thẻ VIB
Mở thẻ Max Card nhận loạt đặc quyền - Hoàn tiền lên đến 18 triệu đồng
Trả góp 4 không, duyệt nhanh 10 phút, kỳ hạn tới 12 tháng với công ty tài chính/thẻ tín dụng
An tâm sử dụng sản phẩm dài lâu với gói bảo hành mở rộng H-Care (LH 1900.2091)
Giảm 5% tối đa 500k khi thanh toán qua Spaylater
TPBank Evo - Giảm đến 500.000đ, trả góp 0%, 0 phí lên đến 12 tháng
Giảm 1% tối đa 300.000đ khi thanh toán qua ZaloPay
Giảm tới 500.000đ khi thanh toán qua Homepaylater";0;https://hoanghamobile.com/dien-thoai-di-dong/apple-iphone-14-128gb-chinh-hang-vn-a;Disabled
iPhone 13 (128GB) - Chính hãng VN/A;Trắng;Yes;17290000;11990000;2026-05-28;"1
Ưu đãi giảm tới 5% tối đa 100k khi mua AirPods kèm iPhone/iPad/MacBook (Khám phá ngay)
2
Ưu đãi giảm tới 3% tối đa 200k khi mua Apple Watch kèm iPhone/iPad/MacBook (Khám phá ngay)
3
Ưu đãi giảm 5% tối đa 300k khi mua AirPods + Apple Watch kèm iPhone/iPad/MacBook (Khám phá ngay)
4
Tặng Voucher giảm ngay 10%, tối đa 200.000đ cho khách hàng mua sản phẩm vào ngày sinh nhật (Khám phá ngay)
5
Ưu đãi mua dán màn hình kèm máy Điện thoại/Máy tính bảng/Laptop/Đồng hồ giảm 10% (Khám phá ngay)
6
Giảm ngay 50.000đ khi mua gói cước di động Mobifone, Vnsky lên tới 6GB data/ngày - Trải nghiệm 5G chỉ 99k/tháng (Khám phá ngay)
7
Nhận báo giá tốt nhất cho khách hàng doanh nghiệp B2B khi mua số lượng lớn (Khám phá ngay)";"Mở thẻ VPBank - giảm tới 500k, trả góp 0%, 0 phí lên đến 6 tháng
Trả góp 0% - 0 phí ẩn - trả trc tối đa 20% - KH lên tới 12 tháng qua Shinhan Finance
Trả góp 0% Lãi suất - Kỳ hạn lên đến 12 tháng qua thẻ VIB
Mở thẻ Max Card nhận loạt đặc quyền - Hoàn tiền lên đến 18 triệu đồng
Trả góp 4 không, duyệt nhanh 10 phút, kỳ hạn tới 12 tháng với công ty tài chính/thẻ tín dụng
An tâm sử dụng sản phẩm dài lâu với gói bảo hành mở rộng H-Care (LH 1900.2091)
Giảm 5% tối đa 500k khi thanh toán qua Spaylater
TPBank Evo - Giảm đến 500.000đ, trả góp 0%, 0 phí lên đến 12 tháng
Giảm 1% tối đa 300.000đ khi thanh toán qua ZaloPay
Giảm tới 500.000đ khi thanh toán qua Homepaylater";22;https://hoanghamobile.com/dien-thoai-di-dong/apple-iphone-13-128gb-chinh-hang-vn-a;Disabled
iPhone 15 (256GB) - Chính hãng VN/A;Xanh Lá;No;22990000;19490000;2026-05-28;"1
Ưu đãi giảm tới 5% tối đa 100k khi mua AirPods kèm iPhone/iPad/MacBook (Khám phá ngay)
2
Ưu đãi giảm tới 3% tối đa 200k khi mua Apple Watch kèm iPhone/iPad/MacBook (Khám phá ngay)
3
Ưu đãi giảm 5% tối đa 300k khi mua AirPods + Apple Watch kèm iPhone/iPad/MacBook (Khám phá ngay)
4
Tặng Voucher giảm ngay 10%, tối đa 200.000đ cho khách hàng mua sản phẩm vào ngày sinh nhật (Khám phá ngay)
5
Ưu đãi mua dán màn hình kèm máy Điện thoại/Máy tính bảng/Laptop/Đồng hồ giảm 10% (Khám phá ngay)
6
Giảm ngay 50.000đ khi mua gói cước di động Mobifone, Vnsky lên tới 6GB data/ngày - Trải nghiệm 5G chỉ 99k/tháng (Khám phá ngay)
7
Nhận báo giá tốt nhất cho khách hàng doanh nghiệp B2B khi mua số lượng lớn (Khám phá ngay)";"Mở thẻ VPBank - giảm tới 500k, trả góp 0%, 0 phí lên đến 6 tháng
Trả góp 0% - 0 phí ẩn - trả trc tối đa 20% - KH lên tới 12 tháng qua Shinhan Finance
Trả góp 0% Lãi suất - Kỳ hạn lên đến 12 tháng qua thẻ VIB
Mở thẻ Max Card nhận loạt đặc quyền - Hoàn tiền lên đến 18 triệu đồng
Trả góp 4 không, duyệt nhanh 10 phút, kỳ hạn tới 12 tháng với công ty tài chính/thẻ tín dụng
An tâm sử dụng sản phẩm dài lâu với gói bảo hành mở rộng H-Care (LH 1900.2091)
Giảm 5% tối đa 500k khi thanh toán qua Spaylater
TPBank Evo - Giảm đến 500.000đ, trả góp 0%, 0 phí lên đến 12 tháng
Giảm 1% tối đa 300.000đ khi thanh toán qua ZaloPay
Giảm tới 500.000đ khi thanh toán qua Homepaylater";0;https://hoanghamobile.com/dien-thoai-di-dong/apple-iphone-15-256gb-chinh-hang-vn-a;Disabled
iPhone 15 (512GB) - Chính hãng VN/A;Xanh Lá;No;28990000;20990000;2026-05-28;"1
Ưu đãi giảm tới 5% tối đa 100k khi mua AirPods kèm iPhone/iPad/MacBook (Khám phá ngay)
2
Ưu đãi giảm tới 3% tối đa 200k khi mua Apple Watch kèm iPhone/iPad/MacBook (Khám phá ngay)
3
Ưu đãi giảm 5% tối đa 300k khi mua AirPods + Apple Watch kèm iPhone/iPad/MacBook (Khám phá ngay)
4
Tặng Voucher giảm ngay 10%, tối đa 200.000đ cho khách hàng mua sản phẩm vào ngày sinh nhật (Khám phá ngay)
5
Ưu đãi mua dán màn hình kèm máy Điện thoại/Máy tính bảng/Laptop/Đồng hồ giảm 10% (Khám phá ngay)
6
Giảm ngay 50.000đ khi mua gói cước di động Mobifone, Vnsky lên tới 6GB data/ngày - Trải nghiệm 5G chỉ 99k/tháng (Khám phá ngay)
7
Nhận báo giá tốt nhất cho khách hàng doanh nghiệp B2B khi mua số lượng lớn (Khám phá ngay)";"Mở thẻ VPBank - giảm tới 500k, trả góp 0%, 0 phí lên đến 6 tháng
Trả góp 0% - 0 phí ẩn - trả trc tối đa 20% - KH lên tới 12 tháng qua Shinhan Finance
Trả góp 0% Lãi suất - Kỳ hạn lên đến 12 tháng qua thẻ VIB
Mở thẻ Max Card nhận loạt đặc quyền - Hoàn tiền lên đến 18 triệu đồng
Trả góp 4 không, duyệt nhanh 10 phút, kỳ hạn tới 12 tháng với công ty tài chính/thẻ tín dụng
An tâm sử dụng sản phẩm dài lâu với gói bảo hành mở rộng H-Care (LH 1900.2091)
Giảm 5% tối đa 500k khi thanh toán qua Spaylater
TPBank Evo - Giảm đến 500.000đ, trả góp 0%, 0 phí lên đến 12 tháng
Giảm 1% tối đa 300.000đ khi thanh toán qua ZaloPay
Giảm tới 500.000đ khi thanh toán qua Homepaylater";0;https://hoanghamobile.com/dien-thoai-di-dong/apple-iphone-15-512gb-chinh-hang-vn-a;Disabled
iPhone 15 (128GB) - Chính hãng VN/A;Xanh Lá;No;19990000;17790000;2026-05-28;"1
Ưu đãi giảm tới 5% tối đa 100k khi mua AirPods kèm iPhone/iPad/MacBook (Khám phá ngay)
2
Ưu đãi giảm tới 3% tối đa 200k khi mua Apple Watch kèm iPhone/iPad/MacBook (Khám phá ngay)
3
Ưu đãi giảm 5% tối đa 300k khi mua AirPods + Apple Watch kèm iPhone/iPad/MacBook (Khám phá ngay)
4
Tặng Voucher giảm ngay 10%, tối đa 200.000đ cho khách hàng mua sản phẩm vào ngày sinh nhật (Khám phá ngay)
5
Ưu đãi mua dán màn hình kèm máy Điện thoại/Máy tính bảng/Laptop/Đồng hồ giảm 10% (Khám phá ngay)
6
Giảm ngay 50.000đ khi mua gói cước di động Mobifone, Vnsky lên tới 6GB data/ngày - Trải nghiệm 5G chỉ 99k/tháng (Khám phá ngay)
7
Nhận báo giá tốt nhất cho khách hàng doanh nghiệp B2B khi mua số lượng lớn (Khám phá ngay)";"Mở thẻ VPBank - giảm tới 500k, trả góp 0%, 0 phí lên đến 6 tháng
Trả góp 0% - 0 phí ẩn - trả trc tối đa 20% - KH lên tới 12 tháng qua Shinhan Finance
Trả góp 0% Lãi suất - Kỳ hạn lên đến 12 tháng qua thẻ VIB
Mở thẻ Max Card nhận loạt đặc quyền - Hoàn tiền lên đến 18 triệu đồng
Trả góp 4 không, duyệt nhanh 10 phút, kỳ hạn tới 12 tháng với công ty tài chính/thẻ tín dụng
An tâm sử dụng sản phẩm dài lâu với gói bảo hành mở rộng H-Care (LH 1900.2091)
Giảm 5% tối đa 500k khi thanh toán qua Spaylater
TPBank Evo - Giảm đến 500.000đ, trả góp 0%, 0 phí lên đến 12 tháng
Giảm 1% tối đa 300.000đ khi thanh toán qua ZaloPay
Giảm tới 500.000đ khi thanh toán qua Homepaylater";0;https://hoanghamobile.com/dien-thoai-di-dong/apple-iphone-15-128gb-chinh-hang-vn-a;Disabled
iPhone 15 Plus (128GB) - Chính hãng VN/A;Vàng;No;22990000;17590000;2026-05-28;"1
Ưu đãi giảm tới 5% tối đa 100k khi mua AirPods kèm iPhone/iPad/MacBook (Khám phá ngay)
2
Ưu đãi giảm tới 3% tối đa 200k khi mua Apple Watch kèm iPhone/iPad/MacBook (Khám phá ngay)
3
Ưu đãi giảm 5% tối đa 300k khi mua AirPods + Apple Watch kèm iPhone/iPad/MacBook (Khám phá ngay)
4
Tặng Voucher giảm ngay 10%, tối đa 200.000đ cho khách hàng mua sản phẩm vào ngày sinh nhật (Khám phá ngay)
5
Ưu đãi mua dán màn hình kèm máy Điện thoại/Máy tính bảng/Laptop/Đồng hồ giảm 10% (Khám phá ngay)
6
Giảm ngay 50.000đ khi mua gói cước di động Mobifone, Vnsky lên tới 6GB data/ngày - Trải nghiệm 5G chỉ 99k/tháng (Khám phá ngay)
7
Nhận báo giá tốt nhất cho khách hàng doanh nghiệp B2B khi mua số lượng lớn (Khám phá ngay)";"Mở thẻ VPBank - giảm tới 500k, trả góp 0%, 0 phí lên đến 6 tháng
Trả góp 0% - 0 phí ẩn - trả trc tối đa 20% - KH lên tới 12 tháng qua Shinhan Finance
Trả góp 0% Lãi suất - Kỳ hạn lên đến 12 tháng qua thẻ VIB
Mở thẻ Max Card nhận loạt đặc quyền - Hoàn tiền lên đến 18 triệu đồng
Trả góp 4 không, duyệt nhanh 10 phút, kỳ hạn tới 12 tháng với công ty tài chính/thẻ tín dụng
An tâm sử dụng sản phẩm dài lâu với gói bảo hành mở rộng H-Care (LH 1900.2091)
Giảm 5% tối đa 500k khi thanh toán qua Spaylater
TPBank Evo - Giảm đến 500.000đ, trả góp 0%, 0 phí lên đến 12 tháng
Giảm 1% tối đa 300.000đ khi thanh toán qua ZaloPay
Giảm tới 500.000đ khi thanh toán qua Homepaylater";0;https://hoanghamobile.com/dien-thoai-di-dong/apple-iphone-15-plus-128gb-chinh-hang-vn-a;Disabled
429 Too Many Requests;Unknown;No;0;0;2026-05-28;;;0;https://hoanghamobile.com/dien-thoai-di-dong/apple-iphone-15-pro-1tb-chinh-hang-vn-a;Disabled
429 Too Many Requests;Unknown;No;0;0;2026-05-28;;;0;https://hoanghamobile.com/dien-thoai-di-dong/apple-iphone-15-pro-128gb-chinh-hang-vn-a;Disabled
iPhone 14 (128GB) - Chính hãng VN/A;Đen;No;19990000;13790000;2026-05-28;"1
Ưu đãi giảm tới 5% tối đa 100k khi mua AirPods kèm iPhone/iPad/MacBook (Khám phá ngay)
2
Ưu đãi giảm tới 3% tối đa 200k khi mua Apple Watch kèm iPhone/iPad/MacBook (Khám phá ngay)
3
Ưu đãi giảm 5% tối đa 300k khi mua AirPods + Apple Watch kèm iPhone/iPad/MacBook (Khám phá ngay)
4
Tặng Voucher giảm ngay 10%, tối đa 200.000đ cho khách hàng mua sản phẩm vào ngày sinh nhật (Khám phá ngay)
5
Ưu đãi mua dán màn hình kèm máy Điện thoại/Máy tính bảng/Laptop/Đồng hồ giảm 10% (Khám phá ngay)
6
Giảm ngay 50.000đ khi mua gói cước di động Mobifone, Vnsky lên tới 6GB data/ngày - Trải nghiệm 5G chỉ 99k/tháng (Khám phá ngay)
7
Nhận báo giá tốt nhất cho khách hàng doanh nghiệp B2B khi mua số lượng lớn (Khám phá ngay)";"Mở thẻ VPBank - giảm tới 500k, trả góp 0%, 0 phí lên đến 6 tháng
Trả góp 0% - 0 phí ẩn - trả trc tối đa 20% - KH lên tới 12 tháng qua Shinhan Finance
Trả góp 0% Lãi suất - Kỳ hạn lên đến 12 tháng qua thẻ VIB
Mở thẻ Max Card nhận loạt đặc quyền - Hoàn tiền lên đến 18 triệu đồng
Trả góp 4 không, duyệt nhanh 10 phút, kỳ hạn tới 12 tháng với công ty tài chính/thẻ tín dụng
An tâm sử dụng sản phẩm dài lâu với gói bảo hành mở rộng H-Care (LH 1900.2091)
Giảm 5% tối đa 500k khi thanh toán qua Spaylater
TPBank Evo - Giảm đến 500.000đ, trả góp 0%, 0 phí lên đến 12 tháng
Giảm 1% tối đa 300.000đ khi thanh toán qua ZaloPay
Giảm tới 500.000đ khi thanh toán qua Homepaylater";0;https://hoanghamobile.com/dien-thoai-di-dong/apple-iphone-14-128gb-chinh-hang-vn-a;Disabled
429 Too Many Requests;Unknown;No;0;0;2026-05-28;;;0;https://hoanghamobile.com/dien-thoai-di-dong/apple-iphone-15-pro-256gb-chinh-hang-vn-a;Disabled
iPhone 13 (128GB) - Chính hãng VN/A;Đen;Yes;17290000;11990000;2026-05-28;"1
Ưu đãi giảm tới 5% tối đa 100k khi mua AirPods kèm iPhone/iPad/MacBook (Khám phá ngay)
2
Ưu đãi giảm tới 3% tối đa 200k khi mua Apple Watch kèm iPhone/iPad/MacBook (Khám phá ngay)
3
Ưu đãi giảm 5% tối đa 300k khi mua AirPods + Apple Watch kèm iPhone/iPad/MacBook (Khám phá ngay)
4
Tặng Voucher giảm ngay 10%, tối đa 200.000đ cho khách hàng mua sản phẩm vào ngày sinh nhật (Khám phá ngay)
5
Ưu đãi mua dán màn hình kèm máy Điện thoại/Máy tính bảng/Laptop/Đồng hồ giảm 10% (Khám phá ngay)
6
Giảm ngay 50.000đ khi mua gói cước di động Mobifone, Vnsky lên tới 6GB data/ngày - Trải nghiệm 5G chỉ 99k/tháng (Khám phá ngay)
7
Nhận báo giá tốt nhất cho khách hàng doanh nghiệp B2B khi mua số lượng lớn (Khám phá ngay)";"Mở thẻ VPBank - giảm tới 500k, trả góp 0%, 0 phí lên đến 6 tháng
Trả góp 0% - 0 phí ẩn - trả trc tối đa 20% - KH lên tới 12 tháng qua Shinhan Finance
Trả góp 0% Lãi suất - Kỳ hạn lên đến 12 tháng qua thẻ VIB
Mở thẻ Max Card nhận loạt đặc quyền - Hoàn tiền lên đến 18 triệu đồng
Trả góp 4 không, duyệt nhanh 10 phút, kỳ hạn tới 12 tháng với công ty tài chính/thẻ tín dụng
An tâm sử dụng sản phẩm dài lâu với gói bảo hành mở rộng H-Care (LH 1900.2091)
Giảm 5% tối đa 500k khi thanh toán qua Spaylater
TPBank Evo - Giảm đến 500.000đ, trả góp 0%, 0 phí lên đến 12 tháng
Giảm 1% tối đa 300.000đ khi thanh toán qua ZaloPay
Giảm tới 500.000đ khi thanh toán qua Homepaylater";25;https://hoanghamobile.com/dien-thoai-di-dong/apple-iphone-13-128gb-chinh-hang-vn-a;Disabled
iPhone 15 (256GB) - Chính hãng VN/A;Vàng;No;22990000;19490000;2026-05-28;"1
Ưu đãi giảm tới 5% tối đa 100k khi mua AirPods kèm iPhone/iPad/MacBook (Khám phá ngay)
2
Ưu đãi giảm tới 3% tối đa 200k khi mua Apple Watch kèm iPhone/iPad/MacBook (Khám phá ngay)
3
Ưu đãi giảm 5% tối đa 300k khi mua AirPods + Apple Watch kèm iPhone/iPad/MacBook (Khám phá ngay)
4
Tặng Voucher giảm ngay 10%, tối đa 200.000đ cho khách hàng mua sản phẩm vào ngày sinh nhật (Khám phá ngay)
5
Ưu đãi mua dán màn hình kèm máy Điện thoại/Máy tính bảng/Laptop/Đồng hồ giảm 10% (Khám phá ngay)
6
Giảm ngay 50.000đ khi mua gói cước di động Mobifone, Vnsky lên tới 6GB data/ngày - Trải nghiệm 5G chỉ 99k/tháng (Khám phá ngay)
7
Nhận báo giá tốt nhất cho khách hàng doanh nghiệp B2B khi mua số lượng lớn (Khám phá ngay)";"Mở thẻ VPBank - giảm tới 500k, trả góp 0%, 0 phí lên đến 6 tháng
Trả góp 0% - 0 phí ẩn - trả trc tối đa 20% - KH lên tới 12 tháng qua Shinhan Finance
Trả góp 0% Lãi suất - Kỳ hạn lên đến 12 tháng qua thẻ VIB
Mở thẻ Max Card nhận loạt đặc quyền - Hoàn tiền lên đến 18 triệu đồng
Trả góp 4 không, duyệt nhanh 10 phút, kỳ hạn tới 12 tháng với công ty tài chính/thẻ tín dụng
An tâm sử dụng sản phẩm dài lâu với gói bảo hành mở rộng H-Care (LH 1900.2091)
Giảm 5% tối đa 500k khi thanh toán qua Spaylater
TPBank Evo - Giảm đến 500.000đ, trả góp 0%, 0 phí lên đến 12 tháng
Giảm 1% tối đa 300.000đ khi thanh toán qua ZaloPay
Giảm tới 500.000đ khi thanh toán qua Homepaylater";0;https://hoanghamobile.com/dien-thoai-di-dong/apple-iphone-15-256gb-chinh-hang-vn-a;Disabled
iPhone 15 (512GB) - Chính hãng VN/A;Vàng;No;28990000;20990000;2026-05-28;"1
Ưu đãi giảm tới 5% tối đa 100k khi mua AirPods kèm iPhone/iPad/MacBook (Khám phá ngay)
2
Ưu đãi giảm tới 3% tối đa 200k khi mua Apple Watch kèm iPhone/iPad/MacBook (Khám phá ngay)
3
Ưu đãi giảm 5% tối đa 300k khi mua AirPods + Apple Watch kèm iPhone/iPad/MacBook (Khám phá ngay)
4
Tặng Voucher giảm ngay 10%, tối đa 200.000đ cho khách hàng mua sản phẩm vào ngày sinh nhật (Khám phá ngay)
5
Ưu đãi mua dán màn hình kèm máy Điện thoại/Máy tính bảng/Laptop/Đồng hồ giảm 10% (Khám phá ngay)
6
Giảm ngay 50.000đ khi mua gói cước di động Mobifone, Vnsky lên tới 6GB data/ngày - Trải nghiệm 5G chỉ 99k/tháng (Khám phá ngay)
7
Nhận báo giá tốt nhất cho khách hàng doanh nghiệp B2B khi mua số lượng lớn (Khám phá ngay)";"Mở thẻ VPBank - giảm tới 500k, trả góp 0%, 0 phí lên đến 6 tháng
Trả góp 0% - 0 phí ẩn - trả trc tối đa 20% - KH lên tới 12 tháng qua Shinhan Finance
Trả góp 0% Lãi suất - Kỳ hạn lên đến 12 tháng qua thẻ VIB
Mở thẻ Max Card nhận loạt đặc quyền - Hoàn tiền lên đến 18 triệu đồng
Trả góp 4 không, duyệt nhanh 10 phút, kỳ hạn tới 12 tháng với công ty tài chính/thẻ tín dụng
An tâm sử dụng sản phẩm dài lâu với gói bảo hành mở rộng H-Care (LH 1900.2091)
Giảm 5% tối đa 500k khi thanh toán qua Spaylater
TPBank Evo - Giảm đến 500.000đ, trả góp 0%, 0 phí lên đến 12 tháng
Giảm 1% tối đa 300.000đ khi thanh toán qua ZaloPay
Giảm tới 500.000đ khi thanh toán qua Homepaylater";0;https://hoanghamobile.com/dien-thoai-di-dong/apple-iphone-15-512gb-chinh-hang-vn-a;Disabled
iPhone 15 Plus (128GB) - Chính hãng VN/A;Xanh Dương;No;22990000;17690000;2026-05-28;"1
Ưu đãi giảm tới 5% tối đa 100k khi mua AirPods kèm iPhone/iPad/MacBook (Khám phá ngay)
2
Ưu đãi giảm tới 3% tối đa 200k khi mua Apple Watch kèm iPhone/iPad/MacBook (Khám phá ngay)
3
Ưu đãi giảm 5% tối đa 300k khi mua AirPods + Apple Watch kèm iPhone/iPad/MacBook (Khám phá ngay)
4
Tặng Voucher giảm ngay 10%, tối đa 200.000đ cho khách hàng mua sản phẩm vào ngày sinh nhật (Khám phá ngay)
5
Ưu đãi mua dán màn hình kèm máy Điện thoại/Máy tính bảng/Laptop/Đồng hồ giảm 10% (Khám phá ngay)
6
Giảm ngay 50.000đ khi mua gói cước di động Mobifone, Vnsky lên tới 6GB data/ngày - Trải nghiệm 5G chỉ 99k/tháng (Khám phá ngay)
7
Nhận báo giá tốt nhất cho khách hàng doanh nghiệp B2B khi mua số lượng lớn (Khám phá ngay)";"Mở thẻ VPBank - giảm tới 500k, trả góp 0%, 0 phí lên đến 6 tháng
Trả góp 0% - 0 phí ẩn - trả trc tối đa 20% - KH lên tới 12 tháng qua Shinhan Finance
Trả góp 0% Lãi suất - Kỳ hạn lên đến 12 tháng qua thẻ VIB
Mở thẻ Max Card nhận loạt đặc quyền - Hoàn tiền lên đến 18 triệu đồng
Trả góp 4 không, duyệt nhanh 10 phút, kỳ hạn tới 12 tháng với công ty tài chính/thẻ tín dụng
An tâm sử dụng sản phẩm dài lâu với gói bảo hành mở rộng H-Care (LH 1900.2091)
Giảm 5% tối đa 500k khi thanh toán qua Spaylater
TPBank Evo - Giảm đến 500.000đ, trả góp 0%, 0 phí lên đến 12 tháng
Giảm 1% tối đa 300.000đ khi thanh toán qua ZaloPay
Giảm tới 500.000đ khi thanh toán qua Homepaylater";0;https://hoanghamobile.com/dien-thoai-di-dong/apple-iphone-15-plus-128gb-chinh-hang-vn-a;Disabled
iPhone 15 (128GB) - Chính hãng VN/A;Vàng;No;19990000;17790000;2026-05-28;"1
Ưu đãi giảm tới 5% tối đa 100k khi mua AirPods kèm iPhone/iPad/MacBook (Khám phá ngay)
2
Ưu đãi giảm tới 3% tối đa 200k khi mua Apple Watch kèm iPhone/iPad/MacBook (Khám phá ngay)
3
Ưu đãi giảm 5% tối đa 300k khi mua AirPods + Apple Watch kèm iPhone/iPad/MacBook (Khám phá ngay)
4
Tặng Voucher giảm ngay 10%, tối đa 200.000đ cho khách hàng mua sản phẩm vào ngày sinh nhật (Khám phá ngay)
5
Ưu đãi mua dán màn hình kèm máy Điện thoại/Máy tính bảng/Laptop/Đồng hồ giảm 10% (Khám phá ngay)
6
Giảm ngay 50.000đ khi mua gói cước di động Mobifone, Vnsky lên tới 6GB data/ngày - Trải nghiệm 5G chỉ 99k/tháng (Khám phá ngay)
7
Nhận báo giá tốt nhất cho khách hàng doanh nghiệp B2B khi mua số lượng lớn (Khám phá ngay)";"Mở thẻ VPBank - giảm tới 500k, trả góp 0%, 0 phí lên đến 6 tháng
Trả góp 0% - 0 phí ẩn - trả trc tối đa 20% - KH lên tới 12 tháng qua Shinhan Finance
Trả góp 0% Lãi suất - Kỳ hạn lên đến 12 tháng qua thẻ VIB
Mở thẻ Max Card nhận loạt đặc quyền - Hoàn tiền lên đến 18 triệu đồng
Trả góp 4 không, duyệt nhanh 10 phút, kỳ hạn tới 12 tháng với công ty tài chính/thẻ tín dụng
An tâm sử dụng sản phẩm dài lâu với gói bảo hành mở rộng H-Care (LH 1900.2091)
Giảm 5% tối đa 500k khi thanh toán qua Spaylater
TPBank Evo - Giảm đến 500.000đ, trả góp 0%, 0 phí lên đến 12 tháng
Giảm 1% tối đa 300.000đ khi thanh toán qua ZaloPay
Giảm tới 500.000đ khi thanh toán qua Homepaylater";0;https://hoanghamobile.com/dien-thoai-di-dong/apple-iphone-15-128gb-chinh-hang-vn-a;Disabled
iPhone 15 Plus (256GB) - Chính hãng VN/A;Xanh Dương;No;25990000;21690000;2026-05-28;"1
Ưu đãi giảm tới 5% tối đa 100k khi mua AirPods kèm iPhone/iPad/MacBook (Khám phá ngay)
2
Ưu đãi giảm tới 3% tối đa 200k khi mua Apple Watch kèm iPhone/iPad/MacBook (Khám phá ngay)
3
Ưu đãi giảm 5% tối đa 300k khi mua AirPods + Apple Watch kèm iPhone/iPad/MacBook (Khám phá ngay)
4
Tặng Voucher giảm ngay 10%, tối đa 200.000đ cho khách hàng mua sản phẩm vào ngày sinh nhật (Khám phá ngay)
5
Ưu đãi mua dán màn hình kèm máy Điện thoại/Máy tính bảng/Laptop/Đồng hồ giảm 10% (Khám phá ngay)
6
Giảm ngay 50.000đ khi mua gói cước di động Mobifone, Vnsky lên tới 6GB data/ngày - Trải nghiệm 5G chỉ 99k/tháng (Khám phá ngay)
7
Nhận báo giá tốt nhất cho khách hàng doanh nghiệp B2B khi mua số lượng lớn (Khám phá ngay)";"Mở thẻ VPBank - giảm tới 500k, trả góp 0%, 0 phí lên đến 6 tháng
Trả góp 0% - 0 phí ẩn - trả trc tối đa 20% - KH lên tới 12 tháng qua Shinhan Finance
Trả góp 0% Lãi suất - Kỳ hạn lên đến 12 tháng qua thẻ VIB
Mở thẻ Max Card nhận loạt đặc quyền - Hoàn tiền lên đến 18 triệu đồng
Trả góp 4 không, duyệt nhanh 10 phút, kỳ hạn tới 12 tháng với công ty tài chính/thẻ tín dụng
An tâm sử dụng sản phẩm dài lâu với gói bảo hành mở rộng H-Care (LH 1900.2091)
Giảm 5% tối đa 500k khi thanh toán qua Spaylater
TPBank Evo - Giảm đến 500.000đ, trả góp 0%, 0 phí lên đến 12 tháng
Giảm 1% tối đa 300.000đ khi thanh toán qua ZaloPay
Giảm tới 500.000đ khi thanh toán qua Homepaylater";0;https://hoanghamobile.com/dien-thoai-di-dong/apple-iphone-15-plus-256gb-chinh-hang-vn-a;Disabled
iPhone 15 (256GB) - Chính hãng VN/A;Đen;No;22990000;19490000;2026-05-28;"1
Ưu đãi giảm tới 5% tối đa 100k khi mua AirPods kèm iPhone/iPad/MacBook (Khám phá ngay)
2
Ưu đãi giảm tới 3% tối đa 200k khi mua Apple Watch kèm iPhone/iPad/MacBook (Khám phá ngay)
3
Ưu đãi giảm 5% tối đa 300k khi mua AirPods + Apple Watch kèm iPhone/iPad/MacBook (Khám phá ngay)
4
Tặng Voucher giảm ngay 10%, tối đa 200.000đ cho khách hàng mua sản phẩm vào ngày sinh nhật (Khám phá ngay)
5
Ưu đãi mua dán màn hình kèm máy Điện thoại/Máy tính bảng/Laptop/Đồng hồ giảm 10% (Khám phá ngay)
6
Giảm ngay 50.000đ khi mua gói cước di động Mobifone, Vnsky lên tới 6GB data/ngày - Trải nghiệm 5G chỉ 99k/tháng (Khám phá ngay)
7
Nhận báo giá tốt nhất cho khách hàng doanh nghiệp B2B khi mua số lượng lớn (Khám phá ngay)";"Mở thẻ VPBank - giảm tới 500k, trả góp 0%, 0 phí lên đến 6 tháng
Trả góp 0% - 0 phí ẩn - trả trc tối đa 20% - KH lên tới 12 tháng qua Shinhan Finance
Trả góp 0% Lãi suất - Kỳ hạn lên đến 12 tháng qua thẻ VIB
Mở thẻ Max Card nhận loạt đặc quyền - Hoàn tiền lên đến 18 triệu đồng
Trả góp 4 không, duyệt nhanh 10 phút, kỳ hạn tới 12 tháng với công ty tài chính/thẻ tín dụng
An tâm sử dụng sản phẩm dài lâu với gói bảo hành mở rộng H-Care (LH 1900.2091)
Giảm 5% tối đa 500k khi thanh toán qua Spaylater
TPBank Evo - Giảm đến 500.000đ, trả góp 0%, 0 phí lên đến 12 tháng
Giảm 1% tối đa 300.000đ khi thanh toán qua ZaloPay
Giảm tới 500.000đ khi thanh toán qua Homepaylater";0;https://hoanghamobile.com/dien-thoai-di-dong/apple-iphone-15-256gb-chinh-hang-vn-a;Disabled
iPhone 15 (512GB) - Chính hãng VN/A;Đen;No;28990000;20990000;2026-05-28;"1
Ưu đãi giảm tới 5% tối đa 100k khi mua AirPods kèm iPhone/iPad/MacBook (Khám phá ngay)
2
Ưu đãi giảm tới 3% tối đa 200k khi mua Apple Watch kèm iPhone/iPad/MacBook (Khám phá ngay)
3
Ưu đãi giảm 5% tối đa 300k khi mua AirPods + Apple Watch kèm iPhone/iPad/MacBook (Khám phá ngay)
4
Tặng Voucher giảm ngay 10%, tối đa 200.000đ cho khách hàng mua sản phẩm vào ngày sinh nhật (Khám phá ngay)
5
Ưu đãi mua dán màn hình kèm máy Điện thoại/Máy tính bảng/Laptop/Đồng hồ giảm 10% (Khám phá ngay)
6
Giảm ngay 50.000đ khi mua gói cước di động Mobifone, Vnsky lên tới 6GB data/ngày - Trải nghiệm 5G chỉ 99k/tháng (Khám phá ngay)
7
Nhận báo giá tốt nhất cho khách hàng doanh nghiệp B2B khi mua số lượng lớn (Khám phá ngay)";"Mở thẻ VPBank - giảm tới 500k, trả góp 0%, 0 phí lên đến 6 tháng
Trả góp 0% - 0 phí ẩn - trả trc tối đa 20% - KH lên tới 12 tháng qua Shinhan Finance
Trả góp 0% Lãi suất - Kỳ hạn lên đến 12 tháng qua thẻ VIB
Mở thẻ Max Card nhận loạt đặc quyền - Hoàn tiền lên đến 18 triệu đồng
Trả góp 4 không, duyệt nhanh 10 phút, kỳ hạn tới 12 tháng với công ty tài chính/thẻ tín dụng
An tâm sử dụng sản phẩm dài lâu với gói bảo hành mở rộng H-Care (LH 1900.2091)
Giảm 5% tối đa 500k khi thanh toán qua Spaylater
TPBank Evo - Giảm đến 500.000đ, trả góp 0%, 0 phí lên đến 12 tháng
Giảm 1% tối đa 300.000đ khi thanh toán qua ZaloPay
Giảm tới 500.000đ khi thanh toán qua Homepaylater";0;https://hoanghamobile.com/dien-thoai-di-dong/apple-iphone-15-512gb-chinh-hang-vn-a;Disabled
iPhone 15 Plus (256GB) - Chính hãng VN/A;Hồng;No;25990000;21690000;2026-05-28;"1
Ưu đãi giảm tới 5% tối đa 100k khi mua AirPods kèm iPhone/iPad/MacBook (Khám phá ngay)
2
Ưu đãi giảm tới 3% tối đa 200k khi mua Apple Watch kèm iPhone/iPad/MacBook (Khám phá ngay)
3
Ưu đãi giảm 5% tối đa 300k khi mua AirPods + Apple Watch kèm iPhone/iPad/MacBook (Khám phá ngay)
4
Tặng Voucher giảm ngay 10%, tối đa 200.000đ cho khách hàng mua sản phẩm vào ngày sinh nhật (Khám phá ngay)
5
Ưu đãi mua dán màn hình kèm máy Điện thoại/Máy tính bảng/Laptop/Đồng hồ giảm 10% (Khám phá ngay)
6
Giảm ngay 50.000đ khi mua gói cước di động Mobifone, Vnsky lên tới 6GB data/ngày - Trải nghiệm 5G chỉ 99k/tháng (Khám phá ngay)
7
Nhận báo giá tốt nhất cho khách hàng doanh nghiệp B2B khi mua số lượng lớn (Khám phá ngay)";"Mở thẻ VPBank - giảm tới 500k, trả góp 0%, 0 phí lên đến 6 tháng
Trả góp 0% - 0 phí ẩn - trả trc tối đa 20% - KH lên tới 12 tháng qua Shinhan Finance
Trả góp 0% Lãi suất - Kỳ hạn lên đến 12 tháng qua thẻ VIB
Mở thẻ Max Card nhận loạt đặc quyền - Hoàn tiền lên đến 18 triệu đồng
Trả góp 4 không, duyệt nhanh 10 phút, kỳ hạn tới 12 tháng với công ty tài chính/thẻ tín dụng
An tâm sử dụng sản phẩm dài lâu với gói bảo hành mở rộng H-Care (LH 1900.2091)
Giảm 5% tối đa 500k khi thanh toán qua Spaylater
TPBank Evo - Giảm đến 500.000đ, trả góp 0%, 0 phí lên đến 12 tháng
Giảm 1% tối đa 300.000đ khi thanh toán qua ZaloPay
Giảm tới 500.000đ khi thanh toán qua Homepaylater";0;https://hoanghamobile.com/dien-thoai-di-dong/apple-iphone-15-plus-256gb-chinh-hang-vn-a;Disabled
429 Too Many Requests;Unknown;No;0;0;2026-05-28;;;0;https://hoanghamobile.com/dien-thoai-di-dong/apple-iphone-15-pro-512gb-chinh-hang-vn-a;Disabled
iPhone 15 Plus (128GB) - Chính hãng VN/A;Hồng;No;22990000;17690000;2026-05-28;"1
Ưu đãi giảm tới 5% tối đa 100k khi mua AirPods kèm iPhone/iPad/MacBook (Khám phá ngay)
2
Ưu đãi giảm tới 3% tối đa 200k khi mua Apple Watch kèm iPhone/iPad/MacBook (Khám phá ngay)
3
Ưu đãi giảm 5% tối đa 300k khi mua AirPods + Apple Watch kèm iPhone/iPad/MacBook (Khám phá ngay)
4
Tặng Voucher giảm ngay 10%, tối đa 200.000đ cho khách hàng mua sản phẩm vào ngày sinh nhật (Khám phá ngay)
5
Ưu đãi mua dán màn hình kèm máy Điện thoại/Máy tính bảng/Laptop/Đồng hồ giảm 10% (Khám phá ngay)
6
Giảm ngay 50.000đ khi mua gói cước di động Mobifone, Vnsky lên tới 6GB data/ngày - Trải nghiệm 5G chỉ 99k/tháng (Khám phá ngay)
7
Nhận báo giá tốt nhất cho khách hàng doanh nghiệp B2B khi mua số lượng lớn (Khám phá ngay)";"Mở thẻ VPBank - giảm tới 500k, trả góp 0%, 0 phí lên đến 6 tháng
Trả góp 0% - 0 phí ẩn - trả trc tối đa 20% - KH lên tới 12 tháng qua Shinhan Finance
Trả góp 0% Lãi suất - Kỳ hạn lên đến 12 tháng qua thẻ VIB
Mở thẻ Max Card nhận loạt đặc quyền - Hoàn tiền lên đến 18 triệu đồng
Trả góp 4 không, duyệt nhanh 10 phút, kỳ hạn tới 12 tháng với công ty tài chính/thẻ tín dụng
An tâm sử dụng sản phẩm dài lâu với gói bảo hành mở rộng H-Care (LH 1900.2091)
Giảm 5% tối đa 500k khi thanh toán qua Spaylater
TPBank Evo - Giảm đến 500.000đ, trả góp 0%, 0 phí lên đến 12 tháng
Giảm 1% tối đa 300.000đ khi thanh toán qua ZaloPay
Giảm tới 500.000đ khi thanh toán qua Homepaylater";0;https://hoanghamobile.com/dien-thoai-di-dong/apple-iphone-15-plus-128gb-chinh-hang-vn-a;Disabled
iPhone 15 (128GB) - Chính hãng VN/A;Đen;Yes;19990000;17790000;2026-05-28;"1
Ưu đãi giảm tới 5% tối đa 100k khi mua AirPods kèm iPhone/iPad/MacBook (Khám phá ngay)
2
Ưu đãi giảm tới 3% tối đa 200k khi mua Apple Watch kèm iPhone/iPad/MacBook (Khám phá ngay)
3
Ưu đãi giảm 5% tối đa 300k khi mua AirPods + Apple Watch kèm iPhone/iPad/MacBook (Khám phá ngay)
4
Tặng Voucher giảm ngay 10%, tối đa 200.000đ cho khách hàng mua sản phẩm vào ngày sinh nhật (Khám phá ngay)
5
Ưu đãi mua dán màn hình kèm máy Điện thoại/Máy tính bảng/Laptop/Đồng hồ giảm 10% (Khám phá ngay)
6
Giảm ngay 50.000đ khi mua gói cước di động Mobifone, Vnsky lên tới 6GB data/ngày - Trải nghiệm 5G chỉ 99k/tháng (Khám phá ngay)
7
Nhận báo giá tốt nhất cho khách hàng doanh nghiệp B2B khi mua số lượng lớn (Khám phá ngay)";"Mở thẻ VPBank - giảm tới 500k, trả góp 0%, 0 phí lên đến 6 tháng
Trả góp 0% - 0 phí ẩn - trả trc tối đa 20% - KH lên tới 12 tháng qua Shinhan Finance
Trả góp 0% Lãi suất - Kỳ hạn lên đến 12 tháng qua thẻ VIB
Mở thẻ Max Card nhận loạt đặc quyền - Hoàn tiền lên đến 18 triệu đồng
Trả góp 4 không, duyệt nhanh 10 phút, kỳ hạn tới 12 tháng với công ty tài chính/thẻ tín dụng
An tâm sử dụng sản phẩm dài lâu với gói bảo hành mở rộng H-Care (LH 1900.2091)
Giảm 5% tối đa 500k khi thanh toán qua Spaylater
TPBank Evo - Giảm đến 500.000đ, trả góp 0%, 0 phí lên đến 12 tháng
Giảm 1% tối đa 300.000đ khi thanh toán qua ZaloPay
Giảm tới 500.000đ khi thanh toán qua Homepaylater";41;https://hoanghamobile.com/dien-thoai-di-dong/apple-iphone-15-128gb-chinh-hang-vn-a;Disabled
429 Too Many Requests;Unknown;No;0;0;2026-05-28;;;0;https://hoanghamobile.com/dien-thoai-di-dong/apple-iphone-15-pro-max-1tb-chinh-hang-vn-a;Disabled
429 Too Many Requests;Unknown;No;0;0;2026-05-28;;;0;https://hoanghamobile.com/dien-thoai-di-dong/apple-iphone-15-pro-max-256gb-chinh-hang-vn-a;Disabled
429 Too Many Requests;Unknown;No;0;0;2026-05-28;;;0;https://hoanghamobile.com/dien-thoai-di-dong/apple-iphone-15-pro-max-512gb-chinh-hang-vn-a;Disabled
429 Too Many Requests;Unknown;No;0;0;2026-05-28;;;0;https://hoanghamobile.com/dien-thoai/iphone-16;Disabled
iPhone 15 Plus (256GB) - Chính hãng VN/A;Xanh Lá;No;25990000;21690000;2026-05-28;"1
Ưu đãi giảm tới 5% tối đa 100k khi mua AirPods kèm iPhone/iPad/MacBook (Khám phá ngay)
2
Ưu đãi giảm tới 3% tối đa 200k khi mua Apple Watch kèm iPhone/iPad/MacBook (Khám phá ngay)
3
Ưu đãi giảm 5% tối đa 300k khi mua AirPods + Apple Watch kèm iPhone/iPad/MacBook (Khám phá ngay)
4
Tặng Voucher giảm ngay 10%, tối đa 200.000đ cho khách hàng mua sản phẩm vào ngày sinh nhật (Khám phá ngay)
5
Ưu đãi mua dán màn hình kèm máy Điện thoại/Máy tính bảng/Laptop/Đồng hồ giảm 10% (Khám phá ngay)
6
Giảm ngay 50.000đ khi mua gói cước di động Mobifone, Vnsky lên tới 6GB data/ngày - Trải nghiệm 5G chỉ 99k/tháng (Khám phá ngay)
7
Nhận báo giá tốt nhất cho khách hàng doanh nghiệp B2B khi mua số lượng lớn (Khám phá ngay)";"Mở thẻ VPBank - giảm tới 500k, trả góp 0%, 0 phí lên đến 6 tháng
Trả góp 0% - 0 phí ẩn - trả trc tối đa 20% - KH lên tới 12 tháng qua Shinhan Finance
Trả góp 0% Lãi suất - Kỳ hạn lên đến 12 tháng qua thẻ VIB
Mở thẻ Max Card nhận loạt đặc quyền - Hoàn tiền lên đến 18 triệu đồng
Trả góp 4 không, duyệt nhanh 10 phút, kỳ hạn tới 12 tháng với công ty tài chính/thẻ tín dụng
An tâm sử dụng sản phẩm dài lâu với gói bảo hành mở rộng H-Care (LH 1900.2091)
Giảm 5% tối đa 500k khi thanh toán qua Spaylater
TPBank Evo - Giảm đến 500.000đ, trả góp 0%, 0 phí lên đến 12 tháng
Giảm 1% tối đa 300.000đ khi thanh toán qua ZaloPay
Giảm tới 500.000đ khi thanh toán qua Homepaylater";0;https://hoanghamobile.com/dien-thoai-di-dong/apple-iphone-15-plus-256gb-chinh-hang-vn-a;Disabled
iPhone 15 Plus (128GB) - Chính hãng VN/A;Xanh Lá;No;22990000;17690000;2026-05-28;"1
Ưu đãi giảm tới 5% tối đa 100k khi mua AirPods kèm iPhone/iPad/MacBook (Khám phá ngay)
2
Ưu đãi giảm tới 3% tối đa 200k khi mua Apple Watch kèm iPhone/iPad/MacBook (Khám phá ngay)
3
Ưu đãi giảm 5% tối đa 300k khi mua AirPods + Apple Watch kèm iPhone/iPad/MacBook (Khám phá ngay)
4
Tặng Voucher giảm ngay 10%, tối đa 200.000đ cho khách hàng mua sản phẩm vào ngày sinh nhật (Khám phá ngay)
5
Ưu đãi mua dán màn hình kèm máy Điện thoại/Máy tính bảng/Laptop/Đồng hồ giảm 10% (Khám phá ngay)
6
Giảm ngay 50.000đ khi mua gói cước di động Mobifone, Vnsky lên tới 6GB data/ngày - Trải nghiệm 5G chỉ 99k/tháng (Khám phá ngay)
7
Nhận báo giá tốt nhất cho khách hàng doanh nghiệp B2B khi mua số lượng lớn (Khám phá ngay)";"Mở thẻ VPBank - giảm tới 500k, trả góp 0%, 0 phí lên đến 6 tháng
Trả góp 0% - 0 phí ẩn - trả trc tối đa 20% - KH lên tới 12 tháng qua Shinhan Finance
Trả góp 0% Lãi suất - Kỳ hạn lên đến 12 tháng qua thẻ VIB
Mở thẻ Max Card nhận loạt đặc quyền - Hoàn tiền lên đến 18 triệu đồng
Trả góp 4 không, duyệt nhanh 10 phút, kỳ hạn tới 12 tháng với công ty tài chính/thẻ tín dụng
An tâm sử dụng sản phẩm dài lâu với gói bảo hành mở rộng H-Care (LH 1900.2091)
Giảm 5% tối đa 500k khi thanh toán qua Spaylater
TPBank Evo - Giảm đến 500.000đ, trả góp 0%, 0 phí lên đến 12 tháng
Giảm 1% tối đa 300.000đ khi thanh toán qua ZaloPay
Giảm tới 500.000đ khi thanh toán qua Homepaylater";0;https://hoanghamobile.com/dien-thoai-di-dong/apple-iphone-15-plus-128gb-chinh-hang-vn-a;Disabled
429 Too Many Requests;Unknown;No;0;0;2026-05-28;;;0;https://hoanghamobile.com/dien-thoai/iphone-16-256gb;Disabled
iPhone 15 Plus (256GB) - Chính hãng VN/A;Vàng;No;25990000;21690000;2026-05-28;"1
Ưu đãi giảm tới 5% tối đa 100k khi mua AirPods kèm iPhone/iPad/MacBook (Khám phá ngay)
2
Ưu đãi giảm tới 3% tối đa 200k khi mua Apple Watch kèm iPhone/iPad/MacBook (Khám phá ngay)
3
Ưu đãi giảm 5% tối đa 300k khi mua AirPods + Apple Watch kèm iPhone/iPad/MacBook (Khám phá ngay)
4
Tặng Voucher giảm ngay 10%, tối đa 200.000đ cho khách hàng mua sản phẩm vào ngày sinh nhật (Khám phá ngay)
5
Ưu đãi mua dán màn hình kèm máy Điện thoại/Máy tính bảng/Laptop/Đồng hồ giảm 10% (Khám phá ngay)
6
Giảm ngay 50.000đ khi mua gói cước di động Mobifone, Vnsky lên tới 6GB data/ngày - Trải nghiệm 5G chỉ 99k/tháng (Khám phá ngay)
7
Nhận báo giá tốt nhất cho khách hàng doanh nghiệp B2B khi mua số lượng lớn (Khám phá ngay)";"Mở thẻ VPBank - giảm tới 500k, trả góp 0%, 0 phí lên đến 6 tháng
Trả góp 0% - 0 phí ẩn - trả trc tối đa 20% - KH lên tới 12 tháng qua Shinhan Finance
Trả góp 0% Lãi suất - Kỳ hạn lên đến 12 tháng qua thẻ VIB
Mở thẻ Max Card nhận loạt đặc quyền - Hoàn tiền lên đến 18 triệu đồng
Trả góp 4 không, duyệt nhanh 10 phút, kỳ hạn tới 12 tháng với công ty tài chính/thẻ tín dụng
An tâm sử dụng sản phẩm dài lâu với gói bảo hành mở rộng H-Care (LH 1900.2091)
Giảm 5% tối đa 500k khi thanh toán qua Spaylater
TPBank Evo - Giảm đến 500.000đ, trả góp 0%, 0 phí lên đến 12 tháng
Giảm 1% tối đa 300.000đ khi thanh toán qua ZaloPay
Giảm tới 500.000đ khi thanh toán qua Homepaylater";0;https://hoanghamobile.com/dien-thoai-di-dong/apple-iphone-15-plus-256gb-chinh-hang-vn-a;Disabled
429 Too Many Requests;Unknown;No;0;0;2026-05-28;;;0;https://hoanghamobile.com/dien-thoai/iphone-16-512gb;Disabled
429 Too Many Requests;Unknown;No;0;0;2026-05-28;;;0;https://hoanghamobile.com/dien-thoai/iphone-16-plus;Disabled
iPhone 15 Plus (128GB) - Chính hãng VN/A;Đen;No;22990000;17690000;2026-05-28;"1
Ưu đãi giảm tới 5% tối đa 100k khi mua AirPods kèm iPhone/iPad/MacBook (Khám phá ngay)
2
Ưu đãi giảm tới 3% tối đa 200k khi mua Apple Watch kèm iPhone/iPad/MacBook (Khám phá ngay)
3
Ưu đãi giảm 5% tối đa 300k khi mua AirPods + Apple Watch kèm iPhone/iPad/MacBook (Khám phá ngay)
4
Tặng Voucher giảm ngay 10%, tối đa 200.000đ cho khách hàng mua sản phẩm vào ngày sinh nhật (Khám phá ngay)
5
Ưu đãi mua dán màn hình kèm máy Điện thoại/Máy tính bảng/Laptop/Đồng hồ giảm 10% (Khám phá ngay)
6
Giảm ngay 50.000đ khi mua gói cước di động Mobifone, Vnsky lên tới 6GB data/ngày - Trải nghiệm 5G chỉ 99k/tháng (Khám phá ngay)
7
Nhận báo giá tốt nhất cho khách hàng doanh nghiệp B2B khi mua số lượng lớn (Khám phá ngay)";"Mở thẻ VPBank - giảm tới 500k, trả góp 0%, 0 phí lên đến 6 tháng
Trả góp 0% - 0 phí ẩn - trả trc tối đa 20% - KH lên tới 12 tháng qua Shinhan Finance
Trả góp 0% Lãi suất - Kỳ hạn lên đến 12 tháng qua thẻ VIB
Mở thẻ Max Card nhận loạt đặc quyền - Hoàn tiền lên đến 18 triệu đồng
Trả góp 4 không, duyệt nhanh 10 phút, kỳ hạn tới 12 tháng với công ty tài chính/thẻ tín dụng
An tâm sử dụng sản phẩm dài lâu với gói bảo hành mở rộng H-Care (LH 1900.2091)
Giảm 5% tối đa 500k khi thanh toán qua Spaylater
TPBank Evo - Giảm đến 500.000đ, trả góp 0%, 0 phí lên đến 12 tháng
Giảm 1% tối đa 300.000đ khi thanh toán qua ZaloPay
Giảm tới 500.000đ khi thanh toán qua Homepaylater";0;https://hoanghamobile.com/dien-thoai-di-dong/apple-iphone-15-plus-128gb-chinh-hang-vn-a;Disabled
429 Too Many Requests;Unknown;No;0;0;2026-05-28;;;0;https://hoanghamobile.com/dien-thoai/iphone-16-plus-256gb;Disabled
429 Too Many Requests;Unknown;No;0;0;2026-05-28;;;0;https://hoanghamobile.com/dien-thoai/iphone-16-plus-512gb;Disabled
429 Too Many Requests;Unknown;No;0;0;2026-05-28;;;0;https://hoanghamobile.com/dien-thoai/iphone-16-pro;Disabled
429 Too Many Requests;Unknown;No;0;0;2026-05-28;;;0;https://hoanghamobile.com/dien-thoai/iphone-16-pro-1tb;Disabled
429 Too Many Requests;Unknown;No;0;0;2026-05-28;;;0;https://hoanghamobile.com/dien-thoai/iphone-16-pro-256gb;Disabled
iPhone 15 Plus (256GB) - Chính hãng VN/A;Đen;No;25990000;21690000;2026-05-28;"1
Ưu đãi giảm tới 5% tối đa 100k khi mua AirPods kèm iPhone/iPad/MacBook (Khám phá ngay)
2
Ưu đãi giảm tới 3% tối đa 200k khi mua Apple Watch kèm iPhone/iPad/MacBook (Khám phá ngay)
3
Ưu đãi giảm 5% tối đa 300k khi mua AirPods + Apple Watch kèm iPhone/iPad/MacBook (Khám phá ngay)
4
Tặng Voucher giảm ngay 10%, tối đa 200.000đ cho khách hàng mua sản phẩm vào ngày sinh nhật (Khám phá ngay)
5
Ưu đãi mua dán màn hình kèm máy Điện thoại/Máy tính bảng/Laptop/Đồng hồ giảm 10% (Khám phá ngay)
6
Giảm ngay 50.000đ khi mua gói cước di động Mobifone, Vnsky lên tới 6GB data/ngày - Trải nghiệm 5G chỉ 99k/tháng (Khám phá ngay)
7
Nhận báo giá tốt nhất cho khách hàng doanh nghiệp B2B khi mua số lượng lớn (Khám phá ngay)";"Mở thẻ VPBank - giảm tới 500k, trả góp 0%, 0 phí lên đến 6 tháng
Trả góp 0% - 0 phí ẩn - trả trc tối đa 20% - KH lên tới 12 tháng qua Shinhan Finance
Trả góp 0% Lãi suất - Kỳ hạn lên đến 12 tháng qua thẻ VIB
Mở thẻ Max Card nhận loạt đặc quyền - Hoàn tiền lên đến 18 triệu đồng
Trả góp 4 không, duyệt nhanh 10 phút, kỳ hạn tới 12 tháng với công ty tài chính/thẻ tín dụng
An tâm sử dụng sản phẩm dài lâu với gói bảo hành mở rộng H-Care (LH 1900.2091)
Giảm 5% tối đa 500k khi thanh toán qua Spaylater
TPBank Evo - Giảm đến 500.000đ, trả góp 0%, 0 phí lên đến 12 tháng
Giảm 1% tối đa 300.000đ khi thanh toán qua ZaloPay
Giảm tới 500.000đ khi thanh toán qua Homepaylater";0;https://hoanghamobile.com/dien-thoai-di-dong/apple-iphone-15-plus-256gb-chinh-hang-vn-a;Disabled
429 Too Many Requests;Unknown;No;0;0;2026-05-28;;;0;https://hoanghamobile.com/dien-thoai/iphone-16-pro-512gb;Disabled
429 Too Many Requests;Unknown;No;0;0;2026-05-28;;;0;https://hoanghamobile.com/dien-thoai/iphone-16-pro-max;Disabled
429 Too Many Requests;Unknown;No;0;0;2026-05-28;;;0;https://hoanghamobile.com/dien-thoai/iphone-16-pro-max-1tb;Disabled
429 Too Many Requests;Unknown;No;0;0;2026-05-28;;;0;https://hoanghamobile.com/dien-thoai/iphone-16-pro-max-512gb;Disabled
429 Too Many Requests;Unknown;No;0;0;2026-05-28;;;0;https://hoanghamobile.com/dien-thoai/iphone-16e-256gb;Disabled
429 Too Many Requests;Unknown;No;0;0;2026-05-28;;;0;https://hoanghamobile.com/dien-thoai/iphone-16e-128gb;Disabled
429 Too Many Requests;Unknown;No;0;0;2026-05-28;;;0;https://hoanghamobile.com/dien-thoai/iphone-16e-512gb;Disabled
429 Too Many Requests;Unknown;No;0;0;2026-05-28;;;0;https://hoanghamobile.com/dien-thoai/iphone-17;Disabled
429 Too Many Requests;Unknown;No;0;0;2026-05-28;;;0;https://hoanghamobile.com/dien-thoai/iphone-17-512gb;Disabled
429 Too Many Requests;Unknown;No;0;0;2026-05-28;;;0;https://hoanghamobile.com/dien-thoai/iphone-17-pro;Disabled
429 Too Many Requests;Unknown;No;0;0;2026-05-28;;;0;https://hoanghamobile.com/dien-thoai/iphone-17-pro-1tb;Disabled
429 Too Many Requests;Unknown;No;0;0;2026-05-28;;;0;https://hoanghamobile.com/dien-thoai/iphone-17-pro-512gb;Disabled
429 Too Many Requests;Unknown;No;0;0;2026-05-28;;;0;https://hoanghamobile.com/dien-thoai/iphone-17-pro-max;Disabled
429 Too Many Requests;Unknown;No;0;0;2026-05-28;;;0;https://hoanghamobile.com/dien-thoai/iphone-17-pro-max-1tb;Disabled
429 Too Many Requests;Unknown;No;0;0;2026-05-28;;;0;https://hoanghamobile.com/dien-thoai/iphone-17-pro-max-2tb;Disabled
429 Too Many Requests;Unknown;No;0;0;2026-05-28;;;0;https://hoanghamobile.com/dien-thoai/iphone-17-pro-max-512gb;Disabled
429 Too Many Requests;Unknown;No;0;0;2026-05-28;;;0;https://hoanghamobile.com/dien-thoai/iphone-air;Disabled
429 Too Many Requests;Unknown;No;0;0;2026-05-28;;;0;https://hoanghamobile.com/dien-thoai/iphone-air-1tb;Disabled
429 Too Many Requests;Unknown;No;0;0;2026-05-28;;;0;https://hoanghamobile.com/dien-thoai/iphone-air-512gb;Disabled
429 Too Many Requests;Unknown;No;0;0;2026-05-28;;;0;https://hoanghamobile.com/dong-ho-thong-minh/apple-watch-s8-45mm-GPS-celluar-vien-thep-day-thep-chinh-hang-vn-a;Disabled
429 Too Many Requests;Unknown;No;0;0;2026-05-28;;;0;https://hoanghamobile.com/dong-ho-thong-minh/apple-watch-s8-chinh-hang-vn-a;Disabled
429 Too Many Requests;Unknown;No;0;0;2026-05-28;;;0;https://hoanghamobile.com/dong-ho-thong-minh/apple-watch-se-2023-gps-40mm-vo-nhom-day-cao-su-chinh-hang-vn-a;Disabled
429 Too Many Requests;Unknown;No;0;0;2026-05-28;;;0;https://hoanghamobile.com/dong-ho-thong-minh/apple-watch-se-2023-gps-44mm-vo-nhom-day-cao-su-chinh-hang-vn-a;Disabled
429 Too Many Requests;Unknown;No;0;0;2026-05-28;;;0;https://hoanghamobile.com/dong-ho-thong-minh/apple-watch-se-2024-gps-40mm-vo-nhom-day-cao-su;Disabled
429 Too Many Requests;Unknown;No;0;0;2026-05-28;;;0;https://hoanghamobile.com/dong-ho-thong-minh/apple-watch-se-2024-gps-44mm-vo-nhom-day-cao-su;Disabled
429 Too Many Requests;Unknown;No;0;0;2026-05-28;;;0;https://hoanghamobile.com/dong-ho-thong-minh/apple-watch-se-2024-gps-cellular-40mm-vo-nhom-day-cao-su;Disabled
429 Too Many Requests;Unknown;No;0;0;2026-05-28;;;0;https://hoanghamobile.com/dong-ho-thong-minh/apple-watch-se-2024-gps-cellular-44mm-vo-nhom-day-cao-su;Disabled
429 Too Many Requests;Unknown;No;0;0;2026-05-28;;;0;https://hoanghamobile.com/dong-ho-thong-minh/apple-watch-se-3-2025;Disabled
429 Too Many Requests;Unknown;No;0;0;2026-05-28;;;0;https://hoanghamobile.com/dong-ho-thong-minh/apple-watch-se-2023-gps-lte-44mm-vo-nhom-day-cao-su-chinh-hang-vn-a;Disabled
429 Too Many Requests;Unknown;No;0;0;2026-05-28;;;0;https://hoanghamobile.com/dong-ho-thong-minh/apple-watch-se-3-gps-40mm-vo-nhom-day-cao-su;Disabled
429 Too Many Requests;Unknown;No;0;0;2026-05-28;;;0;https://hoanghamobile.com/dong-ho-thong-minh/apple-watch-se-3-gps-cellular-40mm-vo-nhom-day-cao-su;Disabled
429 Too Many Requests;Unknown;No;0;0;2026-05-28;;;0;https://hoanghamobile.com/dong-ho-thong-minh/apple-watch-se-3-gps-cellular-44mm-vo-nhom-day-cao-su;Disabled
429 Too Many Requests;Unknown;No;0;0;2026-05-28;;;0;https://hoanghamobile.com/dong-ho-thong-minh/apple-watch-series-10-gps-42mm-vo-nhom-day-cao-su;Disabled
429 Too Many Requests;Unknown;No;0;0;2026-05-28;;;0;https://hoanghamobile.com/dong-ho-thong-minh/apple-watch-series-10-gps-lte-42mm-vo-nhom-day-cao-su;Disabled
429 Too Many Requests;Unknown;No;0;0;2026-05-28;;;0;https://hoanghamobile.com/dong-ho-thong-minh/apple-watch-series-10-gps-46mm-vo-nhom-day-cao-su;Disabled
429 Too Many Requests;Unknown;No;0;0;2026-05-28;;;0;https://hoanghamobile.com/dong-ho-thong-minh/apple-watch-series-10-gps-lte-42mm-vo-titan-day-cao-su;Disabled
429 Too Many Requests;Unknown;No;0;0;2026-05-28;;;0;https://hoanghamobile.com/dong-ho-thong-minh/apple-watch-series-10-gps-lte-42mm-vo-titan-day-thep;Disabled
429 Too Many Requests;Unknown;No;0;0;2026-05-28;;;0;https://hoanghamobile.com/dong-ho-thong-minh/apple-watch-series-10-gps-lte-46mm-vo-nhom-day-cao-su;Disabled
429 Too Many Requests;Unknown;No;0;0;2026-05-28;;;0;https://hoanghamobile.com/dong-ho-thong-minh/apple-watch-series-10-gps-lte-46mm-vo-titan-day-cao-su;Disabled
429 Too Many Requests;Unknown;No;0;0;2026-05-28;;;0;https://hoanghamobile.com/dong-ho-thong-minh/apple-watch-series-10-gps-lte-46mm-vo-titan-day-thep;Disabled
429 Too Many Requests;Unknown;No;0;0;2026-05-28;;;0;https://hoanghamobile.com/dong-ho-thong-minh/apple-watch-series-11;Disabled
429 Too Many Requests;Unknown;No;0;0;2026-05-28;;;0;https://hoanghamobile.com/dong-ho-thong-minh/apple-watch-series-11-gps-46mm-vo-nhom-day-cao-su;Disabled
429 Too Many Requests;Unknown;No;0;0;2026-05-28;;;0;https://hoanghamobile.com/dong-ho-thong-minh/apple-watch-series-11-gps-cellular-42mm-vien-nhom-day-cao-su;Disabled
429 Too Many Requests;Unknown;No;0;0;2026-05-28;;;0;https://hoanghamobile.com/dong-ho-thong-minh/apple-watch-series-11-gps-cellular-42mm-vien-titan-day-milan;Disabled
429 Too Many Requests;Unknown;No;0;0;2026-05-28;;;0;https://hoanghamobile.com/dong-ho-thong-minh/apple-watch-series-11-gps-cellular-46mm-vien-nhom-day-cao-su;Disabled
429 Too Many Requests;Unknown;No;0;0;2026-05-28;;;0;https://hoanghamobile.com/dong-ho-thong-minh/apple-watch-series-11-gps-cellular-46mm-vien-titan-day-milan;Disabled
429 Too Many Requests;Unknown;No;0;0;2026-05-28;;;0;https://hoanghamobile.com/dong-ho-thong-minh/apple-watch-series-7-4g-41mm-vien-nhom-day-cao-su-chinh-hang-vn-a;Disabled
429 Too Many Requests;Unknown;No;0;0;2026-05-28;;;0;https://hoanghamobile.com/dong-ho-thong-minh/apple-watch-series-7-4g-41mm-vien-thep-day-cao-su-chinh-hang-vn-a;Disabled
429 Too Many Requests;Unknown;No;0;0;2026-05-28;;;0;https://hoanghamobile.com/dong-ho-thong-minh/apple-watch-series-7-4g-41mm-vien-thep-day-thep-chinh-hang-vn-a;Disabled
429 Too Many Requests;Unknown;No;0;0;2026-05-28;;;0;https://hoanghamobile.com/dong-ho-thong-minh/apple-watch-series-7-4g-45mm-vien-nhom-day-cao-su-chinh-hang-vn-a;Disabled
429 Too Many Requests;Unknown;No;0;0;2026-05-28;;;0;https://hoanghamobile.com/dong-ho-thong-minh/apple-watch-series-7-4g-45mm-vien-thep-day-cao-su-chinh-hang-vn-a;Disabled
429 Too Many Requests;Unknown;No;0;0;2026-05-28;;;0;https://hoanghamobile.com/dong-ho-thong-minh/apple-watch-series-7-4g-45mm-vien-thep-day-thep-chinh-hang-vn-a;Disabled
429 Too Many Requests;Unknown;No;0;0;2026-05-28;;;0;https://hoanghamobile.com/dong-ho-thong-minh/apple-watch-series-8-gps-cellular-41mm-vien-nhom-day-cao-su-vn-a;Disabled
429 Too Many Requests;Unknown;No;0;0;2026-05-28;;;0;https://hoanghamobile.com/dong-ho-thong-minh/apple-watch-series-9-gps-45mm-vo-nhom-day-cao-su-chinh-hang-vn-a;Disabled
429 Too Many Requests;Unknown;No;0;0;2026-05-28;;;0;https://hoanghamobile.com/dong-ho-thong-minh/apple-watch-series-9-gps-41mm-vo-nhom-day-cao-su-chinh-hang-vn-a;Disabled
429 Too Many Requests;Unknown;No;0;0;2026-05-28;;;0;https://hoanghamobile.com/dong-ho-thong-minh/apple-watch-ultra-2-2024-gps-lte-49mm-vo-titan-day-deo-ocean;Disabled
429 Too Many Requests;Unknown;No;0;0;2026-05-28;;;0;https://hoanghamobile.com/dong-ho-thong-minh/apple-watch-ultra-2-2024-gps-lte-49mm-vo-titan-day-quan-alpine;Disabled
429 Too Many Requests;Unknown;No;0;0;2026-05-28;;;0;https://hoanghamobile.com/dong-ho-thong-minh/apple-watch-ultra-2-2024-gps-lte-49mm-vo-titan-day-quan-trail;Disabled
429 Too Many Requests;Unknown;No;0;0;2026-05-28;;;0;https://hoanghamobile.com/dong-ho-thong-minh/apple-watch-ultra-2-2024-gps-lte-49mm-vo-titan-day-thep;Disabled
429 Too Many Requests;Unknown;No;0;0;2026-05-28;;;0;https://hoanghamobile.com/dong-ho-thong-minh/apple-watch-ultra-2-gps-lte-49mm-vo-titan-day-quan-trail-chinh-hang-vn-a;Disabled
429 Too Many Requests;Unknown;No;0;0;2026-05-28;;;0;https://hoanghamobile.com/dong-ho-thong-minh/apple-watch-ultra-3-2025;Disabled
429 Too Many Requests;Unknown;No;0;0;2026-05-28;;;0;https://hoanghamobile.com/dong-ho-thong-minh/apple-watch-ultra-3-gps-cellular-49mm-vien-titan-day-milan-titan;Disabled
429 Too Many Requests;Unknown;No;0;0;2026-05-28;;;0;https://hoanghamobile.com/dong-ho-thong-minh/apple-watch-ultra-3-gps-cellular-49mm-vien-titan-day-ocean;Disabled
429 Too Many Requests;Unknown;No;0;0;2026-05-28;;;0;https://hoanghamobile.com/dong-ho-thong-minh/apple-watch-ultra-3-gps-cellular-49mm-vien-titan-day-trail;Disabled
429 Too Many Requests;Unknown;No;0;0;2026-05-28;;;0;https://hoanghamobile.com/lap-top/macbook-air-13-inch-2020-256gb-chinh-hang-apple-viet-nam-phien-ban-moi;Disabled
429 Too Many Requests;Unknown;No;0;0;2026-05-28;;;0;https://hoanghamobile.com/laptop/imac-m4-24-inch-10cpu-10gpu-16gb-512gb;Disabled
429 Too Many Requests;Unknown;No;0;0;2026-05-28;;;0;https://hoanghamobile.com/laptop/mac-mini-m4-16gb-256gb;Disabled
429 Too Many Requests;Unknown;No;0;0;2026-05-28;;;0;https://hoanghamobile.com/laptop/mac-mini-m4-16gb-512gb;Disabled
429 Too Many Requests;Unknown;No;0;0;2026-05-28;;;0;https://hoanghamobile.com/laptop/mac-mini-m4-24gb-512gb;Disabled
429 Too Many Requests;Unknown;No;0;0;2026-05-28;;;0;https://hoanghamobile.com/laptop/mac-mini-m4-pro-24gb-512gb;Disabled
429 Too Many Requests;Unknown;No;0;0;2026-05-28;;;0;https://hoanghamobile.com/laptop/mac-studio-chip-m3-ultra-28cpu-60gpu-96gb-1tb;Disabled
429 Too Many Requests;Unknown;No;0;0;2026-05-28;;;0;https://hoanghamobile.com/laptop/mac-studio-chip-m3-ultra-32cpu-80gpu-96gb-1tb;Disabled
429 Too Many Requests;Unknown;No;0;0;2026-05-28;;;0;https://hoanghamobile.com/laptop/mac-studio-chip-m4-max-14cpu-32gpu-36gb-512gb;Disabled
429 Too Many Requests;Unknown;No;0;0;2026-05-28;;;0;https://hoanghamobile.com/laptop/mac-studio-chip-m4-max-16cpu-40gpu-48gb-512gb;Disabled
429 Too Many Requests;Unknown;No;0;0;2026-05-28;;;0;https://hoanghamobile.com/laptop/macbook-air-m2-13-2022-16gb-256gb-chinh-hang-apple-viet-nam;Disabled
429 Too Many Requests;Unknown;No;0;0;2026-05-28;;;0;https://hoanghamobile.com/laptop/macbook-air-m3-13-6-16gb-256gb-apple-viet-nam;Disabled
429 Too Many Requests;Unknown;No;0;0;2026-05-28;;;0;https://hoanghamobile.com/laptop/macbook-air-m3-13-6-inch-24gb-512gb;Disabled
429 Too Many Requests;Unknown;No;0;0;2026-05-28;;;0;https://hoanghamobile.com/laptop/macbook-air-m3-13-inch-16gb-512gb-chinh-hang-apple-viet-nam;Disabled
429 Too Many Requests;Unknown;No;0;0;2026-05-28;;;0;https://hoanghamobile.com/laptop/macbook-air-m3-15-3-inch-16gb-256gb;Disabled
429 Too Many Requests;Unknown;No;0;0;2026-05-28;;;0;https://hoanghamobile.com/laptop/macbook-air-m3-15-inch-8gb-256gb-chinh-hang-apple-viet-nam;Disabled
429 Too Many Requests;Unknown;No;0;0;2026-05-28;;;0;https://hoanghamobile.com/laptop/macbook-air-m4-13-6-inch-16gb-256gb;Disabled
429 Too Many Requests;Unknown;No;0;0;2026-05-28;;;0;https://hoanghamobile.com/laptop/macbook-air-m4-13-6-inch-16gb-512gb;Disabled
429 Too Many Requests;Unknown;No;0;0;2026-05-28;;;0;https://hoanghamobile.com/laptop/macbook-air-m4-13-6-inch-24gb-512gb;Disabled
429 Too Many Requests;Unknown;No;0;0;2026-05-28;;;0;https://hoanghamobile.com/laptop/macbook-air-m4-15-3-inch-16gb-256gb;Disabled
429 Too Many Requests;Unknown;No;0;0;2026-05-28;;;0;https://hoanghamobile.com/laptop/macbook-air-m4-15-3-inch-16gb-512gb;Disabled
429 Too Many Requests;Unknown;No;0;0;2026-05-28;;;0;https://hoanghamobile.com/laptop/macbook-air-m4-15-3-inch-24gb-512gb;Disabled
429 Too Many Requests;Unknown;No;0;0;2026-05-28;;;0;https://hoanghamobile.com/laptop/macbook-pro-14-inch-m5-10cpu-10gpu-16gb-1tb;Disabled
429 Too Many Requests;Unknown;No;0;0;2026-05-28;;;0;https://hoanghamobile.com/laptop/macbook-pro-14-inch-m5-10cpu-10gpu-16gb-512gb;Disabled
429 Too Many Requests;Unknown;No;0;0;2026-05-28;;;0;https://hoanghamobile.com/laptop/macbook-pro-14-inch-m5-10cpu-10gpu-24gb-1tb;Disabled
429 Too Many Requests;Unknown;No;0;0;2026-05-28;;;0;https://hoanghamobile.com/laptop/macbook-pro-m4-14-inch-16gb-1tb;Disabled
429 Too Many Requests;Unknown;No;0;0;2026-05-28;;;0;https://hoanghamobile.com/laptop/macbook-pro-m4-14-inch-16gb-512gb;Disabled
429 Too Many Requests;Unknown;No;0;0;2026-05-28;;;0;https://hoanghamobile.com/laptop/macbook-pro-m4-max-14-inch-36gb-1tb;Disabled
429 Too Many Requests;Unknown;No;0;0;2026-05-28;;;0;https://hoanghamobile.com/laptop/macbook-pro-m4-max-16-inch-48gb-1tb;Disabled
429 Too Many Requests;Unknown;No;0;0;2026-05-28;;;0;https://hoanghamobile.com/laptop/macbook-pro-m4-pro-16-inch-24gb-512gb;Disabled
429 Too Many Requests;Unknown;No;0;0;2026-05-28;;;0;https://hoanghamobile.com/laptop/macbook-pro-m4-pro-16-inch-48gb-512gb;Disabled
429 Too Many Requests;Unknown;No;0;0;2026-05-28;;;0;https://hoanghamobile.com/may-tinh-bang/ipad-air-6-m2-11-5G-128gb;Disabled
429 Too Many Requests;Unknown;No;0;0;2026-05-28;;;0;https://hoanghamobile.com/may-tinh-bang/ipad-air-6-m2-11-5G-256gb;Disabled
429 Too Many Requests;Unknown;No;0;0;2026-05-28;;;0;https://hoanghamobile.com/may-tinh-bang/ipad-air-6-m2-11-5g-512gb;Disabled
429 Too Many Requests;Unknown;No;0;0;2026-05-28;;;0;https://hoanghamobile.com/may-tinh-bang/ipad-air-6-m2-11-wifi-128gb;Disabled
429 Too Many Requests;Unknown;No;0;0;2026-05-28;;;0;https://hoanghamobile.com/may-tinh-bang/ipad-air-6-m2-11-wifi-256gb;Disabled
429 Too Many Requests;Unknown;No;0;0;2026-05-28;;;0;https://hoanghamobile.com/may-tinh-bang/ipad-air-6-m2-11-wifi-512gb;Disabled
429 Too Many Requests;Unknown;No;0;0;2026-05-28;;;0;https://hoanghamobile.com/may-tinh-bang/ipad-air-6-m2-13-5G-128gb;Disabled
MacBook Pro 14 inch M4 Pro 12CPU 16GPU 24GB/512GB - Chính hãng Apple Việt Nam;Bạc;Yes;49990000;46890000;2026-05-28;"1
Ưu đãi giảm tới 5% tối đa 100k khi mua AirPods kèm iPhone/iPad/MacBook (Khám phá ngay)
2
Ưu đãi giảm tới 3% tối đa 200k khi mua Apple Watch kèm iPhone/iPad/MacBook (Khám phá ngay)
3
Ưu đãi giảm 5% tối đa 300k khi mua AirPods + Apple Watch kèm iPhone/iPad/MacBook (Khám phá ngay)
4
Tặng Voucher giảm ngay 10%, tối đa 200.000đ cho khách hàng mua sản phẩm vào ngày sinh nhật (Khám phá ngay)
5
Ưu đãi mua dán màn hình kèm máy Điện thoại/Máy tính bảng/Laptop/Đồng hồ giảm 10% (Khám phá ngay)
6
Nhận báo giá tốt nhất cho khách hàng doanh nghiệp B2B khi mua số lượng lớn (Khám phá ngay)";"Mở thẻ VPBank - giảm tới 500k, trả góp 0%, 0 phí lên đến 6 tháng
Trả góp 0% Lãi suất - Kỳ hạn lên đến 12 tháng qua thẻ VIB
Mở thẻ Max Card nhận loạt đặc quyền - Hoàn tiền lên đến 18 triệu đồng
Trả góp 4 không, duyệt nhanh 10 phút, kỳ hạn tới 12 tháng với công ty tài chính/thẻ tín dụng
An tâm sử dụng sản phẩm dài lâu với gói bảo hành mở rộng H-Care (LH 1900.2091)
Giảm 5% tối đa 500k khi thanh toán qua Spaylater
TPBank Evo - Giảm đến 500.000đ, trả góp 0%, 0 phí lên đến 12 tháng
Giảm 1% tối đa 300.000đ khi thanh toán qua ZaloPay
Giảm tới 500.000đ khi thanh toán qua Homepaylater";0;https://hoanghamobile.com/laptop/macbook-pro-m4-pro-14-inch-24gb-512gb;Disabled
429 Too Many Requests;Unknown;No;0;0;2026-05-28;;;0;https://hoanghamobile.com/may-tinh-bang/ipad-air-6-m2-13-5G-256gb;Disabled
429 Too Many Requests;Unknown;No;0;0;2026-05-28;;;0;https://hoanghamobile.com/may-tinh-bang/ipad-air-6-m2-13-5G-512gb;Disabled
429 Too Many Requests;Unknown;No;0;0;2026-05-28;;;0;https://hoanghamobile.com/may-tinh-bang/ipad-air-6-m2-13-wifi-128gb;Disabled
429 Too Many Requests;Unknown;No;0;0;2026-05-28;;;0;https://hoanghamobile.com/may-tinh-bang/ipad-air-6-m2-13-wifi-256gb;Disabled
429 Too Many Requests;Unknown;No;0;0;2026-05-28;;;0;https://hoanghamobile.com/may-tinh-bang/ipad-air-6-m2-13-wifi-512gb;Disabled
429 Too Many Requests;Unknown;No;0;0;2026-05-28;;;0;https://hoanghamobile.com/may-tinh-bang/ipad-air-m3-11-inch-5g-128gb;Disabled
MacBook Pro 14 inch M4 Pro 12CPU 16GPU 24GB/512GB - Chính hãng Apple Việt Nam;Đen;Yes;49990000;46890000;2026-05-28;"1
Ưu đãi giảm tới 5% tối đa 100k khi mua AirPods kèm iPhone/iPad/MacBook (Khám phá ngay)
2
Ưu đãi giảm tới 3% tối đa 200k khi mua Apple Watch kèm iPhone/iPad/MacBook (Khám phá ngay)
3
Ưu đãi giảm 5% tối đa 300k khi mua AirPods + Apple Watch kèm iPhone/iPad/MacBook (Khám phá ngay)
4
Tặng Voucher giảm ngay 10%, tối đa 200.000đ cho khách hàng mua sản phẩm vào ngày sinh nhật (Khám phá ngay)
5
Ưu đãi mua dán màn hình kèm máy Điện thoại/Máy tính bảng/Laptop/Đồng hồ giảm 10% (Khám phá ngay)
6
Nhận báo giá tốt nhất cho khách hàng doanh nghiệp B2B khi mua số lượng lớn (Khám phá ngay)";"Mở thẻ VPBank - giảm tới 500k, trả góp 0%, 0 phí lên đến 6 tháng
Trả góp 0% Lãi suất - Kỳ hạn lên đến 12 tháng qua thẻ VIB
Mở thẻ Max Card nhận loạt đặc quyền - Hoàn tiền lên đến 18 triệu đồng
Trả góp 4 không, duyệt nhanh 10 phút, kỳ hạn tới 12 tháng với công ty tài chính/thẻ tín dụng
An tâm sử dụng sản phẩm dài lâu với gói bảo hành mở rộng H-Care (LH 1900.2091)
Giảm 5% tối đa 500k khi thanh toán qua Spaylater
TPBank Evo - Giảm đến 500.000đ, trả góp 0%, 0 phí lên đến 12 tháng
Giảm 1% tối đa 300.000đ khi thanh toán qua ZaloPay
Giảm tới 500.000đ khi thanh toán qua Homepaylater";0;https://hoanghamobile.com/laptop/macbook-pro-m4-pro-14-inch-24gb-512gb;Disabled
429 Too Many Requests;Unknown;No;0;0;2026-05-28;;;0;https://hoanghamobile.com/may-tinh-bang/ipad-air-m3-11-inch-5g-256gb;Disabled
429 Too Many Requests;Unknown;No;0;0;2026-05-28;;;0;https://hoanghamobile.com/may-tinh-bang/ipad-air-m3-11-inch-5g-512gb;Disabled
429 Too Many Requests;Unknown;No;0;0;2026-05-28;;;0;https://hoanghamobile.com/may-tinh-bang/ipad-air-m3-11-inch-wifi-128gb;Disabled
429 Too Many Requests;Unknown;No;0;0;2026-05-28;;;0;https://hoanghamobile.com/may-tinh-bang/ipad-air-m3-11-inch-wifi-512gb;Disabled
429 Too Many Requests;Unknown;No;0;0;2026-05-28;;;0;https://hoanghamobile.com/may-tinh-bang/ipad-air-m3-13-inch-5g-256gb;Disabled
429 Too Many Requests;Unknown;No;0;0;2026-05-28;;;0;https://hoanghamobile.com/may-tinh-bang/ipad-air-m3-13-inch-5g-512gb;Disabled
429 Too Many Requests;Unknown;No;0;0;2026-05-28;;;0;https://hoanghamobile.com/may-tinh-bang/ipad-air-m3-13-inch-wifi-128gb;Disabled
429 Too Many Requests;Unknown;No;0;0;2026-05-28;;;0;https://hoanghamobile.com/may-tinh-bang/ipad-air-m3-13-inch-5g-128gb;Disabled
429 Too Many Requests;Unknown;No;0;0;2026-05-28;;;0;https://hoanghamobile.com/may-tinh-bang/ipad-air-m3-13-inch-wifi-256gb;Disabled
429 Too Many Requests;Unknown;No;0;0;2026-05-28;;;0;https://hoanghamobile.com/may-tinh-bang/ipad-air-m3-13-inch-wifi-512gb;Disabled
429 Too Many Requests;Unknown;No;0;0;2026-05-28;;;0;https://hoanghamobile.com/may-tinh-bang/ipad-gen-11-11-inch-5g-128gb;Disabled
iPad Air M3 11 inch Wifi (256GB) - Chính hãng Apple Việt Nam;Xanh Dương;No;19490000;17990000;2026-05-28;"1
Giảm 100.000đ khi mua bút cảm ứng hãng ESR và ZAGG kèm iPad
2
Giảm 150.000đ khi mua Bao da kèm bàn phím hãng ESR và ZAGG kèm iPad
3
Ưu đãi giảm tới 5% tối đa 100k khi mua AirPods kèm iPhone/iPad/MacBook (Khám phá ngay)
4
Ưu đãi giảm tới 3% tối đa 200k khi mua Apple Watch kèm iPhone/iPad/MacBook (Khám phá ngay)
5
Ưu đãi giảm 5% tối đa 300k khi mua AirPods + Apple Watch kèm iPhone/iPad/MacBook (Khám phá ngay)
6
Tặng Voucher giảm ngay 10%, tối đa 200.000đ cho khách hàng mua sản phẩm vào ngày sinh nhật (Khám phá ngay)
7
Ưu đãi mua dán màn hình kèm máy Điện thoại/Máy tính bảng/Laptop/Đồng hồ giảm 10% (Khám phá ngay)
8
Giảm ngay 50.000đ khi mua gói cước di động Mobifone, Vnsky lên tới 6GB data/ngày - Trải nghiệm 5G chỉ 99k/tháng (Khám phá ngay)
9
Nhận báo giá tốt nhất cho khách hàng doanh nghiệp B2B khi mua số lượng lớn (Khám phá ngay)";"Mở thẻ VPBank - giảm tới 500k, trả góp 0%, 0 phí lên đến 6 tháng
Trả góp 0% Lãi suất - Kỳ hạn lên đến 12 tháng qua thẻ VIB
Mở thẻ Max Card nhận loạt đặc quyền - Hoàn tiền lên đến 18 triệu đồng
Trả góp 4 không, duyệt nhanh 10 phút, kỳ hạn tới 12 tháng với công ty tài chính/thẻ tín dụng
An tâm sử dụng sản phẩm dài lâu với gói bảo hành mở rộng H-Care (LH 1900.2091)
Giảm 5% tối đa 500k khi thanh toán qua Spaylater
TPBank Evo - Giảm đến 500.000đ, trả góp 0%, 0 phí lên đến 12 tháng
Giảm 1% tối đa 300.000đ khi thanh toán qua ZaloPay
Giảm tới 500.000đ khi thanh toán qua Homepaylater";0;https://hoanghamobile.com/may-tinh-bang/ipad-air-m3-11-inch-wifi-256gb;Disabled
429 Too Many Requests;Unknown;No;0;0;2026-05-28;;;0;https://hoanghamobile.com/may-tinh-bang/ipad-gen-11-11-inch-5g-256gb;Disabled
429 Too Many Requests;Unknown;No;0;0;2026-05-28;;;0;https://hoanghamobile.com/may-tinh-bang/ipad-gen-11-11-inch-5g-512gb;Disabled
429 Too Many Requests;Unknown;No;0;0;2026-05-28;;;0;https://hoanghamobile.com/may-tinh-bang/ipad-gen-11-11-inch-wifi-128gb;Disabled
429 Too Many Requests;Unknown;No;0;0;2026-05-28;;;0;https://hoanghamobile.com/may-tinh-bang/ipad-gen-11-11-inch-wifi-256gb;Disabled
429 Too Many Requests;Unknown;No;0;0;2026-05-28;;;0;https://hoanghamobile.com/may-tinh-bang/ipad-gen-11-11-inch-wifi-512gb;Disabled
429 Too Many Requests;Unknown;No;0;0;2026-05-28;;;0;https://hoanghamobile.com/may-tinh-bang/ipad-mini-7-wifi-128gb;Disabled
iPad Air M3 11 inch Wifi (256GB) - Chính hãng Apple Việt Nam;Tím;No;19490000;17990000;2026-05-28;"1
Giảm 100.000đ khi mua bút cảm ứng hãng ESR và ZAGG kèm iPad
2
Giảm 150.000đ khi mua Bao da kèm bàn phím hãng ESR và ZAGG kèm iPad
3
Ưu đãi giảm tới 5% tối đa 100k khi mua AirPods kèm iPhone/iPad/MacBook (Khám phá ngay)
4
Ưu đãi giảm tới 3% tối đa 200k khi mua Apple Watch kèm iPhone/iPad/MacBook (Khám phá ngay)
5
Ưu đãi giảm 5% tối đa 300k khi mua AirPods + Apple Watch kèm iPhone/iPad/MacBook (Khám phá ngay)
6
Tặng Voucher giảm ngay 10%, tối đa 200.000đ cho khách hàng mua sản phẩm vào ngày sinh nhật (Khám phá ngay)
7
Ưu đãi mua dán màn hình kèm máy Điện thoại/Máy tính bảng/Laptop/Đồng hồ giảm 10% (Khám phá ngay)
8
Giảm ngay 50.000đ khi mua gói cước di động Mobifone, Vnsky lên tới 6GB data/ngày - Trải nghiệm 5G chỉ 99k/tháng (Khám phá ngay)
9
Nhận báo giá tốt nhất cho khách hàng doanh nghiệp B2B khi mua số lượng lớn (Khám phá ngay)";"Mở thẻ VPBank - giảm tới 500k, trả góp 0%, 0 phí lên đến 6 tháng
Trả góp 0% Lãi suất - Kỳ hạn lên đến 12 tháng qua thẻ VIB
Mở thẻ Max Card nhận loạt đặc quyền - Hoàn tiền lên đến 18 triệu đồng
Trả góp 4 không, duyệt nhanh 10 phút, kỳ hạn tới 12 tháng với công ty tài chính/thẻ tín dụng
An tâm sử dụng sản phẩm dài lâu với gói bảo hành mở rộng H-Care (LH 1900.2091)
Giảm 5% tối đa 500k khi thanh toán qua Spaylater
TPBank Evo - Giảm đến 500.000đ, trả góp 0%, 0 phí lên đến 12 tháng
Giảm 1% tối đa 300.000đ khi thanh toán qua ZaloPay
Giảm tới 500.000đ khi thanh toán qua Homepaylater";0;https://hoanghamobile.com/may-tinh-bang/ipad-air-m3-11-inch-wifi-256gb;Disabled
429 Too Many Requests;Unknown;No;0;0;2026-05-28;;;0;https://hoanghamobile.com/may-tinh-bang/ipad-mini-7-wifi-256gb;Disabled
429 Too Many Requests;Unknown;No;0;0;2026-05-28;;;0;https://hoanghamobile.com/may-tinh-bang/ipad-mini-7-wifi-cellular-128gb;Disabled
429 Too Many Requests;Unknown;No;0;0;2026-05-28;;;0;https://hoanghamobile.com/may-tinh-bang/ipad-mini-7-wifi-cellular-256gb;Disabled
iPad Air M3 11 inch Wifi (256GB) - Chính hãng Apple Việt Nam;Ánh Sao;No;19490000;17990000;2026-05-28;"1
Giảm 100.000đ khi mua bút cảm ứng hãng ESR và ZAGG kèm iPad
2
Giảm 150.000đ khi mua Bao da kèm bàn phím hãng ESR và ZAGG kèm iPad
3
Ưu đãi giảm tới 5% tối đa 100k khi mua AirPods kèm iPhone/iPad/MacBook (Khám phá ngay)
4
Ưu đãi giảm tới 3% tối đa 200k khi mua Apple Watch kèm iPhone/iPad/MacBook (Khám phá ngay)
5
Ưu đãi giảm 5% tối đa 300k khi mua AirPods + Apple Watch kèm iPhone/iPad/MacBook (Khám phá ngay)
6
Tặng Voucher giảm ngay 10%, tối đa 200.000đ cho khách hàng mua sản phẩm vào ngày sinh nhật (Khám phá ngay)
7
Ưu đãi mua dán màn hình kèm máy Điện thoại/Máy tính bảng/Laptop/Đồng hồ giảm 10% (Khám phá ngay)
8
Giảm ngay 50.000đ khi mua gói cước di động Mobifone, Vnsky lên tới 6GB data/ngày - Trải nghiệm 5G chỉ 99k/tháng (Khám phá ngay)
9
Nhận báo giá tốt nhất cho khách hàng doanh nghiệp B2B khi mua số lượng lớn (Khám phá ngay)";"Mở thẻ VPBank - giảm tới 500k, trả góp 0%, 0 phí lên đến 6 tháng
Trả góp 0% Lãi suất - Kỳ hạn lên đến 12 tháng qua thẻ VIB
Mở thẻ Max Card nhận loạt đặc quyền - Hoàn tiền lên đến 18 triệu đồng
Trả góp 4 không, duyệt nhanh 10 phút, kỳ hạn tới 12 tháng với công ty tài chính/thẻ tín dụng
An tâm sử dụng sản phẩm dài lâu với gói bảo hành mở rộng H-Care (LH 1900.2091)
Giảm 5% tối đa 500k khi thanh toán qua Spaylater
TPBank Evo - Giảm đến 500.000đ, trả góp 0%, 0 phí lên đến 12 tháng
Giảm 1% tối đa 300.000đ khi thanh toán qua ZaloPay
Giảm tới 500.000đ khi thanh toán qua Homepaylater";0;https://hoanghamobile.com/may-tinh-bang/ipad-air-m3-11-inch-wifi-256gb;Disabled
429 Too Many Requests;Unknown;No;0;0;2026-05-28;;;0;https://hoanghamobile.com/may-tinh-bang/ipad-pro-m4-11-5G-256gb;Disabled
429 Too Many Requests;Unknown;No;0;0;2026-05-28;;;0;https://hoanghamobile.com/may-tinh-bang/ipad-pro-m4-11-5G-512GB;Disabled
429 Too Many Requests;Unknown;No;0;0;2026-05-28;;;0;https://hoanghamobile.com/may-tinh-bang/ipad-pro-m4-11-wifi-256gb;Disabled
429 Too Many Requests;Unknown;No;0;0;2026-05-28;;;0;https://hoanghamobile.com/may-tinh-bang/ipad-pro-m4-11-wifi-512gb;Disabled
iPad Air M3 11 inch Wifi (256GB) - Chính hãng Apple Việt Nam;Xám;No;19490000;17990000;2026-05-28;"1
Giảm 100.000đ khi mua bút cảm ứng hãng ESR và ZAGG kèm iPad
2
Giảm 150.000đ khi mua Bao da kèm bàn phím hãng ESR và ZAGG kèm iPad
3
Ưu đãi giảm tới 5% tối đa 100k khi mua AirPods kèm iPhone/iPad/MacBook (Khám phá ngay)
4
Ưu đãi giảm tới 3% tối đa 200k khi mua Apple Watch kèm iPhone/iPad/MacBook (Khám phá ngay)
5
Ưu đãi giảm 5% tối đa 300k khi mua AirPods + Apple Watch kèm iPhone/iPad/MacBook (Khám phá ngay)
6
Tặng Voucher giảm ngay 10%, tối đa 200.000đ cho khách hàng mua sản phẩm vào ngày sinh nhật (Khám phá ngay)
7
Ưu đãi mua dán màn hình kèm máy Điện thoại/Máy tính bảng/Laptop/Đồng hồ giảm 10% (Khám phá ngay)
8
Giảm ngay 50.000đ khi mua gói cước di động Mobifone, Vnsky lên tới 6GB data/ngày - Trải nghiệm 5G chỉ 99k/tháng (Khám phá ngay)
9
Nhận báo giá tốt nhất cho khách hàng doanh nghiệp B2B khi mua số lượng lớn (Khám phá ngay)";"Mở thẻ VPBank - giảm tới 500k, trả góp 0%, 0 phí lên đến 6 tháng
Trả góp 0% Lãi suất - Kỳ hạn lên đến 12 tháng qua thẻ VIB
Mở thẻ Max Card nhận loạt đặc quyền - Hoàn tiền lên đến 18 triệu đồng
Trả góp 4 không, duyệt nhanh 10 phút, kỳ hạn tới 12 tháng với công ty tài chính/thẻ tín dụng
An tâm sử dụng sản phẩm dài lâu với gói bảo hành mở rộng H-Care (LH 1900.2091)
Giảm 5% tối đa 500k khi thanh toán qua Spaylater
TPBank Evo - Giảm đến 500.000đ, trả góp 0%, 0 phí lên đến 12 tháng
Giảm 1% tối đa 300.000đ khi thanh toán qua ZaloPay
Giảm tới 500.000đ khi thanh toán qua Homepaylater";0;https://hoanghamobile.com/may-tinh-bang/ipad-air-m3-11-inch-wifi-256gb;Disabled
429 Too Many Requests;Unknown;No;0;0;2026-05-28;;;0;https://hoanghamobile.com/may-tinh-bang/ipad-pro-m4-13-5G-512gb;Disabled
429 Too Many Requests;Unknown;No;0;0;2026-05-28;;;0;https://hoanghamobile.com/may-tinh-bang/ipad-pro-m4-13-5G-256gb;Disabled
429 Too Many Requests;Unknown;No;0;0;2026-05-28;;;0;https://hoanghamobile.com/may-tinh-bang/ipad-pro-m4-13-wifi-256gb;Disabled
429 Too Many Requests;Unknown;No;0;0;2026-05-28;;;0;https://hoanghamobile.com/may-tinh-bang/ipad-pro-m4-13-wifi-512gb;Disabled
429 Too Many Requests;Unknown;No;0;0;2026-05-28;;;0;https://hoanghamobile.com/may-tinh-bang/ipad-pro-m5-11-inch-5g-256gb-chinh-hang-apple-viet-nam;Disabled
429 Too Many Requests;Unknown;No;0;0;2026-05-28;;;0;https://hoanghamobile.com/may-tinh-bang/ipad-pro-m5-11-inch-5g-512gb-chinh-hang-apple-viet-nam;Disabled
429 Too Many Requests;Unknown;No;0;0;2026-05-28;;;0;https://hoanghamobile.com/may-tinh-bang/ipad-pro-m5-13-inch-5g-256gb-chinh-hang-apple-viet-nam;Disabled
429 Too Many Requests;Unknown;No;0;0;2026-05-28;;;0;https://hoanghamobile.com/may-tinh-bang/ipad-pro-m5-13-inch-5g-512gb-chinh-hang-apple-viet-nam;Disabled
429 Too Many Requests;Unknown;No;0;0;2026-05-28;;;0;https://hoanghamobile.com/may-tinh-bang/ipad-pro-m5-13-inch-wifi-256gb-chinh-hang-apple-viet-nam;Disabled
429 Too Many Requests;Unknown;No;0;0;2026-05-28;;;0;https://hoanghamobile.com/may-tinh-bang/ipad-pro-m5-13-inch-wifi-512gb-chinh-hang-apple-viet-nam;Disabled
429 Too Many Requests;Unknown;No;0;0;2026-05-28;;;0;https://hoanghamobile.com/pc/apple-imac-2021-m1-24-512gb-chinh-hang-apple-viet-nam;Disabled
429 Too Many Requests;Unknown;No;0;0;2026-05-28;;;0;https://hoanghamobile.com/pc/imac-m4-24-inch-8cpu-8gpu-16gb-256gb;Disabled
Máy tính bảng iPad Pro M5 11 inch Wi-Fi (256GB) - Chính hãng Apple Việt Nam;Đen Không Gian;Yes;29990000;28990000;2026-05-28;"1
Giảm 100.000đ khi mua bút cảm ứng hãng ESR và ZAGG kèm iPad
2
Giảm 150.000đ khi mua Bao da kèm bàn phím hãng ESR và ZAGG kèm iPad
3
Ưu đãi giảm tới 5% tối đa 100k khi mua AirPods kèm iPhone/iPad/MacBook (Khám phá ngay)
4
Ưu đãi giảm tới 3% tối đa 200k khi mua Apple Watch kèm iPhone/iPad/MacBook (Khám phá ngay)
5
Ưu đãi giảm 5% tối đa 300k khi mua AirPods + Apple Watch kèm iPhone/iPad/MacBook (Khám phá ngay)
6
Tặng Voucher giảm ngay 10%, tối đa 200.000đ cho khách hàng mua sản phẩm vào ngày sinh nhật (Khám phá ngay)
7
Ưu đãi mua dán màn hình kèm máy Điện thoại/Máy tính bảng/Laptop/Đồng hồ giảm 10% (Khám phá ngay)
8
Nhận báo giá tốt nhất cho khách hàng doanh nghiệp B2B khi mua số lượng lớn (Khám phá ngay)";"Mở thẻ VPBank - giảm tới 500k, trả góp 0%, 0 phí lên đến 6 tháng
Trả góp 0% Lãi suất - Kỳ hạn lên đến 12 tháng qua thẻ VIB
Mở thẻ Max Card nhận loạt đặc quyền - Hoàn tiền lên đến 18 triệu đồng
Trả góp 4 không, duyệt nhanh 10 phút, kỳ hạn tới 12 tháng với công ty tài chính/thẻ tín dụng
An tâm sử dụng sản phẩm dài lâu với gói bảo hành mở rộng H-Care (LH 1900.2091)
Giảm 5% tối đa 500k khi thanh toán qua Spaylater
TPBank Evo - Giảm đến 500.000đ, trả góp 0%, 0 phí lên đến 12 tháng
Giảm 1% tối đa 300.000đ khi thanh toán qua ZaloPay
Giảm tới 500.000đ khi thanh toán qua Homepaylater";0;https://hoanghamobile.com/may-tinh-bang/ipad-pro-m5-11-inch-wifi-256gb-chinh-hang-apple-viet-nam;Disabled
Máy tính bảng iPad Pro M5 11 inch Wifi (512GB) - Chính hãng Apple Việt Nam;Đen Không Gian;No;35590000;34490000;2026-05-28;"1
Giảm 100.000đ khi mua bút cảm ứng hãng ESR và ZAGG kèm iPad
2
Giảm 150.000đ khi mua Bao da kèm bàn phím hãng ESR và ZAGG kèm iPad
3
Ưu đãi giảm tới 5% tối đa 100k khi mua AirPods kèm iPhone/iPad/MacBook (Khám phá ngay)
4
Ưu đãi giảm tới 3% tối đa 200k khi mua Apple Watch kèm iPhone/iPad/MacBook (Khám phá ngay)
5
Ưu đãi giảm 5% tối đa 300k khi mua AirPods + Apple Watch kèm iPhone/iPad/MacBook (Khám phá ngay)
6
Tặng Voucher giảm ngay 10%, tối đa 200.000đ cho khách hàng mua sản phẩm vào ngày sinh nhật (Khám phá ngay)
7
Ưu đãi mua dán màn hình kèm máy Điện thoại/Máy tính bảng/Laptop/Đồng hồ giảm 10% (Khám phá ngay)
8
Nhận báo giá tốt nhất cho khách hàng doanh nghiệp B2B khi mua số lượng lớn (Khám phá ngay)";"Mở thẻ VPBank - giảm tới 500k, trả góp 0%, 0 phí lên đến 6 tháng
Trả góp 0% Lãi suất - Kỳ hạn lên đến 12 tháng qua thẻ VIB
Mở thẻ Max Card nhận loạt đặc quyền - Hoàn tiền lên đến 18 triệu đồng
Trả góp 4 không, duyệt nhanh 10 phút, kỳ hạn tới 12 tháng với công ty tài chính/thẻ tín dụng
An tâm sử dụng sản phẩm dài lâu với gói bảo hành mở rộng H-Care (LH 1900.2091)
Giảm 5% tối đa 500k khi thanh toán qua Spaylater
TPBank Evo - Giảm đến 500.000đ, trả góp 0%, 0 phí lên đến 12 tháng
Giảm 1% tối đa 300.000đ khi thanh toán qua ZaloPay
Giảm tới 500.000đ khi thanh toán qua Homepaylater";0;https://hoanghamobile.com/may-tinh-bang/ipad-pro-m5-11-inch-wifi-512gb-chinh-hang-apple-viet-nam;Disabled
Máy tính bảng iPad Pro M5 11 inch Wi-Fi (256GB) - Chính hãng Apple Việt Nam;Bạc;Yes;29990000;28990000;2026-05-28;"1
Giảm 100.000đ khi mua bút cảm ứng hãng ESR và ZAGG kèm iPad
2
Giảm 150.000đ khi mua Bao da kèm bàn phím hãng ESR và ZAGG kèm iPad
3
Ưu đãi giảm tới 5% tối đa 100k khi mua AirPods kèm iPhone/iPad/MacBook (Khám phá ngay)
4
Ưu đãi giảm tới 3% tối đa 200k khi mua Apple Watch kèm iPhone/iPad/MacBook (Khám phá ngay)
5
Ưu đãi giảm 5% tối đa 300k khi mua AirPods + Apple Watch kèm iPhone/iPad/MacBook (Khám phá ngay)
6
Tặng Voucher giảm ngay 10%, tối đa 200.000đ cho khách hàng mua sản phẩm vào ngày sinh nhật (Khám phá ngay)
7
Ưu đãi mua dán màn hình kèm máy Điện thoại/Máy tính bảng/Laptop/Đồng hồ giảm 10% (Khám phá ngay)
8
Nhận báo giá tốt nhất cho khách hàng doanh nghiệp B2B khi mua số lượng lớn (Khám phá ngay)";"Mở thẻ VPBank - giảm tới 500k, trả góp 0%, 0 phí lên đến 6 tháng
Trả góp 0% Lãi suất - Kỳ hạn lên đến 12 tháng qua thẻ VIB
Mở thẻ Max Card nhận loạt đặc quyền - Hoàn tiền lên đến 18 triệu đồng
Trả góp 4 không, duyệt nhanh 10 phút, kỳ hạn tới 12 tháng với công ty tài chính/thẻ tín dụng
An tâm sử dụng sản phẩm dài lâu với gói bảo hành mở rộng H-Care (LH 1900.2091)
Giảm 5% tối đa 500k khi thanh toán qua Spaylater
TPBank Evo - Giảm đến 500.000đ, trả góp 0%, 0 phí lên đến 12 tháng
Giảm 1% tối đa 300.000đ khi thanh toán qua ZaloPay
Giảm tới 500.000đ khi thanh toán qua Homepaylater";0;https://hoanghamobile.com/may-tinh-bang/ipad-pro-m5-11-inch-wifi-256gb-chinh-hang-apple-viet-nam;Disabled
Máy tính bảng iPad Pro M5 11 inch Wifi (512GB) - Chính hãng Apple Việt Nam;Bạc;No;35590000;34490000;2026-05-28;"1
Giảm 100.000đ khi mua bút cảm ứng hãng ESR và ZAGG kèm iPad
2
Giảm 150.000đ khi mua Bao da kèm bàn phím hãng ESR và ZAGG kèm iPad
3
Ưu đãi giảm tới 5% tối đa 100k khi mua AirPods kèm iPhone/iPad/MacBook (Khám phá ngay)
4
Ưu đãi giảm tới 3% tối đa 200k khi mua Apple Watch kèm iPhone/iPad/MacBook (Khám phá ngay)
5
Ưu đãi giảm 5% tối đa 300k khi mua AirPods + Apple Watch kèm iPhone/iPad/MacBook (Khám phá ngay)
6
Tặng Voucher giảm ngay 10%, tối đa 200.000đ cho khách hàng mua sản phẩm vào ngày sinh nhật (Khám phá ngay)
7
Ưu đãi mua dán màn hình kèm máy Điện thoại/Máy tính bảng/Laptop/Đồng hồ giảm 10% (Khám phá ngay)
8
Nhận báo giá tốt nhất cho khách hàng doanh nghiệp B2B khi mua số lượng lớn (Khám phá ngay)";"Mở thẻ VPBank - giảm tới 500k, trả góp 0%, 0 phí lên đến 6 tháng
Trả góp 0% Lãi suất - Kỳ hạn lên đến 12 tháng qua thẻ VIB
Mở thẻ Max Card nhận loạt đặc quyền - Hoàn tiền lên đến 18 triệu đồng
Trả góp 4 không, duyệt nhanh 10 phút, kỳ hạn tới 12 tháng với công ty tài chính/thẻ tín dụng
An tâm sử dụng sản phẩm dài lâu với gói bảo hành mở rộng H-Care (LH 1900.2091)
Giảm 5% tối đa 500k khi thanh toán qua Spaylater
TPBank Evo - Giảm đến 500.000đ, trả góp 0%, 0 phí lên đến 12 tháng
Giảm 1% tối đa 300.000đ khi thanh toán qua ZaloPay
Giảm tới 500.000đ khi thanh toán qua Homepaylater";0;https://hoanghamobile.com/may-tinh-bang/ipad-pro-m5-11-inch-wifi-512gb-chinh-hang-apple-viet-nam;Disabled
