SKU,Days_Tracked,First_Price_Avg,Last_Price_Avg,Change_Pct,Volatility,Min_Price_Seen,Max_Price_Seen
404 - Trang hết hạn truy cập hoặc không tồn tại - Trang hết hạn truy cập hoặc không tồn tại,5,0.0,0.0,0.0,0.0,0.0,0.0
Apple AirPods 4 - Chủ Động Khử Tiếng Ồn - Trắng,8,3810000.0,3570000.0,-6.3,203540.95,2990000.0,4690000.0
Apple AirPods 4 - Trắng,8,3443333.3333333335,3010000.0,-12.58,223708.71,2990000.0,3550000.0
Apple AirPods Pro 2023 USB-C - Trắng,8,5690000.0,5530000.0,-2.81,68549.31,4990000.0,6490000.0
Apple AirPods Pro 3 2025 USB-C - Trắng,8,6156666.666666667,5810000.0,-5.63,141888.48,4990000.0,6790000.0
Apple Watch SE 2024 GPS 40mm Viền Nhôm Dây Cao Su S/M - Bạc,9,7073333.333333333,7190000.0,1.65,623765.69,0.0,9590000.0
Apple Watch SE 2024 GPS 40mm Viền Nhôm Dây Cao Su S/M - Ánh Sao,8,7523333.333333333,6516666.666666667,-13.38,544346.85,4590000.0,12190000.0
Apple Watch SE 2024 GPS 40mm Viền Nhôm Dây Cao Su S/M - Đêm Xanh Thẳm,14,6106666.666666667,7491666.666666667,22.68,1489087.72,0.0,19990000.0
Apple Watch SE 2024 GPS 40mm Viền Nhôm Dây Vải - Bạc,9,6490000.0,6073333.333333333,-6.42,431585.51,4590000.0,9590000.0
Apple Watch SE 2024 GPS 40mm Viền Nhôm Dây Vải - Ánh Sao,8,5523333.333333333,7840000.0,41.94,1395325.53,4590000.0,19990000.0
Apple Watch SE 2024 GPS 40mm Viền Nhôm Dây Vải - Đêm Xanh Thẳm,16,5856666.666666667,6958333.333333333,18.81,1255853.81,0.0,19990000.0
Apple Watch SE 2024 GPS 44mm Viền Nhôm Dây Cao Su S/M - Bạc,11,7356666.666666667,7456666.666666667,1.36,281767.51,5290000.0,12190000.0
Apple Watch SE 2024 GPS 44mm Viền Nhôm Dây Cao Su S/M - Ánh Sao,6,7790000.0,7090000.0,-8.99,322556.91,5290000.0,12190000.0
Apple Watch SE 2024 GPS 44mm Viền Nhôm Dây Cao Su S/M - Đêm Xanh Thẳm,13,7356666.666666667,9440000.0,28.32,1046348.4,0.0,19990000.0
Apple Watch SE 3 GPS + Cellular 40mm Viền nhôm dây cao su - Size M/L,14,5192500.0,7590000.0,46.17,2128305.89,0.0,26490000.0
Apple Watch SE 3 GPS + Cellular 40mm Viền nhôm dây cao su - Size S/M,14,5192500.0,7590000.0,46.17,1636732.98,0.0,19490000.0
Apple Watch SE 3 GPS + Cellular 40mm Viền nhôm dây cao su - Ánh sao,12,9210000.0,8806666.666666666,-4.38,962577.91,4790000.0,19990000.0
Apple Watch SE 3 GPS + Cellular 40mm Viền nhôm dây cao su - Đen,4,6910000.0,9373333.333333334,35.65,1177282.16,0.0,19990000.0
Apple Watch SE 3 GPS + Cellular 44mm Viền nhôm dây cao su - Size M/L,13,8115000.0,10206666.666666666,25.78,1067027.53,6990000.0,19490000.0
Apple Watch SE 3 GPS + Cellular 44mm Viền nhôm dây cao su - Size S/M,14,8240000.0,9673333.333333334,17.39,845699.46,6990000.0,19490000.0
Apple Watch SE 3 GPS + Cellular 44mm Viền nhôm dây cao su - Ánh sao,12,9630000.0,9273333.333333334,-3.7,977831.77,0.0,19990000.0
Apple Watch SE 3 GPS + Cellular 44mm Viền nhôm dây cao su - Đen,5,9910000.0,8025000.0,-19.02,1433948.17,0.0,19990000.0
Apple Watch SE 3 GPS 40mm Viền nhôm dây cao su - Size M/L,16,6740000.0,6340000.0,-5.93,1122412.66,5690000.0,19490000.0
Apple Watch SE 3 GPS 40mm Viền nhôm dây cao su - Size S/M,16,6090000.0,6340000.0,4.11,1147974.04,5590000.0,19490000.0
Apple Watch SE 3 GPS 40mm Viền nhôm dây cao su - Ánh sao,13,8410000.0,8156666.666666667,-3.01,917328.43,4790000.0,19990000.0
Apple Watch SE 3 GPS 40mm Viền nhôm dây cao su - Đen,6,8410000.0,9006666.666666666,7.09,1139781.86,0.0,19990000.0
Apple Watch SE 3 GPS 44mm Viền nhôm dây cao su - Size M/L,9,8190000.0,9673333.333333334,18.11,1367244.54,5690000.0,19490000.0
Apple Watch SE 3 GPS 44mm Viền nhôm dây cao su - Size S/M,9,6940000.0,9140000.0,31.7,1216298.11,5690000.0,19490000.0
Apple Watch SE 3 GPS 44mm Viền nhôm dây cao su - Đen,8,9850000.0,8975000.0,-8.88,703622.19,0.0,19990000.0
Apple Watch SE 3 GPS 44mm Viền nhôm Ánh sao Dây cao su Ánh sao - M/L - Size M/L,5,8190000.0,6990000.0,-14.65,593931.81,6990000.0,10690000.0
Apple Watch SE 3 GPS 44mm Viền nhôm Ánh sao Dây cao su Ánh sao - S/M - Size S/M,5,8190000.0,8140000.0,-0.61,246282.36,6990000.0,10690000.0
Apple Watch SE 3 GPS 44mm Viền nhôm Ánh sao Dây cao su Ánh sao - S/M - Ánh sao,11,7510000.0,9340000.0,24.37,855196.47,6990000.0,19990000.0
Apple Watch Series 10 GPS + Cellular 42mm Viền nhôm Dây cao su cỡ S/M - Bạc,6,8717500.0,12306666.666666666,41.17,1392079.42,0.0,19490000.0
Apple Watch Series 10 GPS + Cellular 42mm Viền nhôm Dây cao su cỡ S/M - Vàng Hồng,6,8717500.0,12206666.666666666,40.02,1294144.98,0.0,19490000.0
Apple Watch Series 10 GPS + Cellular 42mm Viền nhôm Dây cao su cỡ S/M - Đen Bóng,6,8717500.0,12373333.333333334,41.94,1315368.6,0.0,19490000.0
Apple Watch Series 10 GPS + Cellular 46mm Viền nhôm Dây cao su cỡ S/M - Bạc,6,12715000.0,12700000.0,-0.12,1539677.46,0.0,19490000.0
Apple Watch Series 10 GPS + Cellular 46mm Viền nhôm Dây cao su cỡ S/M - Vàng hồng,6,12715000.0,12733333.333333334,0.14,626320.89,9690000.0,19490000.0
Apple Watch Series 10 GPS + Cellular 46mm Viền nhôm Dây cao su cỡ S/M - Đen Bóng,6,9542500.0,10651666.666666666,11.62,742683.66,0.0,19490000.0
Apple Watch Series 10 GPS 46mm Viền nhôm Dây cao su cỡ M/L - Bạc,5,11615000.0,10115000.0,-12.91,750337.46,9490000.0,12190000.0
Apple Watch Series 10 GPS 46mm Viền nhôm Dây cao su cỡ M/L - Đen Bóng,5,11815000.0,10330000.0,-12.57,766050.06,9690000.0,12190000.0
Apple Watch Series 10 GPS 46mm Viền nhôm Dây cao su cỡ S/M - Bạc,6,11540000.0,11666666.666666666,1.1,716620.98,9290000.0,19490000.0
Apple Watch Series 10 GPS 46mm Viền nhôm Dây cao su cỡ S/M - Vàng hồng,6,11865000.0,11910000.0,0.38,743602.16,9690000.0,19490000.0
Apple Watch Series 10 GPS 46mm Viền nhôm Dây cao su cỡ S/M - Đen Bóng,6,11815000.0,11810000.0,-0.04,745811.08,9690000.0,19490000.0
Apple Watch Series 11 GPS + Cellular 42mm Viền nhôm dây cao su - Phớt hồng,10,13102000.0,12490000.0,-4.67,944038.75,0.0,19990000.0
Apple Watch Series 11 GPS + Cellular 42mm Viền nhôm dây cao su - Size S/M,36,12665000.0,11890000.0,-6.12,667946.81,8990000.0,19490000.0
Apple Watch Series 11 GPS + Cellular 42mm Viền nhôm dây cao su - Tím sương khói,10,10750000.0,10241666.666666666,-4.73,1004560.22,0.0,19990000.0
Apple Watch Series 11 GPS + Cellular 42mm Viền nhôm dây cao su - Đen,25,10162000.0,10525000.0,3.57,1275350.61,0.0,19990000.0
Apple Watch Series 11 GPS + Cellular 42mm Viền titan dây Milan - Free size,8,16200000.0,19590000.0,20.93,1754491.68,10250000.0,19790000.0
Apple Watch Series 11 GPS + Cellular 42mm Viền titan dây Milan - Tự nhiên,11,16182000.0,15106666.666666666,-6.65,797937.7,8690000.0,20990000.0
Apple Watch Series 11 GPS + Cellular 42mm Viền titan dây Milan - Vàng,10,16182000.0,15173333.333333334,-6.23,670135.31,8690000.0,20990000.0
Apple Watch Series 11 GPS + Cellular 42mm Viền titan dây Milan - Xám,3,13922000.0,14700000.0,5.59,504224.96,8690000.0,20990000.0
Apple Watch Series 11 GPS + Cellular 46mm Viền nhôm dây cao su - Phớt hồng,6,11222000.0,10625000.0,-5.32,1115570.6,0.0,19990000.0
Apple Watch Series 11 GPS + Cellular 46mm Viền nhôm dây cao su - Size M/L,38,13665000.0,12940000.0,-5.31,819609.8,8990000.0,19490000.0
Apple Watch Series 11 GPS + Cellular 46mm Viền nhôm dây cao su - Size S/M,38,13665000.0,12840000.0,-6.04,1400514.15,0.0,19490000.0
Apple Watch Series 11 GPS + Cellular 46mm Viền nhôm dây cao su - Tím sương khói,10,11334000.0,12673333.333333334,11.82,895497.58,0.0,19990000.0
Apple Watch Series 11 GPS + Cellular 46mm Viền nhôm dây cao su - Đen,26,13282000.0,12673333.333333334,-4.58,1049869.57,0.0,19990000.0
Apple Watch Series 11 GPS + Cellular 46mm Viền titan dây Milan - Size M/L,8,17283333.333333332,19690000.0,13.92,1285764.55,9990000.0,21990000.0
Apple Watch Series 11 GPS + Cellular 46mm Viền titan dây Milan - Size S/M,8,15400000.0,19690000.0,27.86,2266215.6,9690000.0,21990000.0
Apple Watch Series 11 GPS + Cellular 46mm Viền titan dây Milan - Tự nhiên,23,16222000.0,15156666.666666666,-6.57,851191.04,9490000.0,21490000.0
Apple Watch Series 11 GPS + Cellular 46mm Viền titan dây Milan - Vàng,16,15600000.0,15123333.333333334,-3.06,658062.41,9490000.0,21490000.0
Apple Watch Series 11 GPS 42mm Viền nhôm dây cao su - Phớt hồng,9,11822000.0,11656666.666666666,-1.4,899094.3,8690000.0,19990000.0
Apple Watch Series 11 GPS 42mm Viền nhôm dây cao su - Size S/M,40,10965000.0,9290000.0,-15.28,819234.44,8990000.0,19490000.0
Apple Watch Series 11 GPS 42mm Viền nhôm dây cao su - Tím sương khói,15,11530000.0,11240000.0,-2.52,543385.14,8690000.0,19490000.0
Apple Watch Series 11 GPS 42mm Viền nhôm dây cao su - Đen,18,11362000.0,9825000.0,-13.53,840395.62,0.0,19990000.0
Apple Watch Series 11 GPS 46mm Viền nhôm dây cao su - Phớt hồng,9,12042000.0,11706666.666666666,-2.78,811561.25,9490000.0,19490000.0
Apple Watch Series 11 GPS 46mm Viền nhôm dây cao su - Size M/L,39,12090000.0,9940000.0,-17.78,896996.29,8990000.0,19490000.0
Apple Watch Series 11 GPS 46mm Viền nhôm dây cao su - Size S/M,39,12065000.0,9640000.0,-20.1,936139.99,8990000.0,19490000.0
Apple Watch Series 11 GPS 46mm Viền nhôm dây cao su - Tím sương khói,11,12042000.0,11540000.0,-4.17,558291.96,9490000.0,19490000.0
Apple Watch Series 11 GPS 46mm Viền nhôm dây cao su - Đen,25,11562000.0,10008333.333333334,-13.44,849630.27,0.0,19490000.0
Apple Watch Ultra 3 GPS + Cellular 49mm Viền titan Dây Ocean - Free size,6,20240000.0,23190000.0,14.58,1540875.17,9190000.0,23490000.0
Apple Watch Ultra 3 GPS + Cellular 49mm Viền titan Dây Ocean - Đen,16,19450000.0,19956666.666666668,2.6,265068.04,5890000.0,23290000.0
Apple Watch Ultra 3 GPS + Cellular 49mm Viền titan Dây quấn Alpine - Size L,3,20440000.0,23190000.0,13.45,1597422.69,10390000.0,23490000.0
Apple Watch Ultra 3 GPS + Cellular 49mm Viền titan Dây quấn Alpine - Size M,6,20240000.0,23190000.0,14.58,1540875.17,9190000.0,23490000.0
Apple Watch Ultra 3 GPS + Cellular 49mm Viền titan Dây quấn Alpine - Size S,6,20273333.333333332,23190000.0,14.39,1523665.17,9190000.0,23490000.0
Apple Watch Ultra 3 GPS + Cellular 49mm Viền titan Dây quấn Alpine - Đen,17,20110000.0,20490000.0,1.89,205302.86,8990000.0,24990000.0
Apple Watch Ultra 3 GPS + Cellular 49mm Viền titan Dây quấn Milan Titan - Size L,5,21856666.666666668,26640000.0,21.89,2496959.26,10390000.0,26990000.0
Apple Watch Ultra 3 GPS + Cellular 49mm Viền titan Dây quấn Milan Titan - Size M,5,21856666.666666668,26290000.0,20.28,2434360.51,10390000.0,26490000.0
Apple Watch Ultra 3 GPS + Cellular 49mm Viền titan Dây quấn Milan Titan - Size S,5,21690000.0,26290000.0,21.21,2531841.67,9190000.0,26490000.0
Apple Watch Ultra 3 GPS + Cellular 49mm Viền titan Dây quấn Milan Titan - Titan,11,20662000.0,19873333.333333332,-3.82,676010.85,9990000.0,26290000.0
Apple Watch Ultra 3 GPS + Cellular 49mm Viền titan Dây quấn Milan Titan - Đen,17,22162000.0,21673333.333333332,-2.2,421136.48,9990000.0,26290000.0
MacBook Air 13 M3 2024 8CPU/8GPU/16GB/256GB - Bạc,8,17742500.0,24550000.0,38.37,4005433.03,0.0,29990000.0
MacBook Air 13 M3 2024 8CPU/8GPU/16GB/256GB - Vàng,8,23740000.0,24573333.333333332,3.51,1158983.8,19490000.0,29990000.0
MacBook Air 13 M3 2024 8CPU/8GPU/16GB/256GB - Xanh Đen,8,20990000.0,23200000.0,10.53,1499320.96,19350000.0,29990000.0
MacBook Air 13 M3 2024 8CPU/8GPU/16GB/256GB - Xám,8,26040000.0,25666666.666666668,-1.43,993463.41,19350000.0,34490000.0
MacBook Air 15 inch M2 2023 8CPU 10GPU 8GB/256GB - Bạc,8,17742500.0,23683333.333333332,33.48,3714029.62,0.0,29990000.0
MacBook Air 15 inch M2 2023 8CPU 10GPU 8GB/256GB - Vàng,8,22865000.0,22906666.666666668,0.18,938179.07,19490000.0,29990000.0
MacBook Air 15 inch M2 2023 8CPU 10GPU 8GB/256GB - Xanh dương,8,22590000.0,22700000.0,0.49,929577.15,19350000.0,29990000.0
MacBook Air 15 inch M2 2023 8CPU 10GPU 8GB/256GB - Xám,8,16342500.0,17618333.333333332,7.81,2287301.61,0.0,29990000.0
MacBook Air 15 inch M2 2023 8CPU 10GPU/8GB/512GB/Sạc 70W - Vàng,6,27573333.333333332,28990000.0,5.14,4878698.01,0.0,37890000.0
MacBook Air 15 inch M2 2023 8CPU 10GPU/8GB/512GB/Sạc 70W - Xanh dương,15,29756666.666666668,27706666.666666668,-6.89,2501658.41,0.0,39490000.0
MacBook Pro 14 2023 M3 Pro 12 CPU/18 GPU/18GB/1TB - Bạc,7,47273333.333333336,41790000.0,-11.6,3374458.77,18590000.0,56990000.0
MacBook Pro 14 2023 M3 Pro 12 CPU/18 GPU/18GB/1TB - Đen,14,49870000.0,55790000.0,11.87,4467637.95,18590000.0,79090000.0
MacBook Pro 14 M4 Pro 2024 12CPU/16GPU/24GB/512GB - Bạc,7,51323333.333333336,53790000.0,4.81,4962922.05,23990000.0,79090000.0
MacBook Pro 14 M4 Pro 2024 12CPU/16GPU/24GB/512GB - Unknown,3,43923333.333333336,47640000.0,8.46,2023831.17,24590000.0,54990000.0
MacBook Pro 14 M4 Pro 2024 12CPU/16GPU/24GB/512GB - Đen,11,50806666.666666664,50090000.0,-1.41,3695860.47,19190000.0,63990000.0
MacBook Pro 16 M4 Max 2024 16CPU/40GPU/48GB/1TB - Bạc,8,75223333.33333333,64873333.333333336,-13.76,10160845.08,13990000.0,103690000.0
MacBook Pro 16 M4 Max 2024 16CPU/40GPU/48GB/1TB - Xanh Đen,7,67250000.0,72140000.0,7.27,9274711.51,18890000.0,103690000.0
"MacBook Pro M4 Max 16 inch 48GB/1TB | Chính hãng Apple, ưu đãi hấp dẫn - Xanh Đen",4,69230000.0,74356666.66666667,7.41,2563333.33,37490000.0,103690000.0
Macbook Air 13 M2 2024 8CPU/8GPU/16GB/256GB - Bạc,14,25090000.0,24673333.333333332,-1.66,888595.53,18890000.0,34490000.0
Macbook Air 13 M2 2024 8CPU/8GPU/16GB/256GB - Vàng,12,21265000.0,24022000.0,12.96,1774856.38,19250000.0,34490000.0
Macbook Air 13 M2 2024 8CPU/8GPU/16GB/256GB - Xanh Đen,18,21215000.0,22673333.333333332,6.87,1202544.14,15690000.0,29990000.0
Macbook Air 13 M2 2024 8CPU/8GPU/16GB/256GB - Xám,14,22990000.0,22140000.0,-3.7,1207952.01,18890000.0,29990000.0
Macbook Air 13 M4 2025 10CPU/10GPU/16GB/512GB - Bạc,6,34206666.666666664,30873333.333333332,-9.74,1593438.51,18890000.0,44590000.0
Macbook Air 13 M4 2025 10CPU/10GPU/16GB/512GB - Xanh Da Trời,14,31990000.0,30856666.666666668,-3.54,1416132.96,0.0,39490000.0
Macbook Air 13 M4 2025 10CPU/10GPU/16GB/512GB - Ánh Sao,6,33910000.0,27230000.0,-19.7,2750852.16,0.0,39490000.0
Macbook Air 13 M4 2025 10CPU/10GPU/16GB/512GB - Đêm Xanh Thẳm,6,30740000.0,30290000.0,-1.46,1813997.02,15690000.0,39490000.0
Macbook Air 13 M4 2025 10CPU/10GPU/24GB/512GB - Bạc,7,35723333.333333336,33856666.666666664,-5.23,730321.38,24590000.0,44590000.0
Macbook Air 13 M4 2025 10CPU/10GPU/24GB/512GB - Xanh Da Trời,14,28358333.333333332,33523333.333333332,18.21,1779141.51,0.0,39590000.0
Macbook Air 13 M4 2025 10CPU/10GPU/24GB/512GB - Ánh Sao,8,28875000.0,31423333.333333332,8.83,2257480.47,0.0,39590000.0
Macbook Air 13 M4 2025 10CPU/10GPU/24GB/512GB - Đêm Xanh Thẳm,6,34923333.333333336,32373333.333333332,-7.3,1246945.9,15690000.0,39490000.0
Macbook Air 13 M4 2025 10CPU/8GPU/16GB/256GB - Bạc,17,25256666.666666668,27756666.666666668,9.9,1255050.97,13990000.0,33590000.0
Macbook Air 13 M4 2025 10CPU/8GPU/16GB/256GB - Xanh Da Trời,24,24140000.0,25356666.666666668,5.04,872605.32,0.0,35290000.0
Macbook Air 13 M4 2025 10CPU/8GPU/16GB/256GB - Ánh Sao,14,25523333.333333332,25573333.333333332,0.2,1029768.79,0.0,30490000.0
Macbook Air 13 M4 2025 10CPU/8GPU/16GB/256GB - Đêm Xanh Thẳm,16,26315000.0,25656666.666666668,-2.5,1157378.28,15690000.0,34490000.0
Macbook Air 15 M4 2025 10CPU/ 10GPU/ 24GB/ 512GB - Bạc,12,37040000.0,35610000.0,-3.86,918961.13,24590000.0,39490000.0
Macbook Air 15 M4 2025 10CPU/ 10GPU/ 24GB/ 512GB - Xanh Da Trời,19,33123333.333333332,32273333.333333332,-2.57,1082168.73,0.0,39490000.0
Macbook Air 15 M4 2025 10CPU/ 10GPU/ 24GB/ 512GB - Ánh Sao,11,36956666.666666664,33010000.0,-10.68,1460679.03,24590000.0,39490000.0
Macbook Air 15 M4 2025 10CPU/ 10GPU/ 24GB/ 512GB - Đêm Xanh Thẳm,12,33023333.333333332,32250000.0,-2.34,1165167.4,15690000.0,39590000.0
Macbook Air 15 M4 2025 10CPU/10GPU/16GB/256GB - Bạc,18,28256666.666666668,28623333.333333332,1.3,585095.1,23990000.0,33590000.0
Macbook Air 15 M4 2025 10CPU/10GPU/16GB/256GB - Xanh Da Trời,20,26665000.0,26206666.666666668,-1.72,838405.01,19190000.0,30490000.0
Macbook Air 15 M4 2025 10CPU/10GPU/16GB/256GB - Ánh Sao,14,29023333.333333332,27523333.333333332,-5.17,775729.05,18890000.0,31390000.0
Macbook Air 15 M4 2025 10CPU/10GPU/16GB/256GB - Đêm Xanh Thẳm,14,27490000.0,27240000.0,-0.91,857754.99,15690000.0,33990000.0
Macbook Air 15 M4 2025 10CPU/10GPU/16GB/512GB - Bạc,11,36306666.666666664,34773333.333333336,-4.22,1030043.64,18890000.0,44590000.0
Macbook Air 15 M4 2025 10CPU/10GPU/16GB/512GB - Xanh Da Trời,19,29858333.333333332,31856666.666666668,6.69,1202005.25,0.0,39490000.0
Macbook Air 15 M4 2025 10CPU/10GPU/16GB/512GB - Ánh Sao,8,34390000.0,35210000.0,2.38,1128170.93,26090000.0,39490000.0
Macbook Air 15 M4 2025 10CPU/10GPU/16GB/512GB - Đêm Xanh Thẳm,11,35506666.666666664,33023333.333333332,-6.99,1472185.83,15690000.0,39490000.0
Macbook Pro 14 M5 2025 10CPU/10GPU/16GB/1TB - Bạc,8,52640000.0,46323333.333333336,-12.0,3111173.64,18890000.0,79090000.0
Macbook Pro 14 M5 2025 10CPU/10GPU/16GB/1TB - Đen,16,46682000.0,39230000.0,-15.96,4995840.63,18890000.0,79090000.0
Macbook Pro 14 M5 2025 10CPU/10GPU/16GB/1TB Nano - Bạc,6,60656666.666666664,59990000.0,-1.1,4653127.03,19250000.0,79090000.0
Macbook Pro 14 M5 2025 10CPU/10GPU/16GB/1TB Nano - Đen,4,59430000.0,53506666.666666664,-9.97,2606233.8,18890000.0,79090000.0
Macbook Pro 14 M5 2025 10CPU/10GPU/16GB/512GB - Bạc,8,42806666.666666664,38973333.333333336,-8.95,2912903.42,18890000.0,59990000.0
Macbook Pro 14 M5 2025 10CPU/10GPU/16GB/512GB - Đen,15,47770000.0,45270000.0,-5.23,2792898.94,18890000.0,59990000.0
Macbook Pro 14 M5 2025 10CPU/10GPU/16GB/512GB Nano - Bạc,8,50368333.333333336,48844000.0,-3.03,6075549.48,18890000.0,79090000.0
Macbook Pro 14 M5 2025 10CPU/10GPU/16GB/512GB Nano - Đen,17,51840000.0,51840000.0,0.0,3467642.74,18890000.0,63990000.0
Macbook Pro 14 M5 2025 10CPU/10GPU/24GB/1TB Nano - Bạc,6,61473333.333333336,60970000.0,-0.82,4374816.14,19250000.0,79090000.0
Macbook Pro 14 M5 2025 10CPU/10GPU/24GB/1TB Nano - Đen,16,60173333.333333336,60173333.333333336,0.0,3358107.54,19190000.0,79090000.0
Macbook Pro 14 inch M5 2025 10CPU/10GPU/16GB/1TB Nano - Đen,13,60656666.666666664,55806666.666666664,-8.0,2875250.54,19190000.0,79090000.0
iPad A16 5G 128GB - Bạc,40,13390000.0,12123333.333333334,-9.46,1910506.99,8490000.0,44990000.0
iPad A16 5G 128GB - Hồng,41,14440000.0,11456666.666666666,-20.66,1249696.16,8490000.0,24990000.0
iPad A16 5G 128GB - Vàng,39,15215000.0,11456666.666666666,-24.7,1273841.78,8490000.0,24990000.0
iPad A16 5G 128GB - Xanh dương,39,13465000.0,12106666.666666666,-10.09,850730.61,8690000.0,30490000.0
iPad A16 5G 256GB - Bạc,16,18665000.0,19323333.333333332,3.53,2268515.01,8690000.0,44990000.0
iPad A16 5G 256GB - Hồng,15,17415000.0,13273333.333333334,-23.78,1796219.32,8690000.0,29990000.0
iPad A16 5G 256GB - Vàng,16,14165000.0,19323333.333333332,36.42,1625454.68,8690000.0,44990000.0
iPad A16 5G 256GB - Xanh dương,16,14165000.0,19323333.333333332,36.42,1663129.24,8690000.0,44990000.0
iPad A16 5G 512GB - Bạc,11,17290000.0,20240000.0,17.06,3009868.99,8690000.0,44990000.0
iPad A16 5G 512GB - Hồng,10,18790000.0,13723333.333333334,-26.96,1894534.86,8690000.0,29990000.0
iPad A16 5G 512GB - Vàng,11,17290000.0,19773333.333333332,14.36,2408227.92,8690000.0,44990000.0
iPad A16 5G 512GB - Xanh dương,11,17290000.0,21540000.0,24.58,1554097.87,8690000.0,44990000.0
iPad A16 WiFi 128GB - Bạc,50,11340000.0,8556666.666666666,-24.54,1446681.23,8490000.0,29990000.0
iPad A16 WiFi 128GB - Hồng,50,14840000.0,9106666.666666666,-38.63,2284838.08,8490000.0,30990000.0
iPad A16 WiFi 128GB - Vàng,50,14840000.0,8623333.333333334,-41.89,2409203.6,8490000.0,30990000.0
iPad A16 WiFi 128GB - Xanh dương,50,11340000.0,8556666.666666666,-24.54,1455762.3,8490000.0,29990000.0
iPad A16 WiFi 256GB - Bạc,10,15590000.0,13123333.333333334,-15.82,2197741.02,8690000.0,30990000.0
iPad A16 WiFi 256GB - Hồng,10,15590000.0,13890000.0,-10.9,2149297.76,8690000.0,30990000.0
iPad A16 WiFi 256GB - Vàng,10,15590000.0,13123333.333333334,-15.82,2195551.55,8690000.0,30990000.0
iPad A16 WiFi 256GB - Xanh dương,10,15590000.0,13123333.333333334,-15.82,2200086.14,8690000.0,30990000.0
iPad A16 WiFi 512GB - Bạc,10,18340000.0,13890000.0,-24.26,2275236.94,8690000.0,36490000.0
iPad A16 WiFi 512GB - Hồng,10,18340000.0,15723333.333333334,-14.27,1804255.51,8690000.0,36490000.0
iPad A16 WiFi 512GB - Vàng,9,18340000.0,13890000.0,-24.26,2315899.47,8690000.0,36490000.0
iPad A16 WiFi 512GB - Xanh dương,9,18340000.0,14790000.0,-19.36,2023434.83,8690000.0,36490000.0
"iPad Air 11 M3 WiFi + Cellular 128GB 2025 giá rẻ, góp 0% - Xám không gian",5,18150000.0,17090000.0,-5.84,991389.6,12790000.0,28490000.0
iPad Air 11 inch M2 2024 Wifi + Cellular 128GB - Trắng,39,14690000.0,16173333.333333334,10.1,1395743.08,8690000.0,29990000.0
iPad Air 11 inch M2 2024 Wifi + Cellular 128GB - Tím,39,15640000.0,17706666.666666668,13.21,1149048.65,8690000.0,29990000.0
iPad Air 11 inch M2 2024 Wifi + Cellular 128GB - Xanh dương,40,15640000.0,17656666.666666668,12.89,1130014.97,8690000.0,29990000.0
iPad Air 11 inch M2 2024 Wifi + Cellular 128GB - Xám,39,14640000.0,16506666.666666666,12.75,1162468.25,8690000.0,29990000.0
iPad Air 11 inch M2 2024 Wifi + Cellular 1TB - Trắng,4,16691666.666666666,22206666.666666668,33.04,3972568.67,0.0,34490000.0
iPad Air 11 inch M2 2024 Wifi + Cellular 1TB - Tím,4,16691666.666666666,22206666.666666668,33.04,3786812.03,0.0,34490000.0
iPad Air 11 inch M2 2024 Wifi + Cellular 1TB - Xanh dương,4,16691666.666666666,22206666.666666668,33.04,3972568.67,0.0,34490000.0
iPad Air 11 inch M2 2024 Wifi + Cellular 1TB - Xám,4,16675000.0,22206666.666666668,33.17,3975855.49,0.0,34490000.0
iPad Air 11 inch M2 2024 Wifi + Cellular 256GB - Trắng,13,17690000.0,19106666.666666668,8.01,1314429.29,11190000.0,28490000.0
iPad Air 11 inch M2 2024 Wifi + Cellular 256GB - Tím,10,14358333.333333334,19306666.666666668,34.46,3123435.42,0.0,28490000.0
iPad Air 11 inch M2 2024 Wifi + Cellular 256GB - Xanh dương,13,17690000.0,19106666.666666668,8.01,1418195.5,11190000.0,28490000.0
iPad Air 11 inch M2 2024 Wifi + Cellular 256GB - Xám,12,17690000.0,19456666.666666668,9.99,1825991.01,0.0,28490000.0
iPad Air 11 inch M2 2024 Wifi + Cellular 512GB - Trắng,7,15241666.666666666,20673333.333333332,35.64,5755646.88,0.0,34490000.0
iPad Air 11 inch M2 2024 Wifi + Cellular 512GB - Tím,7,15241666.666666666,20673333.333333332,35.64,5838803.34,0.0,34490000.0
iPad Air 11 inch M2 2024 Wifi + Cellular 512GB - Xanh dương,7,20073333.333333332,20623333.333333332,2.74,1755901.8,13490000.0,34490000.0
iPad Air 11 inch M2 2024 Wifi + Cellular 512GB - Xám,7,20073333.333333332,20623333.333333332,2.74,1755901.8,13490000.0,34490000.0
iPad Air 11 inch M2 2024 Wifi 128GB - Hài lòng,7,10591666.666666666,14190000.0,33.97,1923390.07,0.0,16990000.0
iPad Air 11 inch M2 2024 Wifi 128GB - Không hài lòng,8,9341666.666666666,12940000.0,38.52,1923390.07,0.0,16990000.0
iPad Air 11 inch M2 2024 Wifi 128GB - Trắng,18,14440000.0,14356666.666666666,-0.58,1107454.33,8690000.0,29990000.0
iPad Air 11 inch M2 2024 Wifi 128GB - Tím,12,15390000.0,15506666.666666666,0.76,556517.78,11990000.0,24490000.0
iPad Air 11 inch M2 2024 Wifi 128GB - Xanh dương,18,11575000.0,14306666.666666666,23.6,1220169.55,0.0,29990000.0
iPad Air 11 inch M2 2024 Wifi 128GB - Xám,18,11608333.333333334,14290000.0,23.1,1018130.6,0.0,29990000.0
iPad Air 11 inch M2 2024 Wifi 1TB - Trắng,6,16208333.333333334,19973333.333333332,23.23,3351719.13,0.0,35990000.0
iPad Air 11 inch M2 2024 Wifi 1TB - Tím,6,16691666.666666666,22773333.333333332,36.44,3463257.24,0.0,35990000.0
iPad Air 11 inch M2 2024 Wifi 1TB - Xanh dương,6,16208333.333333334,19940000.0,23.02,3342726.6,0.0,35990000.0
iPad Air 11 inch M2 2024 Wifi 1TB - Xám,6,16191666.666666666,19956666.666666668,23.25,3350015.59,0.0,35990000.0
iPad Air 11 inch M2 2024 Wifi 256GB - Trắng,27,15840000.0,17540000.0,10.73,1188198.02,8690000.0,29990000.0
iPad Air 11 inch M2 2024 Wifi 256GB - Tím,27,17606666.666666668,17940000.0,1.89,1153215.76,11190000.0,29990000.0
iPad Air 11 inch M2 2024 Wifi 256GB - Xanh dương,27,15840000.0,17540000.0,10.73,1212994.12,11190000.0,29990000.0
iPad Air 11 inch M2 2024 Wifi 256GB - Xám,27,17606666.666666668,17890000.0,1.61,1221461.22,11190000.0,29990000.0
iPad Air 11 inch M2 2024 Wifi 512GB - Trắng,8,18906666.666666668,19756666.666666668,4.5,711616.17,12790000.0,24990000.0
iPad Air 11 inch M2 2024 Wifi 512GB - Tím,8,20106666.666666668,21823333.333333332,8.54,1278942.22,12790000.0,24990000.0
iPad Air 11 inch M2 2024 Wifi 512GB - Xanh dương,8,15241666.666666666,19706666.666666668,29.29,2345205.98,0.0,24990000.0
iPad Air 11 inch M2 2024 Wifi 512GB - Xám,8,20106666.666666668,21823333.333333332,8.54,1118756.37,12790000.0,24990000.0
iPad Air 11 inch M3 2025 WiFi + Cellular 128GB - Hài lòng,5,13850000.0,17090000.0,23.39,1448972.05,12790000.0,29990000.0
iPad Air 11 inch M3 2025 WiFi + Cellular 128GB - Không hài lòng,5,13850000.0,17090000.0,23.39,1448972.05,12790000.0,29990000.0
iPad Air 11 inch M3 2025 WiFi + Cellular 128GB - Tím,26,14640000.0,17540000.0,19.81,1340230.6,8690000.0,24490000.0
iPad Air 11 inch M3 2025 WiFi + Cellular 128GB - Xanh dương,26,14623333.333333334,17540000.0,19.95,1319070.1,8690000.0,24490000.0
iPad Air 11 inch M3 2025 WiFi + Cellular 128GB - Xám không gian,21,15090000.0,15990000.0,5.96,1330673.6,8690000.0,28490000.0
iPad Air 11 inch M3 2025 WiFi + Cellular 128GB - Ánh Sao,26,14606666.666666666,17490000.0,19.74,1211895.96,8690000.0,24990000.0
iPad Air 11 inch M3 2025 WiFi + Cellular 1TB - Tím,7,22490000.0,23490000.0,4.45,1536990.63,12790000.0,35990000.0
iPad Air 11 inch M3 2025 WiFi + Cellular 1TB - Xanh dương,7,22006666.666666668,22940000.0,4.24,1691982.03,12790000.0,35990000.0
iPad Air 11 inch M3 2025 WiFi + Cellular 1TB - Xám không gian,7,22906666.666666668,22723333.333333332,-0.8,1412654.07,12790000.0,35990000.0
iPad Air 11 inch M3 2025 WiFi + Cellular 1TB - Ánh Sao,7,22006666.666666668,24390000.0,10.83,2074376.05,12790000.0,35990000.0
iPad Air 11 inch M3 2025 WiFi + Cellular 256GB - Tím,17,17690000.0,18573333.333333332,4.99,1378640.37,12790000.0,28490000.0
iPad Air 11 inch M3 2025 WiFi + Cellular 256GB - Xanh dương,17,17690000.0,18573333.333333332,4.99,1372846.56,12790000.0,28490000.0
iPad Air 11 inch M3 2025 WiFi + Cellular 256GB - Xám không gian,17,16890000.0,18573333.333333332,9.97,1583153.01,12790000.0,28490000.0
iPad Air 11 inch M3 2025 WiFi + Cellular 256GB - Ánh Sao,17,17690000.0,18573333.333333332,4.99,1360879.04,12790000.0,28490000.0
iPad Air 11 inch M3 2025 WiFi + Cellular 512GB - Tím,9,21306666.666666668,23023333.333333332,8.06,1931230.9,11990000.0,34490000.0
iPad Air 11 inch M3 2025 WiFi + Cellular 512GB - Xanh dương,9,21306666.666666668,22906666.666666668,7.51,1500959.06,11990000.0,34490000.0
iPad Air 11 inch M3 2025 WiFi + Cellular 512GB - Xám không gian,9,20773333.333333332,22206666.666666668,6.9,1445597.83,11990000.0,34490000.0
iPad Air 11 inch M3 2025 WiFi + Cellular 512GB - Ánh Sao,9,21306666.666666668,23023333.333333332,8.06,1405875.68,12790000.0,34490000.0
iPad Air 11 inch M3 2025 WiFi 128GB - Tím,66,19840000.0,16790000.0,-15.37,1806269.73,8690000.0,30990000.0
iPad Air 11 inch M3 2025 WiFi 128GB - Xanh dương,65,19840000.0,16723333.333333334,-15.71,1761122.83,8690000.0,30990000.0
iPad Air 11 inch M3 2025 WiFi 128GB - Xám không gian,65,19840000.0,15773333.333333334,-20.5,2054788.02,8690000.0,30990000.0
iPad Air 11 inch M3 2025 WiFi 128GB - Ánh Sao,65,19840000.0,16773333.333333334,-15.46,2028047.6,8690000.0,30990000.0
iPad Air 11 inch M3 2025 WiFi 1TB - Tím,7,23240000.0,19790000.0,-14.85,2368400.66,13190000.0,41990000.0
iPad Air 11 inch M3 2025 WiFi 1TB - Xanh dương,7,23240000.0,18806666.666666668,-19.08,1760807.59,12890000.0,30990000.0
iPad Air 11 inch M3 2025 WiFi 1TB - Xám không gian,7,23240000.0,19940000.0,-14.2,1743177.82,12890000.0,36490000.0
iPad Air 11 inch M3 2025 WiFi 1TB - Ánh Sao,8,24615000.0,18806666.666666668,-23.6,2488191.39,12890000.0,41990000.0
iPad Air 11 inch M3 2025 WiFi 256GB - Tím,8,21140000.0,16173333.333333334,-23.49,2149715.19,13190000.0,30990000.0
iPad Air 11 inch M3 2025 WiFi 256GB - Xanh dương,8,19540000.0,16173333.333333334,-17.23,1679571.0,8690000.0,30990000.0
iPad Air 11 inch M3 2025 WiFi 256GB - Xám không gian,8,21140000.0,16173333.333333334,-23.49,2302705.79,13190000.0,30990000.0
iPad Air 11 inch M3 2025 WiFi 256GB - Ánh Sao,8,19540000.0,16173333.333333334,-17.23,1807815.48,8690000.0,30990000.0
iPad Air 11 inch M3 2025 WiFi 512GB - Tím,8,23965000.0,20498333.333333332,-14.47,1458200.67,13190000.0,36490000.0
iPad Air 11 inch M3 2025 WiFi 512GB - Xanh dương,8,23315000.0,20498333.333333332,-12.08,1166896.24,13190000.0,36490000.0
iPad Air 11 inch M3 2025 WiFi 512GB - Xám không gian,8,23965000.0,19515000.0,-18.57,1918962.13,13190000.0,36490000.0
iPad Air 11 inch M3 2025 WiFi 512GB - Ánh Sao,8,23315000.0,20498333.333333332,-12.08,1274844.22,13190000.0,36490000.0
"iPad Air 13 M3 WiFi + Cellular 128GB 2025 góp 0%, giá rẻ - Ánh Sao",3,19723333.333333332,21240000.0,7.69,875647.91,13790000.0,25990000.0
iPad Air 13 inch M3 2025 WiFi + Cellular 128GB - Hài lòng,4,18590000.0,18590000.0,0.0,0.0,13190000.0,23390000.0
iPad Air 13 inch M3 2025 WiFi + Cellular 128GB - Không hài lòng,4,17450000.0,17450000.0,0.0,0.0,13190000.0,23390000.0
iPad Air 13 inch M3 2025 WiFi + Cellular 128GB - Tím,47,19773333.333333332,21156666.666666668,7.0,1132398.0,8690000.0,29990000.0
iPad Air 13 inch M3 2025 WiFi + Cellular 128GB - Xanh dương,47,19773333.333333332,21240000.0,7.42,1184820.86,8690000.0,29990000.0
iPad Air 13 inch M3 2025 WiFi + Cellular 128GB - Xám không gian,47,19523333.333333332,20990000.0,7.51,1185256.14,8690000.0,29990000.0
iPad Air 13 inch M3 2025 WiFi + Cellular 128GB - Ánh Sao,44,18740000.0,20190000.0,7.74,1186290.4,8690000.0,29990000.0
iPad Air 13 inch M3 2025 WiFi + Cellular 1TB - Tím,3,25523333.333333332,24373333.333333332,-4.51,1611963.38,13190000.0,40190000.0
iPad Air 13 inch M3 2025 WiFi + Cellular 1TB - Xanh dương,3,26506666.666666668,25373333.333333332,-4.28,1613513.53,13190000.0,40190000.0
iPad Air 13 inch M3 2025 WiFi + Cellular 1TB - Xám không gian,3,25740000.0,24040000.0,-6.6,1186303.0,13290000.0,40190000.0
iPad Air 13 inch M3 2025 WiFi + Cellular 1TB - Ánh Sao,3,23856666.666666668,23456666.666666668,-1.68,795356.9,13190000.0,40190000.0
iPad Air 13 inch M3 2025 WiFi + Cellular 256GB - Tím,6,23123333.333333332,21856666.666666668,-5.48,881518.26,12790000.0,34490000.0
iPad Air 13 inch M3 2025 WiFi + Cellular 256GB - Xanh dương,6,23123333.333333332,21840000.0,-5.55,897539.02,12790000.0,34490000.0
iPad Air 13 inch M3 2025 WiFi + Cellular 256GB - Xám không gian,6,21240000.0,21856666.666666668,2.9,941446.68,12790000.0,28790000.0
iPad Air 13 inch M3 2025 WiFi + Cellular 256GB - Ánh Sao,6,22156666.666666668,21790000.0,-1.65,982336.59,12690000.0,34490000.0
iPad Air 13 inch M3 2025 WiFi + Cellular 512GB - Tím,7,22206666.666666668,23923333.333333332,7.73,1654812.01,13790000.0,34590000.0
iPad Air 13 inch M3 2025 WiFi + Cellular 512GB - Xanh dương,7,22206666.666666668,23923333.333333332,7.73,1454436.97,13790000.0,34590000.0
iPad Air 13 inch M3 2025 WiFi + Cellular 512GB - Xám không gian,7,21673333.333333332,23106666.666666668,6.61,750905.54,13790000.0,34590000.0
iPad Air 13 inch M3 2025 WiFi + Cellular 512GB - Ánh Sao,7,22206666.666666668,23923333.333333332,7.73,1454436.97,13790000.0,34590000.0
iPad Air 13 inch M3 2025 WiFi 128GB - Hài lòng,5,18123333.333333332,17650000.0,-2.61,211681.1,13190000.0,20490000.0
iPad Air 13 inch M3 2025 WiFi 128GB - Không hài lòng,5,18123333.333333332,17650000.0,-2.61,211681.1,13190000.0,20490000.0
iPad Air 13 inch M3 2025 WiFi 128GB - Tím,60,22390000.0,20440000.0,-8.71,1353965.77,8690000.0,30990000.0
iPad Air 13 inch M3 2025 WiFi 128GB - Xanh dương,60,22390000.0,20390000.0,-8.93,1460839.73,8690000.0,30990000.0
iPad Air 13 inch M3 2025 WiFi 128GB - Xám không gian,61,22290000.0,20190000.0,-9.42,1457006.9,8690000.0,30990000.0
iPad Air 13 inch M3 2025 WiFi 128GB - Ánh Sao,60,22390000.0,20140000.0,-10.05,1397517.41,8690000.0,30990000.0
iPad Air 13 inch M3 2025 WiFi 1TB - Tím,5,28665000.0,22623333.333333332,-21.08,2436214.05,13190000.0,41990000.0
iPad Air 13 inch M3 2025 WiFi 1TB - Xanh dương,5,25915000.0,22623333.333333332,-12.7,1466718.75,13190000.0,35990000.0
iPad Air 13 inch M3 2025 WiFi 1TB - Xám không gian,5,25915000.0,22290000.0,-13.99,1543575.39,13190000.0,35990000.0
iPad Air 13 inch M3 2025 WiFi 1TB - Ánh Sao,5,25915000.0,21623333.333333332,-16.56,1814184.08,13190000.0,35990000.0
iPad Air 13 inch M3 2025 WiFi 256GB - Tím,10,23715000.0,17730000.0,-25.24,2552933.29,13190000.0,30990000.0
iPad Air 13 inch M3 2025 WiFi 256GB - Xanh dương,10,23715000.0,17730000.0,-25.24,2557610.14,13190000.0,30990000.0
iPad Air 13 inch M3 2025 WiFi 256GB - Xám không gian,10,23715000.0,17730000.0,-25.24,2600302.9,13190000.0,30990000.0
iPad Air 13 inch M3 2025 WiFi 256GB - Ánh Sao,10,23715000.0,17730000.0,-25.24,2557610.14,13190000.0,30990000.0
iPad Air 13 inch M3 2025 WiFi 512GB - Tím,8,24440000.0,22281666.666666668,-8.83,1412110.58,13190000.0,36490000.0
iPad Air 13 inch M3 2025 WiFi 512GB - Xanh dương,8,24440000.0,21798333.333333332,-10.81,1483048.65,13190000.0,36490000.0
iPad Air 13 inch M3 2025 WiFi 512GB - Xám không gian,8,25090000.0,20348333.333333332,-18.9,2349602.88,13190000.0,36490000.0
iPad Air 13 inch M3 2025 WiFi 512GB - Ánh Sao,8,24440000.0,21798333.333333332,-10.81,1449339.05,13190000.0,36490000.0
iPad Air 5 2022 10.9 inch M1 WiFi 5G 256GB - Hồng,12,13691666.666666666,20373333.333333332,48.8,2881499.71,0.0,29990000.0
iPad Air 5 2022 10.9 inch M1 WiFi 5G 256GB - Trắng,12,14058333.333333334,19973333.333333332,42.07,3090167.17,0.0,34490000.0
iPad Air 5 2022 10.9 inch M1 WiFi 5G 256GB - Tím,12,14058333.333333334,19790000.0,40.77,3060509.68,0.0,34490000.0
iPad Air 5 2022 10.9 inch M1 WiFi 5G 256GB - Xanh dương,9,18223333.333333332,19973333.333333332,9.6,1410386.52,12490000.0,34490000.0
iPad Air 5 2022 10.9 inch M1 WiFi 5G 256GB - Xám,12,14058333.333333334,19973333.333333332,42.07,3136328.04,0.0,34490000.0
iPad Air 5 2022 10.9 inch M1 WiFi 5G 64GB - Hài lòng,3,16898333.333333332,19780000.0,17.05,1663731.03,8690000.0,26190000.0
iPad Air 5 2022 10.9 inch M1 WiFi 5G 64GB - Hồng,16,19156666.666666668,21590000.0,12.7,1073699.98,12490000.0,35790000.0
iPad Air 5 2022 10.9 inch M1 WiFi 5G 64GB - Không hài lòng,3,15223333.333333334,17390000.0,14.23,1250925.58,8690000.0,22890000.0
iPad Air 5 2022 10.9 inch M1 WiFi 5G 64GB - Trắng,15,18990000.0,21240000.0,11.85,1187923.27,12790000.0,34490000.0
iPad Air 5 2022 10.9 inch M1 WiFi 5G 64GB - Tím,16,19606666.666666668,22156666.666666668,13.01,1465595.25,12790000.0,34490000.0
iPad Air 5 2022 10.9 inch M1 WiFi 5G 64GB - Xanh dương,15,16341666.666666666,22156666.666666668,35.58,2314632.19,0.0,34490000.0
iPad Air 5 2022 10.9 inch M1 WiFi 5G 64GB - Xám,16,19840000.0,21490000.0,8.32,1263567.84,12790000.0,34490000.0
"iPad Air 5 M1 2022 (Wifi 5G) 64GB | Trả góp 0%, quà siêu khủng - Xanh dương",3,20323333.333333332,21490000.0,5.74,1727661.66,12490000.0,34490000.0
iPad Air M2 11 inch 2024 Wifi - Tím,3,15770000.0,16330000.0,3.55,932165.94,12790000.0,29990000.0
"iPad Air M2 11 inch 2024 Wifi | Mạnh mẽ, sang trọng - Tím",3,17506666.666666668,19673333.333333332,12.38,2326796.4,13790000.0,35990000.0
iPad Pro 11 M5 2025 WiFi + Cellular 12GB 256GB - Bạc,21,24490000.0,22990000.0,-6.12,2032819.17,8690000.0,38990000.0
iPad Pro 11 M5 2025 WiFi + Cellular 12GB 256GB - Đen,15,31606666.666666668,27240000.0,-13.82,2662040.69,8690000.0,36290000.0
iPad Pro 11 M5 2025 WiFi + Cellular 12GB 512GB - Bạc,4,27273333.333333332,21156666.666666668,-22.43,3872203.29,10990000.0,44990000.0
iPad Pro 11 M5 2025 WiFi + Cellular 12GB 512GB - Đen,4,32856666.666666668,26123333.333333332,-20.49,3704091.68,11990000.0,44990000.0
iPad Pro 11 M5 2025 WiFi 12GB 256GB - Bạc,15,27673333.333333332,26240000.0,-5.18,1996876.63,8690000.0,38990000.0
iPad Pro 11 M5 2025 WiFi 12GB 256GB - Đen,15,30673333.333333332,31440000.0,2.5,2521105.69,8690000.0,36290000.0
iPad Pro 11 M5 2025 WiFi 12GB 512GB - Bạc,3,33990000.0,28130000.0,-17.24,3383272.58,10990000.0,45590000.0
iPad Pro 11 M5 2025 WiFi 12GB 512GB - Đen,3,36240000.0,25615000.0,-29.32,6134346.61,12090000.0,44990000.0
iPad Pro 11 inch M4 2024 Wifi 1TB - Bạc,6,34556666.666666664,36090000.0,4.44,1827495.76,8690000.0,59990000.0
iPad Pro 11 inch M4 2024 Wifi 1TB - Ðen,6,35290000.0,35156666.666666664,-0.38,3221645.54,8690000.0,59990000.0
iPad Pro 11 inch M4 2024 Wifi 256GB - Bạc,29,27340000.0,25940000.0,-5.12,1334930.11,8690000.0,38990000.0
iPad Pro 11 inch M4 2024 Wifi 256GB - Ðen,32,29006666.666666668,25940000.0,-10.57,1940473.46,8690000.0,39990000.0
iPad Pro 11 inch M4 2024 Wifi 2TB - Bạc,6,37806666.666666664,39506666.666666664,4.5,2885859.52,11390000.0,59990000.0
iPad Pro 11 inch M4 2024 Wifi 2TB - Ðen,6,41973333.333333336,39523333.333333336,-5.84,5884892.77,8490000.0,59990000.0
iPad Pro 11 inch M4 2024 Wifi 512GB - Bạc,19,30290000.0,27223333.333333332,-10.12,3255856.92,10990000.0,44990000.0
iPad Pro 11 inch M4 2024 Wifi 512GB - Ðen,19,31956666.666666668,28890000.0,-9.6,3295189.41,10990000.0,45590000.0
iPad Pro 13 M5 2025 WiFi + Cellular 12GB 256GB - Bạc,15,38273333.333333336,35140000.0,-8.19,2984619.4,8690000.0,45590000.0
iPad Pro 13 M5 2025 WiFi + Cellular 12GB 256GB - Đen,16,38273333.333333336,38173333.333333336,-0.26,2917557.64,8690000.0,45590000.0
iPad Pro 13 M5 2025 WiFi + Cellular 12GB 512GB - Bạc,3,34923333.333333336,36290000.0,3.91,789045.37,10990000.0,51190000.0
iPad Pro 13 M5 2025 WiFi + Cellular 12GB 512GB - Đen,3,42256666.666666664,36290000.0,-14.12,3444856.61,12090000.0,51190000.0
iPad Pro 13 M5 2025 WiFi 12GB 256GB - Bạc,20,37340000.0,34273333.333333336,-8.21,2776699.71,8690000.0,44990000.0
iPad Pro 13 M5 2025 WiFi 12GB 256GB - Đen,11,37340000.0,34106666.666666664,-8.66,3446281.8,8690000.0,45590000.0
iPad Pro 13 M5 2025 WiFi 12GB 512GB - Bạc,3,35656666.666666664,36556666.666666664,2.52,3193815.78,10990000.0,45590000.0
iPad Pro 13 M5 2025 WiFi 12GB 512GB - Đen,3,41323333.333333336,38773333.333333336,-6.17,5593587.18,12090000.0,45590000.0
iPad mini 7 2024 Wifi + Cellular 128GB - Tím,28,12566666.666666666,11866666.666666666,-5.57,803004.84,8690000.0,29990000.0
iPad mini 7 2024 Wifi + Cellular 128GB - Xanh dương,28,12673333.333333334,12240000.0,-3.42,687247.44,8690000.0,29990000.0
iPad mini 7 2024 Wifi + Cellular 128GB - Xám không gian,29,13540000.0,13573333.333333334,0.25,549374.38,8690000.0,29990000.0
iPad mini 7 2024 Wifi + Cellular 128GB - Ánh Sao,28,12673333.333333334,12240000.0,-3.42,753315.27,8690000.0,29990000.0
iPad mini 7 2024 Wifi + Cellular 256GB - Tím,4,15940000.0,18140000.0,13.8,2048576.74,11490000.0,44990000.0
iPad mini 7 2024 Wifi + Cellular 256GB - Xanh dương,4,15940000.0,18140000.0,13.8,1270170.59,11490000.0,33990000.0
iPad mini 7 2024 Wifi + Cellular 256GB - Xám không gian,4,19106666.666666668,18140000.0,-5.06,1320037.88,11490000.0,44990000.0
iPad mini 7 2024 Wifi + Cellular 256GB - Ánh Sao,4,14573333.333333334,17306666.666666668,18.76,1578090.74,11490000.0,28990000.0
iPad mini 7 2024 Wifi + Cellular 512GB - Tím,3,18540000.0,16830000.0,-9.22,857146.43,11490000.0,24190000.0
iPad mini 7 2024 Wifi + Cellular 512GB - Xanh dương,3,18540000.0,16970000.0,-8.47,785260.04,11490000.0,24190000.0
iPad mini 7 2024 Wifi + Cellular 512GB - Xám không gian,3,23623333.333333332,16830000.0,-28.76,3922132.83,11490000.0,49990000.0
iPad mini 7 2024 Wifi + Cellular 512GB - Ánh Sao,3,17790000.0,16830000.0,-5.4,554256.26,11490000.0,24190000.0
iPad mini 7 2024 Wifi 128GB - Tím,42,13390000.0,11216666.666666666,-16.23,1114574.12,8590000.0,29990000.0
iPad mini 7 2024 Wifi 128GB - Xanh dương,43,13390000.0,11216666.666666666,-16.23,1026160.2,8590000.0,29990000.0
iPad mini 7 2024 Wifi 128GB - Xám không gian,42,13390000.0,12473333.333333334,-6.85,788588.26,8690000.0,29990000.0
iPad mini 7 2024 Wifi 128GB - Ánh Sao,42,13390000.0,11216666.666666666,-16.23,1115101.82,8590000.0,29990000.0
iPad mini 7 2024 Wifi 256GB - Tím,7,17565000.0,13856666.666666666,-21.11,2053041.1,8690000.0,30990000.0
iPad mini 7 2024 Wifi 256GB - Xanh dương,7,17565000.0,15223333.333333334,-13.33,1514039.76,8690000.0,30990000.0
iPad mini 7 2024 Wifi 256GB - Xám không gian,7,14065000.0,19223333.333333332,36.67,2552168.44,8690000.0,38990000.0
iPad mini 7 2024 Wifi 256GB - Ánh Sao,7,17565000.0,13223333.333333334,-24.72,2325414.91,8690000.0,30990000.0
iPad mini 7 2024 Wifi 512GB - Tím,4,20115000.0,17090000.0,-15.04,2083366.83,8690000.0,36490000.0
iPad mini 7 2024 Wifi 512GB - Xanh dương,4,20115000.0,17090000.0,-15.04,2083366.83,8690000.0,36490000.0
iPad mini 7 2024 Wifi 512GB - Xám không gian,4,15240000.0,22090000.0,44.95,3488110.36,8690000.0,44990000.0
iPad mini 7 2024 Wifi 512GB - Ánh Sao,4,20115000.0,17090000.0,-15.04,2083366.83,8690000.0,36490000.0
iPhone 13 128GB - Hồng,23,10967500.0,15490000.0,41.24,1910617.68,0.0,24990000.0
iPhone 13 128GB - Trắng,25,11965000.0,12223333.333333334,2.16,1433125.78,0.0,24990000.0
iPhone 13 128GB - Xanh,21,9167500.0,13690000.0,49.33,2043584.49,0.0,24990000.0
iPhone 13 128GB - Xanh lá,20,12315000.0,13690000.0,11.17,1166027.07,0.0,24990000.0
iPhone 13 128GB - Đen,25,13415000.0,12223333.333333334,-8.88,1119022.81,0.0,24990000.0
iPhone 13 128GB - Đỏ,24,10967500.0,14123333.333333334,28.77,1623926.67,0.0,24990000.0
iPhone 13 256GB - Hồng,20,10967500.0,19323333.333333332,76.19,3260099.36,0.0,24990000.0
iPhone 13 256GB - Trắng,20,8867500.0,18590000.0,109.64,3984903.02,0.0,24990000.0
iPhone 13 256GB - Xanh,20,14115000.0,19273333.333333332,36.55,2338598.67,0.0,24990000.0
iPhone 13 256GB - Xanh rêu,20,14115000.0,19273333.333333332,36.55,2424335.54,0.0,24990000.0
iPhone 13 256GB - Đen,20,13542500.0,20123333.333333332,48.59,3311592.37,0.0,24990000.0
iPhone 13 256GB - Đỏ,20,15015000.0,18706666.666666668,24.59,2130434.22,0.0,24990000.0
iPhone 13 512GB - Đen,18,10417500.0,28406666.666666668,172.68,5974333.9,0.0,31490000.0
"iPhone 13 chính hãng | Đủ màu, giá tốt nhất hôm nay - Xanh lá",3,18973333.333333332,18956666.666666668,-0.09,9622.5,12590000.0,23790000.0
iPhone 14 128GB - Trắng,26,12565000.0,13423333.333333334,6.83,1245558.15,0.0,24990000.0
iPhone 14 128GB - Tím,23,9167500.0,13490000.0,47.15,2110708.27,0.0,24990000.0
iPhone 14 128GB - Vàng,26,10067500.0,15740000.0,56.34,2297934.68,0.0,27990000.0
iPhone 14 128GB - Xanh dương,26,12540000.0,13423333.333333334,7.04,1094772.02,0.0,24990000.0
iPhone 14 128GB - Đen,26,14115000.0,13423333.333333334,-4.9,960815.08,0.0,24990000.0
iPhone 14 128GB - Đỏ,22,10967500.0,14956666.666666666,36.37,1680592.47,0.0,24990000.0
iPhone 14 256GB - Trắng,20,11992500.0,17956666.666666668,49.73,3457489.76,0.0,24990000.0
iPhone 14 256GB - Tím,20,9992500.0,20473333.333333332,104.89,4154911.86,0.0,24990000.0
iPhone 14 256GB - Vàng,19,14140000.0,19140000.0,35.36,1894160.72,0.0,27990000.0
iPhone 14 256GB - Xanh dương,20,9992500.0,19223333.333333332,92.38,3615165.7,0.0,24990000.0
iPhone 14 256GB - Đen,20,17740000.0,20556666.666666668,15.88,2209980.32,0.0,24990000.0
iPhone 14 256GB - Đỏ,20,15090000.0,19140000.0,26.84,1720895.87,0.0,24990000.0
iPhone 14 512GB - Trắng,20,11742500.0,26573333.333333332,126.3,5879776.16,0.0,31490000.0
iPhone 14 512GB - Tím,19,13617500.0,26473333.333333332,94.41,4993161.92,0.0,31490000.0
iPhone 14 512GB - Vàng,20,11742500.0,21140000.0,80.03,4217108.63,0.0,27990000.0
iPhone 14 512GB - Xanh dương,20,11742500.0,25156666.666666668,114.24,5355609.63,0.0,31490000.0
iPhone 14 512GB - Đen,20,11592500.0,28490000.0,145.76,5835786.02,0.0,31490000.0
iPhone 14 512GB - Đỏ,20,11742500.0,19356666.666666668,64.84,3348838.05,0.0,27990000.0
iPhone 15 128GB - Hồng,34,15190000.0,17840000.0,17.45,1315599.86,0.0,24990000.0
iPhone 15 128GB - Vàng,35,14315000.0,17273333.333333332,20.67,1447740.82,0.0,24990000.0
iPhone 15 128GB - Xanh dương,35,14290000.0,15556666.666666666,8.86,1228366.08,0.0,24990000.0
iPhone 15 128GB - Xanh lá,35,13415000.0,16290000.0,21.43,1324626.32,0.0,24990000.0
iPhone 15 128GB - Đen,35,15840000.0,17490000.0,10.42,1266048.34,0.0,24990000.0
iPhone 15 256GB - Hồng,17,16090000.0,19606666.666666668,21.86,1910136.3,0.0,24990000.0
iPhone 15 256GB - Vàng,17,15215000.0,19106666.666666668,25.58,1781436.99,0.0,24990000.0
iPhone 15 256GB - Xanh dương,17,15115000.0,20040000.0,32.58,2151311.69,0.0,24990000.0
iPhone 15 256GB - Xanh lá,17,15140000.0,19140000.0,26.42,2008537.72,0.0,24990000.0
iPhone 15 256GB - Đen,17,18665000.0,21673333.333333332,16.12,2092011.92,0.0,24990000.0
iPhone 15 512GB - Hồng,13,10967500.0,23656666.666666668,115.7,4786045.16,0.0,28390000.0
iPhone 15 512GB - Vàng,13,17740000.0,23656666.666666668,33.35,2090996.26,0.0,28390000.0
iPhone 15 512GB - Xanh dương,13,11742500.0,26290000.0,123.89,6094292.57,0.0,31490000.0
iPhone 15 512GB - Xanh lá,13,12742500.0,27190000.0,113.38,5787928.04,0.0,31490000.0
iPhone 15 512GB - Đen,12,11592500.0,27756666.666666668,139.44,5930834.11,0.0,31490000.0
iPhone 16 128GB - Hồng,39,16190000.0,19790000.0,22.24,1596229.51,0.0,24990000.0
iPhone 16 128GB - Trắng,39,16140000.0,18623333.333333332,15.39,1935212.39,0.0,24990000.0
iPhone 16 128GB - Xanh Lưu Ly,38,16190000.0,20456666.666666668,26.35,1639414.3,0.0,24990000.0
iPhone 16 128GB - Xanh Mòng Két,39,16190000.0,19423333.333333332,19.97,1307930.69,0.0,24990000.0
iPhone 16 128GB - Đen,39,17740000.0,19506666.666666668,9.96,1358238.37,0.0,24990000.0
iPhone 16 256GB - Hồng,13,16715000.0,21090000.0,26.17,2331700.21,0.0,24990000.0
iPhone 16 256GB - Trắng,12,17740000.0,19973333.333333332,12.59,2159598.08,0.0,24990000.0
iPhone 16 256GB - Xanh Lưu Ly,13,18640000.0,24123333.333333332,29.42,3110567.49,0.0,28590000.0
iPhone 16 256GB - Xanh Mòng Két,13,16715000.0,24156666.666666668,44.52,3342477.0,0.0,28590000.0
iPhone 16 256GB - Đen,12,19290000.0,19840000.0,2.85,2162106.44,0.0,24990000.0
iPhone 16 512GB - Hồng,13,20265000.0,27890000.0,37.63,3032936.33,9390000.0,31390000.0
iPhone 16 512GB - Trắng,13,18765000.0,28140000.0,49.96,3581225.76,0.0,31490000.0
iPhone 16 512GB - Xanh Lưu Ly,13,17990000.0,27273333.333333332,51.6,3260787.68,0.0,31390000.0
iPhone 16 512GB - Xanh Mòng Két,13,17990000.0,27306666.666666668,51.79,3384076.44,0.0,31390000.0
iPhone 16 512GB - Đen,13,19540000.0,27006666.666666668,38.21,2811108.97,0.0,31490000.0
iPhone 16 Plus 128GB - Hồng,35,18315000.0,23623333.333333332,28.98,1993271.38,0.0,25990000.0
iPhone 16 Plus 128GB - Trắng,35,18365000.0,23673333.333333332,28.9,1978423.73,0.0,25990000.0
iPhone 16 Plus 128GB - Xanh Lưu Ly,35,18365000.0,23690000.0,29.0,1986253.64,0.0,25990000.0
iPhone 16 Plus 128GB - Xanh Mòng Két,34,18390000.0,23690000.0,28.82,1943312.67,8690000.0,26990000.0
iPhone 16 Plus 128GB - Đen,35,18365000.0,23673333.333333332,28.9,2035162.05,0.0,25990000.0
iPhone 16 Plus 256GB - Hồng,10,19115000.0,24856666.666666668,30.04,3778182.66,0.0,33990000.0
iPhone 16 Plus 256GB - Trắng,10,19190000.0,24956666.666666668,30.05,3413575.52,0.0,28990000.0
iPhone 16 Plus 256GB - Xanh Lưu Ly,10,19940000.0,24715000.0,23.95,3202150.24,0.0,28990000.0
iPhone 16 Plus 256GB - Xanh Mòng Két,10,19165000.0,24956666.666666668,30.22,3252704.02,0.0,28590000.0
iPhone 16 Plus 256GB - Đen,10,19190000.0,24956666.666666668,30.05,3399555.57,0.0,28990000.0
iPhone 16 Plus 512GB - Hồng,14,20740000.0,28606666.666666668,37.93,3637406.14,9390000.0,34290000.0
iPhone 16 Plus 512GB - Trắng,11,11742500.0,29330000.0,149.78,5595395.69,0.0,34290000.0
iPhone 16 Plus 512GB - Xanh Lưu Ly,14,20390000.0,28206666.666666668,38.34,3367676.44,0.0,34290000.0
iPhone 16 Plus 512GB - Xanh Mòng Két,14,19640000.0,28790000.0,46.59,3612385.08,0.0,34290000.0
iPhone 16 Plus 512GB - Đen,14,19640000.0,28823333.333333332,46.76,3900060.79,9390000.0,37990000.0
"iPhone 16 Plus | Giá rẻ, trả góp 0%, nhiều ưu đãi - Trắng",3,3.331666705277502e+16,25440000.0,-100.0,1.9235386677117904e+16,12490000.0,1.999000021990001e+17
iPhone 16 Pro 128GB - Titan Sa Mạc,35,21365000.0,26323333.333333332,23.21,2567203.13,0.0,35990000.0
iPhone 16 Pro 128GB - Titan Trắng,37,21365000.0,26323333.333333332,23.21,2633123.92,0.0,35990000.0
iPhone 16 Pro 128GB - Titan Tự nhiên,36,24215000.0,26273333.333333332,8.5,2140824.6,0.0,35990000.0
iPhone 16 Pro 128GB - Titan Đen,37,25165000.0,28256666.666666668,12.29,2764905.73,0.0,42590000.0
iPhone 16 Pro 1TB - Titan Sa Mạc,15,31715000.0,41640000.0,31.29,4034379.53,18490000.0,48490000.0
iPhone 16 Pro 1TB - Titan Trắng,15,31390000.0,37723333.333333336,20.18,3282247.13,18490000.0,43090000.0
iPhone 16 Pro 1TB - Titan Tự nhiên,15,31390000.0,41640000.0,32.65,4164123.82,19490000.0,48490000.0
iPhone 16 Pro 1TB - Titan Đen,15,28740000.0,41640000.0,44.89,4221148.23,18490000.0,48490000.0
iPhone 16 Pro 256GB - Titan Sa Mạc,18,22865000.0,27273333.333333332,19.28,2286369.69,11990000.0,39990000.0
iPhone 16 Pro 256GB - Titan Trắng,18,23240000.0,28273333.333333332,21.66,2332222.49,11990000.0,39990000.0
iPhone 16 Pro 256GB - Titan Tự nhiên,18,22490000.0,26756666.666666668,18.97,2199659.77,11990000.0,39990000.0
iPhone 16 Pro 256GB - Titan Đen,18,25915000.0,27273333.333333332,5.24,1065223.44,11990000.0,34790000.0
iPhone 16 Pro 512GB - Titan Sa Mạc,16,24390000.0,29856666.666666668,22.41,3074913.59,11990000.0,45990000.0
iPhone 16 Pro 512GB - Titan Trắng,16,26865000.0,33956666.666666664,26.4,3040146.73,11990000.0,44990000.0
iPhone 16 Pro 512GB - Titan Tự nhiên,16,24015000.0,28706666.666666668,19.54,2655296.36,11990000.0,44990000.0
iPhone 16 Pro 512GB - Titan Đen,16,27440000.0,31790000.0,15.85,2156615.59,11990000.0,42590000.0
iPhone 16 Pro Max 1TB - Titan Sa Mạc,17,29340000.0,43240000.0,47.38,4714887.47,18490000.0,48490000.0
iPhone 16 Pro Max 1TB - Titan Trắng,17,29340000.0,43240000.0,47.38,4666148.32,18490000.0,48490000.0
iPhone 16 Pro Max 1TB - Titan Tự nhiên,17,32165000.0,43240000.0,34.43,4286112.67,19490000.0,48490000.0
iPhone 16 Pro Max 1TB - Titan Đen,17,30665000.0,43240000.0,41.01,4364238.05,22990000.0,48490000.0
iPhone 16 Pro Max 256GB - Titan Sa Mạc,29,23665000.0,31140000.0,31.59,3090523.91,0.0,39990000.0
iPhone 16 Pro Max 256GB - Titan Trắng,27,23665000.0,31190000.0,31.8,3253841.66,0.0,39990000.0
iPhone 16 Pro Max 256GB - Titan Tự nhiên,28,23665000.0,31190000.0,31.8,3202102.18,0.0,39990000.0
iPhone 16 Pro Max 256GB - Titan Đen,28,27465000.0,31190000.0,13.56,2314860.97,0.0,37990000.0
iPhone 16 Pro Max 512GB - Titan Sa Mạc,23,27065000.0,36723333.333333336,35.69,3406370.64,11990000.0,44990000.0
iPhone 16 Pro Max 512GB - Titan Trắng,23,27065000.0,36723333.333333336,35.69,3348363.09,11990000.0,44990000.0
iPhone 16 Pro Max 512GB - Titan Tự nhiên,23,27065000.0,35690000.0,31.87,3027110.99,11990000.0,44990000.0
iPhone 16 Pro Max 512GB - Titan Đen,23,29165000.0,36723333.333333336,25.92,2462272.22,11990000.0,40190000.0
iPhone 16e 128GB - Trắng,21,13240000.0,17150000.0,29.53,1564483.3,0.0,24990000.0
iPhone 16e 128GB - Đen,27,14790000.0,15933333.333333334,7.73,1160189.11,0.0,24990000.0
iPhone 16e 256GB - Trắng,11,16740000.0,20350000.0,21.57,2819062.92,9390000.0,28590000.0
iPhone 16e 256GB - Đen,11,14240000.0,18300000.0,28.51,2171014.62,0.0,24990000.0
iPhone 16e 512GB - Trắng,9,17740000.0,21823333.333333332,23.02,2767005.5,9390000.0,31490000.0
iPhone 16e 512GB - Đen,9,17040000.0,20023333.333333332,17.51,2558507.88,9390000.0,31490000.0
iPhone 17 256GB - Trắng,34,18240000.0,24940000.0,36.73,2226672.33,8690000.0,24990000.0
iPhone 17 256GB - Tím Oải Hương,35,24990000.0,24856666.666666668,-0.53,2167247.7,8690000.0,24990000.0
iPhone 17 256GB - Xanh Lam Khói,35,24990000.0,24940000.0,-0.2,2168137.42,9390000.0,24990000.0
iPhone 17 256GB - Xanh Lá Xô Thơm,34,24990000.0,24940000.0,-0.2,2245896.84,8690000.0,24990000.0
iPhone 17 256GB - Đen,35,24990000.0,24973333.333333332,-0.07,1733764.63,9390000.0,30490000.0
iPhone 17 512GB - Trắng,5,19615000.0,27590000.0,40.66,3047765.57,9390000.0,31490000.0
iPhone 17 512GB - Tím Oải Hương,5,21490000.0,27590000.0,28.39,2728002.93,9390000.0,31490000.0
iPhone 17 512GB - Xanh Lam Khói,5,19865000.0,27590000.0,38.89,2993555.58,9390000.0,31490000.0
iPhone 17 512GB - Xanh Lá Xô Thơm,5,19865000.0,21292000.0,7.18,709782.22,0.0,31490000.0
iPhone 17 512GB - Đen,5,21415000.0,27590000.0,28.83,2538047.97,9390000.0,31490000.0
iPhone 17 Pro 1TB - Bạc,8,32190000.0,47990000.0,49.08,5212211.07,13590000.0,47990000.0
iPhone 17 Pro 1TB - Cam Vũ Trụ,8,47990000.0,47440000.0,-1.15,3270281.25,24990000.0,47990000.0
iPhone 17 Pro 1TB - Xanh Đậm,8,47990000.0,36023333.333333336,-24.94,4967896.44,12090000.0,47990000.0
iPhone 17 Pro 256GB - Bạc,46,34990000.0,34806666.666666664,-0.52,3535236.02,8690000.0,37990000.0
iPhone 17 Pro 256GB - Cam Vũ Trụ,46,34790000.0,34456666.666666664,-0.96,3346100.24,9390000.0,40890000.0
iPhone 17 Pro 256GB - Xanh Đậm,45,23240000.0,34573333.333333336,48.77,3393619.5,8690000.0,34990000.0
iPhone 17 Pro 512GB - Bạc,8,24865000.0,33823333.333333336,36.03,6942585.28,9390000.0,43990000.0
iPhone 17 Pro 512GB - Cam Vũ Trụ,8,32023333.333333332,33823333.333333336,5.62,3699793.19,13590000.0,41490000.0
iPhone 17 Pro 512GB - Xanh Đậm,8,22365000.0,30190000.0,34.99,6048285.96,0.0,41490000.0
iPhone 17 Pro Max 1TB - Bạc,11,34190000.0,49490000.0,44.75,5445724.39,13590000.0,53990000.0
iPhone 17 Pro Max 1TB - Cam Vũ Trụ,11,57490000.0,50990000.0,-11.31,3996305.74,34690000.0,63990000.0
iPhone 17 Pro Max 1TB - Xanh Đậm,11,50990000.0,38023333.333333336,-25.43,5474519.26,0.0,50990000.0
iPhone 17 Pro Max 256GB - Bạc,53,24740000.0,37256666.666666664,50.59,3671554.81,9390000.0,39990000.0
iPhone 17 Pro Max 256GB - Cam Vũ Trụ,54,37990000.0,37573333.333333336,-1.1,2536357.63,0.0,43990000.0
iPhone 17 Pro Max 256GB - Xanh Đậm,55,37990000.0,37540000.0,-1.18,3603025.99,0.0,37990000.0
iPhone 17 Pro Max 2TB - Bạc,9,50990000.0,55323333.333333336,8.5,4947066.75,37690000.0,64990000.0
iPhone 17 Pro Max 2TB - Cam Vũ Trụ,9,63990000.0,45908333.333333336,-28.26,7829443.62,0.0,63990000.0
iPhone 17 Pro Max 2TB - Xanh Đậm,9,57490000.0,44291666.666666664,-22.96,6894066.18,0.0,63990000.0
iPhone 17 Pro Max 512GB - Bạc,13,32023333.333333332,42990000.0,34.25,4816368.53,13590000.0,44990000.0
iPhone 17 Pro Max 512GB - Cam Vũ Trụ,13,33856666.666666664,43706666.666666664,29.09,4422006.62,0.0,44490000.0
iPhone 17 Pro Max 512GB - Xanh Đậm,13,27990000.0,43906666.666666664,56.87,7061014.91,0.0,44490000.0
iPhone Air 1TB - Trắng Mây,9,28865000.0,41740000.0,44.6,4933685.13,12890000.0,41990000.0
iPhone Air 1TB - Vàng Nhạt,9,28865000.0,41490000.0,43.74,4891813.88,15790000.0,41990000.0
iPhone Air 1TB - Xanh Da Trời,9,28865000.0,41740000.0,44.6,4933685.13,12890000.0,41990000.0
iPhone Air 1TB - Đen Không Gian,9,28865000.0,41740000.0,44.6,4933685.13,12890000.0,41990000.0
iPhone Air 256GB - Trắng Mây,37,25315000.0,26456666.666666668,4.51,1947305.3,8690000.0,30990000.0
iPhone Air 256GB - Unknown,4,30490000.0,26456666.666666668,-13.23,2645103.79,11990000.0,30990000.0
iPhone Air 256GB - Vàng Nhạt,36,25315000.0,26456666.666666668,4.51,1975624.66,8490000.0,30990000.0
iPhone Air 256GB - Xanh Da Trời,36,30390000.0,26373333.333333332,-13.22,1956252.23,8690000.0,30990000.0
iPhone Air 256GB - Đen Không Gian,37,30990000.0,26456666.666666668,-14.63,2173030.47,8690000.0,30990000.0
iPhone Air 512GB - Trắng Mây,9,26890000.0,29715000.0,10.51,3465420.96,15790000.0,36490000.0
iPhone Air 512GB - Vàng Nhạt,9,26890000.0,27680000.0,2.94,3586313.49,15790000.0,36490000.0
iPhone Air 512GB - Xanh Da Trời,9,26765000.0,30065000.0,12.33,3470808.22,15790000.0,36490000.0
iPhone Air 512GB - Đen Không Gian,9,24865000.0,28356666.666666668,14.04,4024419.54,12090000.0,36490000.0
