Anchor_Name,Anchor_Color,Cheapest_Retailer,Min_Price,Price_Spread,Spread_Pct,FPT_Price,CPS_Price,HoangHa_Price,Viettel_Price,DDV_Price,MW_Price
iPhone 16 Pro Max 256GB,Titan Sa Mạc,HoangHa,30490000.0,1100000.0,3.6,31290000,31590000.0,30490000.0,30890000.0,30990000.0,31590000.0
iPhone 16 Pro 128GB,Titan Tự nhiên,"HoangHa, Viettel",24990000.0,6000000.0,24.0,25490000,25590000.0,24990000.0,24990000.0,30990000.0,25590000.0
iPhone 16 Plus 128GB,Hồng,HoangHa,22990000.0,1000000.0,4.3,23790000,23790000.0,22990000.0,23490000.0,23690000.0,23990000.0
iPhone 15 128GB,Hồng,DDV,16590000.0,3400000.0,20.5,16790000,16890000.0,16790000.0,19990000.0,16590000.0,19990000.0
iPhone 16 128GB,Trắng,Viettel,12490000.0,7500000.0,60.0,19790000,19790000.0,19990000.0,12490000.0,19690000.0,19990000.0
iPhone 13 128GB,Trắng,HoangHa,11990000.0,500000.0,4.2,12090000,12090000.0,11990000.0,12490000.0,12190000.0,12490000.0
iPhone 14 128GB,Xanh dương,Viettel,12490000.0,1400000.0,11.2,13590000,13590000.0,13490000.0,12490000.0,13490000.0,13890000.0
iPhone 16e 128GB,Đen,"CPS, Viettel",12490000.0,12500000.0,100.1,15190000,12490000.0,15250000.0,12490000.0,24990000.0,15190000.0
iPhone 16 Pro Max 256GB,Titan Trắng,HoangHa,30490000.0,1100000.0,3.6,31590000,31590000.0,30490000.0,30890000.0,30990000.0,31590000.0
iPhone 16 Pro 128GB,Titan Đen,"HoangHa, Viettel",24990000.0,17600000.0,70.4,25490000,25790000.0,24990000.0,24990000.0,42590000.0,25590000.0
iPhone 16 Plus 128GB,Trắng,HoangHa,23390000.0,600000.0,2.6,23790000,23790000.0,23390000.0,23490000.0,23590000.0,23990000.0
iPhone 16 128GB,Xanh Mòng Két,DDV,13490000.0,10000000.0,74.1,19790000,19790000.0,19990000.0,23490000.0,13490000.0,19990000.0
iPhone 13 128GB,Đen,HoangHa,11990000.0,500000.0,4.2,12090000,12090000.0,11990000.0,12490000.0,12190000.0,12490000.0
iPhone 14 128GB,Đen,Viettel,12490000.0,1400000.0,11.2,13590000,13590000.0,13490000.0,12490000.0,13490000.0,13890000.0
iPhone 15 128GB,Xanh dương,Viettel,12490000.0,4500000.0,36.0,16790000,16890000.0,13490000.0,12490000.0,16690000.0,16990000.0
iPhone 16 Pro Max 256GB,Titan Đen,HoangHa,30490000.0,1100000.0,3.6,31590000,31590000.0,30490000.0,30890000.0,30990000.0,31590000.0
iPhone 16 Pro 128GB,Titan Trắng,"HoangHa, Viettel",24990000.0,6000000.0,24.0,25490000,25790000.0,24990000.0,24990000.0,30990000.0,25590000.0
iPhone 16 Plus 128GB,Đen,HoangHa,23390000.0,600000.0,2.6,23790000,23790000.0,23390000.0,23490000.0,23590000.0,23990000.0
iPhone 16 128GB,Xanh Lưu Ly,DDV,19690000.0,3800000.0,19.3,19790000,19790000.0,19990000.0,23490000.0,19690000.0,19990000.0
iPhone 13 128GB,Đỏ,"CPS, HoangHa",11990000.0,8000000.0,66.7,12090000,11990000.0,11990000.0,12090000.0,16590000.0,19990000.0
iPhone 14 128GB,Trắng,Viettel,12490000.0,1400000.0,11.2,13590000,13590000.0,13490000.0,12490000.0,13490000.0,13890000.0
iPhone 15 128GB,Đen,Viettel,12490000.0,12500000.0,100.1,16790000,16890000.0,16790000.0,12490000.0,24990000.0,16990000.0
iPhone 16 Pro Max 256GB,Titan Tự nhiên,HoangHa,30490000.0,1100000.0,3.6,31590000,31590000.0,30490000.0,30890000.0,30990000.0,31590000.0
"iPhone 16 Pro giá giảm đến 6 triệu, nhiều ưu đãi, góp 0%",Titan Sa Mạc,"HoangHa, Viettel",24990000.0,6000000.0,24.0,25590000,25790000.0,24990000.0,24990000.0,30990000.0,25590000.0
iPhone 16 Plus 128GB,Xanh Lưu Ly,HoangHa,23390000.0,600000.0,2.6,23790000,23790000.0,23390000.0,23490000.0,23690000.0,23990000.0
iPhone 16 128GB,Hồng,HoangHa,19490000.0,500000.0,2.6,19790000,19790000.0,19490000.0,19990000.0,19690000.0,19990000.0
iPhone 13 128GB,Hồng,HoangHa,11990000.0,8000000.0,66.7,12090000,12290000.0,11990000.0,19990000.0,16590000.0,19990000.0
"iPhone 14 chính hãng | Giá tốt, ưu đãi đến 6 triệu",Đỏ,CPS,11990000.0,19500000.0,162.6,13990000,11990000.0,17390000.0,30990000.0,13490000.0,31490000.0
iPhone 15 128GB,Vàng,HoangHa,16390000.0,3600000.0,22.0,16790000,16890000.0,16390000.0,19990000.0,16590000.0,16990000.0
iPhone 16 Plus 128GB,Xanh Mòng Két,HoangHa,23390000.0,600000.0,2.6,23790000,23790000.0,23390000.0,23490000.0,23690000.0,23990000.0
iPhone 14 128GB,Tím,Viettel,12490000.0,1500000.0,12.0,13990000,13590000.0,13490000.0,12490000.0,13490000.0,13890000.0
iPhone 16 128GB,Đen,Viettel,12490000.0,12500000.0,100.1,19790000,19790000.0,19990000.0,12490000.0,24990000.0,19990000.0
"iPhone 13 chính hãng | Đủ màu, giá tốt nhất hôm nay",Xanh,FPT,12590000.0,11200000.0,89.0,12590000,23790000.0,17690000.0,23490000.0,16590000.0,19590000.0
iPhone 15 128GB,Xanh lá,HoangHa,13490000.0,6500000.0,48.2,16790000,16890000.0,13490000.0,19990000.0,16690000.0,13890000.0
iPhone 17 256GB,Xanh Lam Khói,DDV,24790000.0,200000.0,0.8,24990000,24990000.0,24890000.0,24990000.0,24790000.0,24990000.0
iPhone 14 128GB,Vàng,DDV,13490000.0,6500000.0,48.2,13990000,13590000.0,16390000.0,19990000.0,13490000.0,16990000.0
iPhone 16 Pro Max 512GB,Titan Đen,DDV,30990000.0,9200000.0,29.7,40190000,37990000.0,36690000.0,36490000.0,30990000.0,37990000.0
"iPhone 13 chính hãng | Đủ màu, giá tốt nhất hôm nay",Xanh lá,FPT,12590000.0,11200000.0,89.0,12590000,23790000.0,17690000.0,23490000.0,16590000.0,19590000.0
iPhone 16 Pro 128GB,Titan Tự nhiên,"HoangHa, Viettel",24990000.0,6000000.0,24.0,25490000,25590000.0,24990000.0,24990000.0,30990000.0,25590000.0
iPhone 17 256GB,Xanh Lá Xô Thơm,DDV,24790000.0,200000.0,0.8,24990000,24990000.0,24890000.0,24990000.0,24790000.0,24990000.0
iPhone 16 Pro Max 512GB,Titan Sa Mạc,DDV,30990000.0,9200000.0,29.7,40190000,37990000.0,36690000.0,36490000.0,30990000.0,37990000.0
iPhone 16 Pro 128GB,Titan Đen,"HoangHa, Viettel",24990000.0,17600000.0,70.4,25590000,25790000.0,24990000.0,24990000.0,42590000.0,25590000.0
iPhone 16 Plus 128GB,Hồng,HoangHa,22990000.0,1000000.0,4.3,23790000,23790000.0,22990000.0,23490000.0,23690000.0,23990000.0
iPhone 16 128GB,Trắng,Viettel,12490000.0,7500000.0,60.0,19790000,19790000.0,19990000.0,12490000.0,19690000.0,19990000.0
iPhone 17 256GB,Trắng,DDV,24790000.0,200000.0,0.8,24990000,24990000.0,24890000.0,24990000.0,24790000.0,24990000.0
iPhone 15 128GB,Hồng,DDV,16590000.0,3400000.0,20.5,16790000,16890000.0,16790000.0,19990000.0,16590000.0,19990000.0
iPhone 14 256GB,Đỏ,CPS,16290000.0,4300000.0,26.4,20590000,16290000.0,17990000.0,19990000.0,19990000.0,19990000.0
iPhone 13 256GB,Đen,CPS,16290000.0,8700000.0,53.4,17990000,16290000.0,24890000.0,19990000.0,24990000.0,16590000.0
iPhone 16 Pro Max 512GB,Titan Trắng,DDV,30990000.0,9200000.0,29.7,40190000,37990000.0,36690000.0,36490000.0,30990000.0,37990000.0
iPhone 16 Pro 128GB,Titan Trắng,"HoangHa, Viettel",24990000.0,6000000.0,24.0,25590000,25790000.0,24990000.0,24990000.0,30990000.0,25590000.0
iPhone 16 Plus 128GB,Trắng,HoangHa,23390000.0,600000.0,2.6,23790000,23790000.0,23390000.0,23490000.0,23590000.0,23990000.0
iPhone 16 128GB,Xanh Mòng Két,DDV,13490000.0,10000000.0,74.1,19790000,19790000.0,19990000.0,23490000.0,13490000.0,19990000.0
iPhone 17 256GB,Tím Oải Hương,"HoangHa, DDV",24590000.0,400000.0,1.6,24990000,24990000.0,24590000.0,24990000.0,24590000.0,24990000.0
iPhone 15 128GB,Xanh dương,Viettel,12490000.0,4500000.0,36.0,16790000,16890000.0,13490000.0,12490000.0,16690000.0,16990000.0
iPhone 13 256GB,Đỏ,CPS,16290000.0,3700000.0,22.7,17990000,16290000.0,17990000.0,19990000.0,19990000.0,19990000.0
iPhone 14 256GB,Vàng,CPS,16290000.0,4300000.0,26.4,20590000,16290000.0,17990000.0,19990000.0,19990000.0,19990000.0
iPhone 16 Pro Max 512GB,Titan Tự nhiên,HoangHa,30490000.0,9700000.0,31.8,40190000,37990000.0,30490000.0,36490000.0,30990000.0,37990000.0
iPhone 16 Pro 128GB,Titan Sa Mạc,"HoangHa, Viettel",24990000.0,6000000.0,24.0,25590000,25790000.0,24990000.0,24990000.0,30990000.0,25590000.0
iPhone 16 Plus 128GB,Đen,HoangHa,23390000.0,600000.0,2.6,23790000,23790000.0,23390000.0,23490000.0,23590000.0,23990000.0
iPhone 16 128GB,Xanh Lưu Ly,DDV,19690000.0,3800000.0,19.3,19790000,19790000.0,19990000.0,23490000.0,19690000.0,19990000.0
iPhone 17 256GB,Đen,HoangHa,24890000.0,100000.0,0.4,24990000,24990000.0,24890000.0,24990000.0,24990000.0,24990000.0
iPhone 15 128GB,Đen,Viettel,12490000.0,12500000.0,100.1,16790000,16890000.0,16790000.0,12490000.0,24990000.0,16990000.0
iPhone 14 256GB,Đen,CPS,16290000.0,8700000.0,53.4,20590000,16290000.0,24890000.0,19990000.0,24990000.0,16590000.0
iPhone 16 Plus 128GB,Xanh Lưu Ly,HoangHa,23390000.0,600000.0,2.6,23790000,23790000.0,23390000.0,23490000.0,23690000.0,23990000.0
iPhone 16 128GB,Hồng,HoangHa,19490000.0,500000.0,2.6,19790000,19790000.0,19490000.0,19990000.0,19690000.0,19990000.0
iPhone 15 128GB,Vàng,HoangHa,16390000.0,3600000.0,22.0,16790000,16890000.0,16390000.0,19990000.0,16590000.0,16990000.0
iPhone 13 256GB,Hồng,"FPT, HoangHa",17990000.0,2000000.0,11.1,17990000,19990000.0,17990000.0,19990000.0,19990000.0,19990000.0
iPhone 16 Pro Max 1TB,Titan Đen,MW,39990000.0,8500000.0,21.3,42990000,42990000.0,42390000.0,48490000.0,42590000.0,39990000.0
iPhone 14 256GB,Tím,CPS,16290000.0,8500000.0,52.2,20590000,16290000.0,24590000.0,19990000.0,24790000.0,16590000.0
iPhone 16 Plus 128GB,Xanh Mòng Két,HoangHa,23390000.0,600000.0,2.6,23790000,23790000.0,23390000.0,23490000.0,23690000.0,23990000.0
iPhone 16 Pro 512GB,Titan Đen,Viettel,24990000.0,17600000.0,70.4,37190000,25790000.0,34590000.0,24990000.0,42590000.0,25590000.0
iPhone 16 128GB,Đen,Viettel,12490000.0,12500000.0,100.1,19790000,19790000.0,19990000.0,12490000.0,24990000.0,19990000.0
iPhone 17 256GB,Xanh Lam Khói,DDV,24790000.0,200000.0,0.8,24990000,24990000.0,24890000.0,24990000.0,24790000.0,24990000.0
iPhone 15 128GB,Xanh lá,HoangHa,13490000.0,6500000.0,48.2,16790000,16890000.0,13490000.0,19990000.0,16690000.0,13890000.0
iPhone 16 Pro Max 1TB,Titan Sa Mạc,MW,39990000.0,8500000.0,21.3,42990000,42990000.0,42390000.0,48490000.0,42590000.0,39990000.0
iPhone 13 256GB,Trắng,Viettel,15490000.0,9400000.0,60.7,17990000,16290000.0,24890000.0,15490000.0,19890000.0,16990000.0
iPhone 14 256GB,Trắng,DDV,13490000.0,11400000.0,84.5,20590000,16290000.0,24890000.0,15490000.0,13490000.0,16990000.0
iPhone 16 Pro 512GB,Titan Sa Mạc,Viettel,24990000.0,12200000.0,48.8,37190000,25790000.0,34590000.0,24990000.0,30990000.0,25590000.0
iPhone 17 256GB,Xanh Lá Xô Thơm,DDV,24790000.0,200000.0,0.8,24990000,24990000.0,24890000.0,24990000.0,24790000.0,24990000.0
iPhone 16 Pro Max 1TB,Titan Trắng,MW,39990000.0,8500000.0,21.3,42990000,42990000.0,42390000.0,48490000.0,42590000.0,39990000.0
iPhone 14 256GB,Xanh dương,CPS,16290000.0,8600000.0,52.8,20590000,16290000.0,24890000.0,19990000.0,16990000.0,16590000.0
iPhone 13 256GB,Xanh,CPS,16290000.0,8600000.0,52.8,17990000,16290000.0,24890000.0,19990000.0,19890000.0,16590000.0
iPhone 16 Plus 512GB,Đen,DDV,24990000.0,9300000.0,37.2,34290000,27990000.0,29390000.0,26290000.0,24990000.0,29990000.0
iPhone 16 Pro 512GB,Titan Trắng,Viettel,24990000.0,13000000.0,52.0,37190000,37990000.0,34590000.0,24990000.0,30990000.0,37990000.0
iPhone 16 128GB,Trắng,Viettel,12490000.0,7500000.0,60.0,19790000,19790000.0,19990000.0,12490000.0,19690000.0,19990000.0
iPhone 17 256GB,Trắng,DDV,24790000.0,200000.0,0.8,24990000,24990000.0,24890000.0,24990000.0,24790000.0,24990000.0
iPhone 15 128GB,Hồng,DDV,16590000.0,3400000.0,20.5,16790000,16890000.0,16790000.0,19990000.0,16590000.0,19990000.0
iPhone 16 Pro Max 1TB,Titan Tự nhiên,MW,39990000.0,8500000.0,21.3,42990000,42990000.0,42390000.0,48490000.0,42590000.0,39990000.0
iPhone 13 256GB,Xanh rêu,CPS,16290000.0,8600000.0,52.8,17990000,16290000.0,24890000.0,19990000.0,19890000.0,16590000.0
iPhone 16 Pro 512GB,Titan Tự nhiên,Viettel,24990000.0,12200000.0,48.8,37190000,25590000.0,27890000.0,24990000.0,30990000.0,25590000.0
iPhone 16 Plus 512GB,Hồng,DDV,23690000.0,10600000.0,44.7,34290000,27990000.0,29390000.0,26290000.0,23690000.0,29990000.0
iPhone 16 128GB,Xanh Mòng Két,DDV,13490000.0,10000000.0,74.1,19790000,19790000.0,19990000.0,23490000.0,13490000.0,19990000.0
iPhone 17 256GB,Tím Oải Hương,"HoangHa, DDV",24590000.0,400000.0,1.6,24990000,24990000.0,24590000.0,24990000.0,24590000.0,24990000.0
iPhone 15 128GB,Xanh dương,Viettel,12490000.0,4500000.0,36.0,16790000,16890000.0,13490000.0,12490000.0,16690000.0,16990000.0
iPhone 14 512GB,Đen,"FPT, DDV",24990000.0,6500000.0,26.0,24990000,27990000.0,30490000.0,30990000.0,24990000.0,31490000.0
"iPhone 16 Plus | Giá rẻ, trả góp 0%, nhiều ưu đãi",Trắng,HoangHa,23390000.0,10900000.0,46.6,34290000,23790000.0,23390000.0,23490000.0,23690000.0,23990000.0
iPhone 16 128GB,Xanh Lưu Ly,DDV,19690000.0,3800000.0,19.3,19790000,19790000.0,19990000.0,23490000.0,19690000.0,19990000.0
iPhone 17 256GB,Đen,HoangHa,24890000.0,100000.0,0.4,24990000,24990000.0,24890000.0,24990000.0,24990000.0,24990000.0
iPhone 15 128GB,Đen,Viettel,12490000.0,12500000.0,100.1,16790000,16890000.0,16790000.0,12490000.0,24990000.0,16990000.0
iPhone 13 512GB,Đen,FPT,24490000.0,7000000.0,28.6,24490000,27990000.0,30490000.0,30990000.0,24990000.0,31490000.0
iPhone 14 512GB,Đỏ,CPS,13590000.0,11400000.0,83.9,24990000,13590000.0,20990000.0,19990000.0,16590000.0,19990000.0
iPhone 16 Pro 1TB,Titan Sa Mạc,CPS,37690000.0,10800000.0,28.7,43090000,37690000.0,37990000.0,48490000.0,42590000.0,39990000.0
iPhone 16 Plus 512GB,Xanh Lưu Ly,DDV,23690000.0,10600000.0,44.7,34290000,27990000.0,26990000.0,26290000.0,23690000.0,29990000.0
iPhone 16 128GB,Hồng,HoangHa,19490000.0,500000.0,2.6,19790000,19790000.0,19490000.0,19990000.0,19690000.0,19990000.0
iPhone 15 128GB,Vàng,HoangHa,16390000.0,3600000.0,22.0,16790000,16890000.0,16390000.0,19990000.0,16590000.0,16990000.0
iPhone 14 512GB,Tím,CPS,16290000.0,15200000.0,93.3,24990000,16290000.0,30490000.0,30990000.0,24590000.0,31490000.0
iPhone 17 Pro 256GB,Unknown,HoangHa,24890000.0,9900000.0,39.8,34390000,34790000.0,24890000.0,34690000.0,33990000.0,24990000.0
iPhone 16 Pro 1TB,Titan Trắng,Viettel,24990000.0,18100000.0,72.4,43090000,37690000.0,37990000.0,24990000.0,42590000.0,39990000.0
iPhone 16 Plus 512GB,Xanh Mòng Két,DDV,24790000.0,9500000.0,38.3,34290000,27990000.0,29390000.0,26290000.0,24790000.0,29990000.0
iPhone 16 128GB,Đen,Viettel,12490000.0,12500000.0,100.1,19790000,19790000.0,19990000.0,12490000.0,24990000.0,19990000.0
iPhone 15 128GB,Xanh lá,HoangHa,13490000.0,6500000.0,48.2,16790000,16890000.0,13490000.0,19990000.0,16690000.0,13890000.0
iPhone 14 512GB,Trắng,DDV,13490000.0,18000000.0,133.4,24990000,27990000.0,30490000.0,30990000.0,13490000.0,31490000.0
iPhone 16 Pro 1TB,Titan Đen,CPS,37690000.0,10800000.0,28.7,43090000,37690000.0,37990000.0,48490000.0,42590000.0,39990000.0
iPhone 17 Pro Max 256GB,Unknown,HoangHa,36990000.0,1000000.0,2.7,37690000,37790000.0,36990000.0,37490000.0,37290000.0,37990000.0
iPhone 14 512GB,Vàng,CPS,16290000.0,11700000.0,71.8,24990000,16290000.0,20990000.0,19990000.0,16590000.0,27990000.0
iPhone Air 256GB,Unknown,Viettel,25990000.0,1000000.0,3.8,26490000,26490000.0,26490000.0,25990000.0,26290000.0,26990000.0
iPhone 16 Pro 1TB,Titan Tự nhiên,CPS,37690000.0,10800000.0,28.7,43090000,37690000.0,37990000.0,48490000.0,42590000.0,39990000.0
iPhone 14 512GB,Xanh dương,DDV,13490000.0,17500000.0,129.7,24990000,27990000.0,30490000.0,30990000.0,13490000.0,22990000.0
iPad Air 5 2022 10.9 inch M1 WiFi 5G 64GB,Tím,DDV,13790000.0,12700000.0,92.1,20990000,24290000.0,22890000.0,26490000.0,13790000.0,24490000.0
iPad A16 WiFi 128GB,Bạc,"FPT, CPS, DDV, MW",8490000.0,200000.0,2.4,8490000,8490000.0,8690000.0,8690000.0,8490000.0,8490000.0
iPad A16 5G 128GB,Xanh dương,Viettel,8690000.0,4300000.0,49.5,12990000,12990000.0,12490000.0,8690000.0,12490000.0,12990000.0
iPad Air 11 inch M3 2025 WiFi 128GB,Xám không gian,DDV,13790000.0,4700000.0,34.1,15790000,15790000.0,14990000.0,18490000.0,13790000.0,15790000.0
iPad Air 11 inch M2 2024 Wifi + Cellular 128GB,Xanh dương,DDV,13490000.0,11000000.0,81.5,17990000,15890000.0,14990000.0,24490000.0,13490000.0,19090000.0
iPad Air 5 2022 10.9 inch M1 WiFi 5G 64GB,Trắng,DDV,13790000.0,12700000.0,92.1,20990000,18790000.0,22890000.0,26490000.0,13790000.0,24490000.0
iPad A16 WiFi 128GB,Xanh dương,"FPT, CPS, DDV, MW",8490000.0,200000.0,2.4,8490000,8490000.0,8690000.0,8690000.0,8490000.0,8490000.0
"iPad A16 WiFi + Cellular 128GB (Gen 11) 2025 chính hãng, góp 0%",Bạc,"CPS, MW",8490000.0,4500000.0,53.0,12990000,8490000.0,10990000.0,8690000.0,11390000.0,8490000.0
iPad Air 11 inch M3 2025 WiFi 128GB,Ánh Sao,DDV,13790000.0,10700000.0,77.6,15790000,15790000.0,14990000.0,24490000.0,13790000.0,15790000.0
iPad Air 11 inch M3 2025 WiFi + Cellular 128GB,Xanh dương,DDV,13790000.0,10700000.0,77.6,20290000,15890000.0,14990000.0,24490000.0,13790000.0,15790000.0
iPad Air 5 2022 10.9 inch M1 WiFi 5G 64GB,Xám,DDV,13790000.0,12700000.0,92.1,20990000,24290000.0,22890000.0,26490000.0,13790000.0,20490000.0
iPad A16 WiFi 128GB,Hồng,FPT,8490000.0,2900000.0,34.2,8490000,8690000.0,8690000.0,8690000.0,11390000.0,8690000.0
iPad A16 5G 128GB,Hồng,DDV,8590000.0,4400000.0,51.2,12990000,12990000.0,12490000.0,8690000.0,8590000.0,12990000.0
"iPad Air M2 11 inch 2024 Wifi | Mạnh mẽ, sang trọng",Tím,DDV,13790000.0,12700000.0,92.1,16990000,18790000.0,22890000.0,26490000.0,13790000.0,19090000.0
iPad Air 11 inch M3 2025 WiFi 128GB,Xanh dương,DDV,13490000.0,11000000.0,81.5,15790000,15790000.0,14990000.0,24490000.0,13490000.0,15790000.0
iPad Air 11 inch M3 2025 WiFi + Cellular 128GB,Ánh Sao,DDV,13490000.0,11000000.0,81.5,20290000,15890000.0,14990000.0,24490000.0,13490000.0,15790000.0
iPad Air 13 inch M3 2025 WiFi 128GB,Ánh Sao,DDV,13490000.0,9500000.0,70.4,21190000,21390000.0,19990000.0,22990000.0,13490000.0,21790000.0
iPad Air 5 2022 10.9 inch M1 WiFi 5G 64GB,Hồng,DDV,12490000.0,14000000.0,112.1,20990000,24290000.0,26190000.0,26490000.0,12490000.0,19090000.0
iPad A16 WiFi 128GB,Vàng,"HoangHa, DDV",8490000.0,200000.0,2.4,8690000,8690000.0,8490000.0,8690000.0,8490000.0,8690000.0
iPad A16 5G 128GB,Vàng,DDV,8590000.0,4400000.0,51.2,12990000,12990000.0,12490000.0,8690000.0,8590000.0,12990000.0
iPad Air 11 inch M2 2024 Wifi 128GB,Trắng,Viettel,8690000.0,8300000.0,95.5,16990000,15890000.0,14990000.0,8690000.0,13790000.0,15790000.0
iPad Air 11 inch M3 2025 WiFi 128GB,Tím,DDV,13790000.0,10700000.0,77.6,15790000,15890000.0,14990000.0,24490000.0,13790000.0,15790000.0
iPad Air 11 inch M3 2025 WiFi + Cellular 128GB,Tím,DDV,13790000.0,10700000.0,77.6,20290000,15890000.0,14990000.0,24490000.0,13790000.0,15790000.0
iPad Air 13 inch M3 2025 WiFi 128GB,Tím,DDV,13790000.0,10700000.0,77.6,21190000,21390000.0,19990000.0,24490000.0,13790000.0,21790000.0
iPad Air 5 2022 10.9 inch M1 WiFi 5G 64GB,Xanh dương,DDV,13790000.0,12700000.0,92.1,20990000,24290000.0,22890000.0,26490000.0,13790000.0,24490000.0
iPad Air 11 inch M2 2024 Wifi 128GB,Xám,Viettel,8690000.0,8300000.0,95.5,16990000,15790000.0,14990000.0,8690000.0,13490000.0,15790000.0
iPad Air 13 inch M3 2025 WiFi + Cellular 128GB,Tím,DDV,13790000.0,11700000.0,84.8,25490000,21390000.0,19990000.0,24490000.0,13790000.0,21790000.0
"iPad Air 11 M3 WiFi + Cellular 128GB 2025 giá rẻ, góp 0%",Xám không gian,DDV,13790000.0,6500000.0,47.1,20290000,15890000.0,14990000.0,18490000.0,13790000.0,19090000.0
iPad Air 13 inch M3 2025 WiFi 128GB,Xám không gian,DDV,13790000.0,9200000.0,66.7,21190000,21390000.0,19990000.0,22990000.0,13790000.0,21790000.0
iPad A16 WiFi 128GB,Bạc,"FPT, CPS, DDV, MW",8490000.0,200000.0,2.4,8490000,8490000.0,8690000.0,8690000.0,8490000.0,8490000.0
iPad A16 5G 256GB,Vàng,DDV,11390000.0,33600000.0,295.0,15790000,15790000.0,14990000.0,44990000.0,11390000.0,12990000.0
iPad Air 11 inch M2 2024 Wifi 128GB,Xanh dương,Viettel,8690000.0,8300000.0,95.5,16990000,15890000.0,14990000.0,8690000.0,13490000.0,15790000.0
iPad Air 13 inch M3 2025 WiFi + Cellular 128GB,Xanh dương,DDV,13790000.0,12200000.0,88.5,25990000,21390000.0,19990000.0,24490000.0,13790000.0,21790000.0
iPad Air 11 inch M3 2025 WiFi 128GB,Xám không gian,DDV,13790000.0,4700000.0,34.1,15790000,15790000.0,14990000.0,18490000.0,13790000.0,15790000.0
iPad Air 5 2022 10.9 inch M1 WiFi 5G 256GB,Hồng,DDV,11390000.0,15100000.0,132.6,24990000,18790000.0,21490000.0,26490000.0,11390000.0,19090000.0
iPad Air 13 inch M3 2025 WiFi 128GB,Xanh dương,DDV,13490000.0,11000000.0,81.5,21190000,21390000.0,19990000.0,24490000.0,13490000.0,21790000.0
iPad A16 WiFi 128GB,Xanh dương,"FPT, CPS, DDV, MW",8490000.0,200000.0,2.4,8490000,8490000.0,8690000.0,8690000.0,8490000.0,8490000.0
iPad A16 5G 256GB,Xanh dương,DDV,11390000.0,33600000.0,295.0,15790000,15790000.0,14990000.0,44990000.0,11390000.0,12990000.0
iPad Air 13 inch M3 2025 WiFi + Cellular 128GB,Xám không gian,DDV,13790000.0,12200000.0,88.5,25990000,21390000.0,19990000.0,22990000.0,13790000.0,21790000.0
iPad Air 11 inch M3 2025 WiFi 128GB,Ánh Sao,DDV,13790000.0,10700000.0,77.6,15790000,15790000.0,14990000.0,24490000.0,13790000.0,15790000.0
iPad Air 11 inch M3 2025 WiFi + Cellular 256GB,Tím,DDV,13790000.0,9500000.0,68.9,23290000,18790000.0,17990000.0,18490000.0,13790000.0,19090000.0
iPad Air 5 2022 10.9 inch M1 WiFi 5G 256GB,Tím,DDV,11390000.0,15100000.0,132.6,24990000,18790000.0,17990000.0,26490000.0,11390000.0,19090000.0
iPad A16 WiFi 128GB,Hồng,FPT,8490000.0,2900000.0,34.2,8490000,8690000.0,8690000.0,8690000.0,11390000.0,8690000.0
iPad A16 5G 256GB,Hồng,Viettel,8690000.0,7100000.0,81.7,15790000,15790000.0,14990000.0,8690000.0,11390000.0,12990000.0
iPad Air 11 inch M3 2025 WiFi 128GB,Xanh dương,DDV,13490000.0,11000000.0,81.5,15790000,15790000.0,14990000.0,24490000.0,13490000.0,15790000.0
iPad Air 13 inch M3 2025 WiFi + Cellular 128GB,Ánh Sao,DDV,13490000.0,12500000.0,92.7,25990000,21390000.0,19990000.0,24490000.0,13490000.0,15790000.0
iPad Air 11 inch M2 2024 Wifi 256GB,Tím,DDV,13790000.0,5700000.0,41.3,19490000,18790000.0,17990000.0,18490000.0,13790000.0,19090000.0
iPad Air 11 inch M3 2025 WiFi + Cellular 256GB,Xanh dương,DDV,13790000.0,9500000.0,68.9,23290000,18790000.0,17990000.0,18490000.0,13790000.0,19090000.0
iPad Air 5 2022 10.9 inch M1 WiFi 5G 256GB,Trắng,DDV,12490000.0,14000000.0,112.1,24990000,18790000.0,17990000.0,26490000.0,12490000.0,19090000.0
iPad A16 WiFi 128GB,Vàng,"HoangHa, DDV",8490000.0,200000.0,2.4,8690000,8690000.0,8490000.0,8690000.0,8490000.0,8690000.0
iPad Air 13 inch M3 2025 WiFi 128GB,Ánh Sao,DDV,13490000.0,9500000.0,70.4,21190000,21390000.0,19990000.0,22990000.0,13490000.0,21790000.0
iPad A16 5G 256GB,Bạc,DDV,11390000.0,33600000.0,295.0,15790000,15790000.0,14990000.0,44990000.0,11390000.0,12990000.0
iPad Air 11 inch M3 2025 WiFi 128GB,Tím,DDV,13790000.0,10700000.0,77.6,15790000,15890000.0,14990000.0,24490000.0,13790000.0,15790000.0
iPad Air 11 inch M2 2024 Wifi 256GB,Trắng,DDV,11390000.0,8100000.0,71.1,19490000,18790000.0,17990000.0,18490000.0,11390000.0,19090000.0
iPad Air 5 2022 10.9 inch M1 WiFi 5G 256GB,Xám,DDV,12490000.0,14000000.0,112.1,24990000,18790000.0,17990000.0,26490000.0,12490000.0,19090000.0
iPad Air 11 inch M3 2025 WiFi + Cellular 256GB,Ánh Sao,DDV,13790000.0,9500000.0,68.9,23290000,18790000.0,17990000.0,18490000.0,13790000.0,19090000.0
iPad Air 13 inch M3 2025 WiFi 128GB,Tím,DDV,13790000.0,10700000.0,77.6,21190000,21390000.0,19990000.0,24490000.0,13790000.0,21790000.0
iPad Air 11 inch M2 2024 Wifi 256GB,Xám,DDV,13490000.0,6000000.0,44.5,19490000,18790000.0,17990000.0,18490000.0,13490000.0,19090000.0
iPad Air 13 inch M3 2025 WiFi + Cellular 256GB,Ánh Sao,DDV,13490000.0,15200000.0,112.7,28690000,23990000.0,22490000.0,22990000.0,13490000.0,19090000.0
iPad Air 5 2022 10.9 inch M1 WiFi 5G 256GB,Xanh dương,DDV,12490000.0,14000000.0,112.1,24990000,18790000.0,17990000.0,26490000.0,12490000.0,19090000.0
iPad Air 11 inch M3 2025 WiFi + Cellular 256GB,Xám không gian,DDV,13790000.0,9500000.0,68.9,23290000,18790000.0,17990000.0,18490000.0,13790000.0,19090000.0
iPad Air 13 inch M3 2025 WiFi 128GB,Xám không gian,DDV,13790000.0,9200000.0,66.7,21190000,21390000.0,19990000.0,22990000.0,13790000.0,21790000.0
iPad A16 WiFi 128GB,Bạc,"FPT, CPS, DDV, MW",8490000.0,200000.0,2.4,8490000,8490000.0,8690000.0,8690000.0,8490000.0,8490000.0
iPad A16 5G 512GB,Bạc,DDV,11390000.0,33600000.0,295.0,21290000,15790000.0,14990000.0,44990000.0,11390000.0,12990000.0
iPad Air 11 inch M2 2024 Wifi 256GB,Xanh dương,DDV,11390000.0,8100000.0,71.1,19490000,18790000.0,17990000.0,18490000.0,11390000.0,19090000.0
iPad Air 13 inch M3 2025 WiFi + Cellular 256GB,Tím,DDV,13790000.0,15000000.0,108.8,28790000,23990000.0,22490000.0,22990000.0,13790000.0,19090000.0
iPad Air 11 inch M3 2025 WiFi 128GB,Xám không gian,DDV,13790000.0,4700000.0,34.1,15790000,15790000.0,14990000.0,18490000.0,13790000.0,15790000.0
iPad Air 13 inch M3 2025 WiFi 128GB,Xanh dương,DDV,13490000.0,11000000.0,81.5,21190000,21390000.0,19990000.0,24490000.0,13490000.0,21790000.0
iPad A16 WiFi 128GB,Xanh dương,"FPT, CPS, DDV, MW",8490000.0,200000.0,2.4,8490000,8490000.0,8690000.0,8690000.0,8490000.0,8490000.0
iPad A16 5G 512GB,Hồng,Viettel,8690000.0,12600000.0,145.0,21290000,12990000.0,14990000.0,8690000.0,11390000.0,12990000.0
iPad Air 13 inch M3 2025 WiFi + Cellular 256GB,Xanh dương,DDV,13790000.0,14900000.0,108.0,28690000,23990000.0,22490000.0,22990000.0,13790000.0,19090000.0
iPad Air 11 inch M3 2025 WiFi 128GB,Ánh Sao,DDV,13790000.0,10700000.0,77.6,15790000,15790000.0,14990000.0,24490000.0,13790000.0,15790000.0
iPad Air 11 inch M3 2025 WiFi + Cellular 256GB,Tím,DDV,13790000.0,9500000.0,68.9,23290000,18790000.0,17990000.0,18490000.0,13790000.0,19090000.0
iPad Air 11 inch M2 2024 Wifi 256GB,Tím,DDV,13790000.0,5700000.0,41.3,19490000,18790000.0,17990000.0,18490000.0,13790000.0,19090000.0
iPad A16 WiFi 128GB,Hồng,FPT,8490000.0,2900000.0,34.2,8490000,8690000.0,8690000.0,8690000.0,11390000.0,8690000.0
iPad A16 5G 512GB,Vàng,DDV,11390000.0,33600000.0,295.0,21290000,12990000.0,14990000.0,44990000.0,11390000.0,12990000.0
iPad Air 13 inch M3 2025 WiFi + Cellular 256GB,Xám không gian,DDV,13790000.0,15000000.0,108.8,28790000,23990000.0,22490000.0,22990000.0,13790000.0,19090000.0
iPad Air 11 inch M3 2025 WiFi 128GB,Xanh dương,DDV,13490000.0,11000000.0,81.5,15790000,15790000.0,14990000.0,24490000.0,13490000.0,15790000.0
iPad Air 11 inch M3 2025 WiFi + Cellular 256GB,Xanh dương,DDV,13790000.0,9500000.0,68.9,23290000,18790000.0,17990000.0,18490000.0,13790000.0,19090000.0
iPad Air 13 inch M3 2025 WiFi 128GB,Ánh Sao,DDV,13490000.0,9500000.0,70.4,21190000,21390000.0,19990000.0,22990000.0,13490000.0,21790000.0
iPad Air 11 inch M2 2024 Wifi 256GB,Trắng,DDV,11390000.0,8100000.0,71.1,19490000,18790000.0,17990000.0,18490000.0,11390000.0,19090000.0
iPad A16 WiFi 128GB,Vàng,"HoangHa, DDV",8490000.0,200000.0,2.4,8690000,8690000.0,8490000.0,8690000.0,8490000.0,8690000.0
iPad mini 7 2024 Wifi 128GB,Xám không gian,DDV,11490000.0,2500000.0,21.8,11790000,11790000.0,13990000.0,13990000.0,11490000.0,11790000.0
iPad A16 5G 512GB,Xanh dương,DDV,12490000.0,32500000.0,260.2,22190000,15790000.0,20790000.0,44990000.0,12490000.0,12990000.0
iPad Air 11 inch M3 2025 WiFi 128GB,Tím,DDV,13790000.0,10700000.0,77.6,15790000,15890000.0,14990000.0,24490000.0,13790000.0,15790000.0
iPad Air 11 inch M3 2025 WiFi + Cellular 256GB,Ánh Sao,DDV,13790000.0,9500000.0,68.9,23290000,18790000.0,17990000.0,18490000.0,13790000.0,19090000.0
iPad Air 13 inch M3 2025 WiFi 128GB,Tím,DDV,13790000.0,10700000.0,77.6,21190000,21390000.0,19990000.0,24490000.0,13790000.0,21790000.0
iPad Air 11 inch M2 2024 Wifi 256GB,Xám,DDV,13490000.0,6000000.0,44.5,19490000,18790000.0,17990000.0,18490000.0,13490000.0,19090000.0
iPad mini 7 2024 Wifi 128GB,Xanh dương,Viettel,8690000.0,3100000.0,35.7,11790000,11790000.0,11750000.0,8690000.0,11490000.0,11790000.0
iPad Air 13 inch M3 2025 WiFi + Cellular 512GB,Xanh dương,DDV,13790000.0,20800000.0,150.8,34590000,24290000.0,22890000.0,23490000.0,13790000.0,24490000.0
iPad Air 11 inch M3 2025 WiFi + Cellular 256GB,Xám không gian,DDV,13790000.0,9500000.0,68.9,23290000,18790000.0,17990000.0,18490000.0,13790000.0,19090000.0
iPad Air 13 inch M3 2025 WiFi 128GB,Xám không gian,DDV,13790000.0,9200000.0,66.7,21190000,21390000.0,19990000.0,22990000.0,13790000.0,21790000.0
iPad Air 11 inch M2 2024 Wifi 256GB,Xanh dương,DDV,11390000.0,8100000.0,71.1,19490000,18790000.0,17990000.0,18490000.0,11390000.0,19090000.0
iPad mini 7 2024 Wifi 128GB,Tím,Viettel,8690000.0,3100000.0,35.7,11790000,11790000.0,11750000.0,8690000.0,11490000.0,11790000.0
iPad Air 11 inch M3 2025 WiFi 128GB,Xám không gian,DDV,13790000.0,4700000.0,34.1,15790000,15790000.0,14990000.0,18490000.0,13790000.0,15790000.0
iPad Air 13 inch M3 2025 WiFi + Cellular 512GB,Xám không gian,DDV,13790000.0,20800000.0,150.8,34590000,24290000.0,17990000.0,23490000.0,13790000.0,24490000.0
iPad Air 13 inch M3 2025 WiFi 128GB,Xanh dương,DDV,13490000.0,11000000.0,81.5,21190000,21390000.0,19990000.0,24490000.0,13490000.0,21790000.0
iPad mini 7 2024 Wifi 128GB,Ánh Sao,Viettel,8690000.0,3100000.0,35.7,11790000,11790000.0,11750000.0,8690000.0,11490000.0,11790000.0
iPad Air 11 inch M3 2025 WiFi 128GB,Ánh Sao,DDV,13790000.0,10700000.0,77.6,15790000,15790000.0,14990000.0,24490000.0,13790000.0,15790000.0
iPad Air 13 inch M3 2025 WiFi + Cellular 512GB,Ánh Sao,DDV,13790000.0,20800000.0,150.8,34590000,24290000.0,22890000.0,23490000.0,13790000.0,24490000.0
iPad Air 11 inch M3 2025 WiFi + Cellular 256GB,Tím,DDV,13790000.0,9500000.0,68.9,23290000,18790000.0,17990000.0,18490000.0,13790000.0,19090000.0
iPad mini 7 2024 Wifi + Cellular 128GB,Xám không gian,DDV,11490000.0,4200000.0,36.6,15690000,11790000.0,13990000.0,13990000.0,11490000.0,14490000.0
iPad Air 11 inch M2 2024 Wifi 256GB,Tím,DDV,13790000.0,5700000.0,41.3,19490000,18790000.0,17990000.0,18490000.0,13790000.0,19090000.0
iPad Pro 11 inch M4 2024 Wifi 256GB,Ðen,HoangHa,10990000.0,28000000.0,254.8,27990000,36290000.0,10990000.0,38990000.0,11390000.0,29990000.0
iPad Air 11 inch M3 2025 WiFi 128GB,Xanh dương,DDV,13490000.0,11000000.0,81.5,15790000,15790000.0,14990000.0,24490000.0,13490000.0,15790000.0
iPad Air 13 inch M3 2025 WiFi + Cellular 512GB,Tím,DDV,13790000.0,20800000.0,150.8,34590000,24290000.0,22890000.0,23490000.0,13790000.0,24490000.0
iPad Air 11 inch M3 2025 WiFi + Cellular 256GB,Xanh dương,DDV,13790000.0,9500000.0,68.9,23290000,18790000.0,17990000.0,18490000.0,13790000.0,19090000.0
iPad mini 7 2024 Wifi + Cellular 128GB,Xanh dương,Viettel,8690000.0,7000000.0,80.6,15690000,11790000.0,13990000.0,8690000.0,11490000.0,11790000.0
iPad Air 11 inch M2 2024 Wifi 256GB,Trắng,DDV,11390000.0,8100000.0,71.1,19490000,18790000.0,17990000.0,18490000.0,11390000.0,19090000.0
iPad Air 13 inch M3 2025 WiFi 128GB,Ánh Sao,DDV,13490000.0,9500000.0,70.4,21190000,21390000.0,19990000.0,22990000.0,13490000.0,21790000.0
iPad mini 7 2024 Wifi 128GB,Xám không gian,DDV,11490000.0,2500000.0,21.8,11790000,11790000.0,13990000.0,13990000.0,11490000.0,11790000.0
iPad Air 11 inch M3 2025 WiFi 128GB,Tím,DDV,13790000.0,10700000.0,77.6,15790000,15890000.0,14990000.0,24490000.0,13790000.0,15790000.0
iPad Pro 11 inch M4 2024 Wifi 256GB,Bạc,HoangHa,10990000.0,28000000.0,254.8,27990000,36290000.0,10990000.0,38990000.0,11390000.0,29990000.0
iPad Air 11 inch M3 2025 WiFi + Cellular 256GB,Ánh Sao,DDV,13790000.0,9500000.0,68.9,23290000,18790000.0,17990000.0,18490000.0,13790000.0,19090000.0
iPad mini 7 2024 Wifi + Cellular 128GB,Ánh Sao,Viettel,8690000.0,7000000.0,80.6,15690000,11790000.0,13990000.0,8690000.0,11490000.0,11790000.0
iPad Air 11 inch M2 2024 Wifi 256GB,Xám,DDV,13490000.0,6000000.0,44.5,19490000,18790000.0,17990000.0,18490000.0,13490000.0,19090000.0
iPad Air 13 inch M3 2025 WiFi 128GB,Tím,DDV,13790000.0,10700000.0,77.6,21190000,21390000.0,19990000.0,24490000.0,13790000.0,21790000.0
iPad mini 7 2024 Wifi 128GB,Xanh dương,Viettel,8690000.0,3100000.0,35.7,11790000,11790000.0,11750000.0,8690000.0,11490000.0,11790000.0
iPad Air 13 inch M3 2025 WiFi + Cellular 1TB,Ánh Sao,DDV,13790000.0,26400000.0,191.4,40190000,15890000.0,28590000.0,26490000.0,13790000.0,15790000.0
iPad Air 11 inch M3 2025 WiFi + Cellular 256GB,Xám không gian,DDV,13790000.0,9500000.0,68.9,23290000,18790000.0,17990000.0,18490000.0,13790000.0,19090000.0
iPad mini 7 2024 Wifi + Cellular 128GB,Tím,Viettel,8690000.0,7000000.0,80.6,15690000,11790000.0,11750000.0,8690000.0,11490000.0,11790000.0
iPad Air 11 inch M2 2024 Wifi 256GB,Xanh dương,DDV,11390000.0,8100000.0,71.1,19490000,18790000.0,17990000.0,18490000.0,11390000.0,19090000.0
iPad Air 13 inch M3 2025 WiFi 128GB,Xám không gian,DDV,13790000.0,9200000.0,66.7,21190000,21390000.0,19990000.0,22990000.0,13790000.0,21790000.0
iPad mini 7 2024 Wifi 128GB,Tím,Viettel,8690000.0,3100000.0,35.7,11790000,11790000.0,11750000.0,8690000.0,11490000.0,11790000.0
iPad Air 13 inch M3 2025 WiFi + Cellular 1TB,Tím,DDV,13790000.0,26400000.0,191.4,40190000,21390000.0,28590000.0,26490000.0,13790000.0,15790000.0
iPad Pro 11 inch M4 2024 Wifi 256GB,Ðen,HoangHa,10990000.0,28000000.0,254.8,27990000,36290000.0,10990000.0,38990000.0,11390000.0,29990000.0
iPad mini 7 2024 Wifi 128GB,Ánh Sao,Viettel,8690000.0,3100000.0,35.7,11790000,11790000.0,11750000.0,8690000.0,11490000.0,11790000.0
iPad Air 13 inch M3 2025 WiFi 128GB,Xanh dương,DDV,13490000.0,11000000.0,81.5,21190000,21390000.0,19990000.0,24490000.0,13490000.0,21790000.0
iPad Air 13 inch M3 2025 WiFi + Cellular 1TB,Xám không gian,DDV,13790000.0,26400000.0,191.4,40190000,21390000.0,28590000.0,24490000.0,13790000.0,15790000.0
iPad Pro 11 inch M4 2024 Wifi 256GB,Bạc,HoangHa,10990000.0,28000000.0,254.8,27990000,36290000.0,10990000.0,38990000.0,11390000.0,29990000.0
iPad mini 7 2024 Wifi + Cellular 128GB,Xám không gian,DDV,11490000.0,4200000.0,36.6,15690000,11790000.0,13990000.0,13990000.0,11490000.0,14490000.0
iPad Pro 11 M5 2025 WiFi 12GB 256GB,Bạc,HoangHa,10990000.0,28000000.0,254.8,29790000,36290000.0,10990000.0,38990000.0,11390000.0,29990000.0
iPad Air 13 inch M3 2025 WiFi + Cellular 1TB,Xanh dương,DDV,13790000.0,26400000.0,191.4,40190000,21390000.0,28590000.0,26490000.0,13790000.0,21790000.0
iPad mini 7 2024 Wifi + Cellular 128GB,Xanh dương,Viettel,8690000.0,7000000.0,80.6,15690000,11790000.0,13990000.0,8690000.0,11490000.0,11790000.0
iPad mini 7 2024 Wifi 128GB,Xám không gian,DDV,11490000.0,2500000.0,21.8,11790000,11790000.0,13990000.0,13990000.0,11490000.0,11790000.0
iPad Pro 11 M5 2025 WiFi + Cellular 12GB 256GB,Bạc,HoangHa,10990000.0,28000000.0,254.8,34990000,11590000.0,10990000.0,38990000.0,11390000.0,29990000.0
iPad Pro 13 M5 2025 WiFi 12GB 256GB,Bạc,DDV,11390000.0,28600000.0,251.1,39990000,36290000.0,38990000.0,38990000.0,11390000.0,39990000.0
iPad Pro 11 inch M4 2024 Wifi 1TB,Bạc,DDV,11390000.0,48600000.0,426.7,45990000,36990000.0,16590000.0,59990000.0,11390000.0,45590000.0
iPad mini 7 2024 Wifi + Cellular 128GB,Ánh Sao,Viettel,8690000.0,7000000.0,80.6,15690000,11790000.0,13990000.0,8690000.0,11490000.0,11790000.0
iPad mini 7 2024 Wifi 128GB,Xanh dương,Viettel,8690000.0,3100000.0,35.7,11790000,11790000.0,11750000.0,8690000.0,11490000.0,11790000.0
iPad Pro 11 inch M4 2024 Wifi 1TB,Ðen,HoangHa,10990000.0,49000000.0,445.9,45990000,36990000.0,10990000.0,59990000.0,11390000.0,45590000.0
iPad Pro 13 M5 2025 WiFi + Cellular 12GB 256GB,Bạc,DDV,11390000.0,33800000.0,296.8,45190000,36290000.0,38990000.0,38990000.0,11390000.0,39990000.0
iPad mini 7 2024 Wifi + Cellular 128GB,Tím,Viettel,8690000.0,7000000.0,80.6,15690000,11790000.0,11750000.0,8690000.0,11490000.0,11790000.0
"Macbook Air M4 13 inch 16GB/512GB | Chính hãng, giá tốt",Xanh Da Trời,Viettel,22990000.0,15500000.0,67.4,27990000,23990000.0,33790000.0,22990000.0,29690000.0,38490000.0
iPad mini 7 2024 Wifi 128GB,Tím,Viettel,8690000.0,3100000.0,35.7,11790000,11790000.0,11750000.0,8690000.0,11490000.0,11790000.0
Macbook Air 13 M4 2025 10CPU/10GPU/24GB/512GB,Xanh Da Trời,Viettel,25990000.0,12500000.0,48.1,32490000,35590000.0,34990000.0,25990000.0,33590000.0,38490000.0
iPad mini 7 2024 Wifi 128GB,Ánh Sao,Viettel,8690000.0,3100000.0,35.7,11790000,11790000.0,11750000.0,8690000.0,11490000.0,11790000.0
iPad mini 7 2024 Wifi + Cellular 128GB,Xám không gian,DDV,11490000.0,4200000.0,36.6,15690000,11790000.0,13990000.0,13990000.0,11490000.0,14490000.0
iPad Pro 11 inch M4 2024 Wifi 2TB,Bạc,DDV,11390000.0,48600000.0,426.7,57490000,45990000.0,16590000.0,59990000.0,11390000.0,45590000.0
MacBook Air 15 inch M2 2023 8CPU 10GPU/8GB/512GB/Sạc 70W,Xanh dương,Viettel,22990000.0,14900000.0,64.8,37890000,24690000.0,25490000.0,22990000.0,29690000.0,25490000.0
Macbook Air 13 M4 2025 10CPU/8GPU/16GB/256GB,Xanh Da Trời,DDV,19190000.0,11200000.0,58.4,23990000,23990000.0,28590000.0,25990000.0,19190000.0,30390000.0
iPad mini 7 2024 Wifi + Cellular 128GB,Xanh dương,Viettel,8690000.0,7000000.0,80.6,15690000,11790000.0,13990000.0,8690000.0,11490000.0,11790000.0
iPad Pro 11 inch M4 2024 Wifi 2TB,Ðen,DDV,11490000.0,48500000.0,422.1,57490000,45990000.0,16590000.0,59990000.0,11490000.0,45590000.0
Macbook Air 15 M4 2025 10CPU/10GPU/16GB/512GB,Ánh Sao,DDV,29690000.0,9200000.0,31.0,33990000,34990000.0,38890000.0,,29690000.0,38490000.0
Macbook Air 15 M4 2025 10CPU/10GPU/16GB/256GB,Xanh Da Trời,DDV,19190000.0,9800000.0,51.1,28990000,28990000.0,28590000.0,25990000.0,19190000.0,25490000.0
iPad mini 7 2024 Wifi + Cellular 128GB,Ánh Sao,Viettel,8690000.0,7000000.0,80.6,15690000,11790000.0,13990000.0,8690000.0,11490000.0,11790000.0
Macbook Air 15 M4 2025 10CPU/10GPU/16GB/512GB,Bạc,DDV,29790000.0,9100000.0,30.5,33990000,34990000.0,38890000.0,32490000.0,29790000.0,38490000.0
iPad mini 7 2024 Wifi + Cellular 128GB,Tím,Viettel,8690000.0,7000000.0,80.6,15690000,11790000.0,11750000.0,8690000.0,11490000.0,11790000.0
"Macbook Air M4 15 inch 24GB/512GB | Giá rẻ, trả góp 0%",Xanh Da Trời,Viettel,25990000.0,13500000.0,51.9,39490000,33990000.0,34690000.0,25990000.0,33590000.0,38490000.0
Macbook Air 13 M2 2024 8CPU/8GPU/16GB/256GB,Xanh Đen,DDV,19190000.0,10000000.0,52.1,19690000,19490000.0,29190000.0,22990000.0,19190000.0,25490000.0
MacBook Pro 14 2023 M3 Pro 12 CPU/18 GPU/18GB/1TB,Đen,DDV,40590000.0,38500000.0,94.9,56990000,50490000.0,51790000.0,,40590000.0,79090000.0
Macbook Pro 14 M5 2025 10CPU/10GPU/16GB/1TB,Đen,DDV,19190000.0,27700000.0,144.3,46890000,44090000.0,43990000.0,,19190000.0,41990000.0
Macbook Air 15 M4 2025 10CPU/10GPU/16GB/512GB,Đêm Xanh Thẳm,Viettel,22990000.0,15900000.0,69.2,33990000,33990000.0,38890000.0,22990000.0,29790000.0,38490000.0
Macbook Air 15 M4 2025 10CPU/10GPU/16GB/512GB,Xanh Da Trời,MW,25490000.0,13400000.0,52.6,33990000,30590000.0,38890000.0,32490000.0,29690000.0,25490000.0
Macbook Pro 14 inch M5 2025 10CPU/10GPU/16GB/1TB Nano,Đen,MW,49990000.0,14000000.0,28.0,50490000,63590000.0,51790000.0,63990000.0,54990000.0,49990000.0
Macbook Pro 14 M5 2025 10CPU/10GPU/16GB/512GB,Đen,HoangHa,36890000.0,18100000.0,49.1,41990000,50490000.0,36890000.0,,54990000.0,41990000.0
Macbook Air 15 M4 2025 10CPU/10GPU/16GB/512GB,Ánh Sao,DDV,29690000.0,9200000.0,31.0,33990000,34990000.0,38890000.0,,29690000.0,38490000.0
Macbook Pro 14 M5 2025 10CPU/10GPU/24GB/1TB Nano,Đen,HoangHa,43990000.0,35100000.0,79.8,55390000,63590000.0,43990000.0,63990000.0,54990000.0,79090000.0
Macbook Pro 14 M5 2025 10CPU/10GPU/16GB/512GB Nano,Đen,HoangHa,36890000.0,27100000.0,73.5,45590000,59590000.0,36890000.0,63990000.0,54990000.0,49990000.0
MacBook Pro 14 M4 Pro 2024 12CPU/16GPU/24GB/512GB,Đen,Viettel,34690000.0,29300000.0,84.5,49990000,63990000.0,46890000.0,34690000.0,54990000.0,49990000.0
Macbook Air 15 M4 2025 10CPU/10GPU/16GB/512GB,Bạc,DDV,29790000.0,9100000.0,30.5,33990000,34990000.0,38890000.0,32490000.0,29790000.0,38490000.0
Macbook Air 15 M4 2025 10CPU/10GPU/16GB/512GB,Đêm Xanh Thẳm,Viettel,22990000.0,15900000.0,69.2,33990000,33990000.0,38890000.0,22990000.0,29790000.0,38490000.0
Apple Watch SE 2024 GPS 40mm Viền Nhôm Dây Vải,Đêm Xanh Thẳm,MW,0.0,19990000.0,inf,4790000,4790000.0,19990000.0,6190000.0,5990000.0,0.0
Apple Watch SE 2024 GPS 44mm Viền Nhôm Dây Cao Su S/M,Đêm Xanh Thẳm,FPT,5390000.0,14600000.0,270.9,5390000,5590000.0,19990000.0,6990000.0,9190000.0,9490000.0
Macbook Air 15 M4 2025 10CPU/10GPU/16GB/512GB,Xanh Da Trời,MW,25490000.0,13400000.0,52.6,33990000,30590000.0,38890000.0,32490000.0,29690000.0,25490000.0
404 - Trang hết hạn truy cập hoặc không tồn tại,Trang hết hạn truy cập hoặc không tồn tại,FPT,0.0,0.0,,0,,,,,
Apple Watch SE 3 GPS 44mm Viền nhôm Ánh sao Dây cao su Ánh sao - S/M,Ánh sao,Viettel,6990000.0,13000000.0,186.0,7290000,7290000.0,19990000.0,6990000.0,7190000.0,7290000.0
Apple Watch SE 3 GPS 40mm Viền nhôm dây cao su,Ánh sao,CPS,4790000.0,15200000.0,317.3,5990000,4790000.0,19990000.0,6190000.0,5990000.0,5990000.0
Apple Watch SE 3 GPS + Cellular 40mm Viền nhôm dây cao su,Ánh sao,CPS,4790000.0,15200000.0,317.3,7890000,4790000.0,19990000.0,6190000.0,5990000.0,7990000.0
Macbook Air 15 M4 2025 10CPU/10GPU/16GB/512GB,Ánh Sao,DDV,29690000.0,9200000.0,31.0,33990000,34990000.0,38890000.0,,29690000.0,38490000.0
Macbook Air 15 M4 2025 10CPU/10GPU/16GB/512GB,Bạc,DDV,29790000.0,9100000.0,30.5,33990000,34990000.0,38890000.0,32490000.0,29790000.0,38490000.0
Apple Watch Series 11 GPS 42mm Viền nhôm dây cao su,Đen bóng,MW,0.0,19490000.0,inf,9490000,9990000.0,19490000.0,10290000.0,9190000.0,0.0
Apple Watch SE 3 GPS + Cellular 44mm Viền nhôm dây cao su,Ánh sao,CPS,5590000.0,14400000.0,257.6,8290000,5590000.0,19990000.0,6990000.0,5990000.0,8790000.0
Apple Watch SE 3 GPS 44mm Viền nhôm dây cao su,Đen,MW,0.0,19990000.0,inf,7290000,7290000.0,19990000.0,12090000.0,7190000.0,0.0
Macbook Air 15 M4 2025 10CPU/10GPU/16GB/512GB,Đêm Xanh Thẳm,Viettel,22990000.0,15900000.0,69.2,33990000,33990000.0,38890000.0,22990000.0,29790000.0,38490000.0
Apple Watch Series 11 GPS 46mm Viền nhôm dây cao su,Tím sương khói,MW,9490000.0,10000000.0,105.4,9990000,9990000.0,19490000.0,10290000.0,9990000.0,9490000.0
Macbook Air 15 M4 2025 10CPU/10GPU/16GB/512GB,Xanh Da Trời,MW,25490000.0,13400000.0,52.6,33990000,30590000.0,38890000.0,32490000.0,29690000.0,25490000.0
Apple Watch Series 11 GPS + Cellular 42mm Viền titan dây Milan,Vàng,"CPS, DDV",9990000.0,11000000.0,110.1,19790000,9990000.0,20990000.0,10290000.0,9990000.0,19990000.0
Apple Watch Series 11 GPS + Cellular 42mm Viền nhôm dây cao su,Đen bóng,MW,0.0,19990000.0,inf,12390000,9990000.0,19990000.0,10290000.0,9990000.0,0.0
Apple Watch Series 11 GPS 46mm Viền nhôm dây cao su,Đen,MW,0.0,19490000.0,inf,9990000,10290000.0,19490000.0,10290000.0,9990000.0,0.0
Macbook Air 15 M4 2025 10CPU/10GPU/16GB/512GB,Ánh Sao,DDV,29690000.0,9200000.0,31.0,33990000,34990000.0,38890000.0,,29690000.0,38490000.0
Apple Watch Series 11 GPS + Cellular 46mm Viền nhôm dây cao su,Tím sương khói,"CPS, DDV",9990000.0,10000000.0,100.1,13290000,9990000.0,19990000.0,10290000.0,9990000.0,12490000.0
Apple Watch Ultra 3 GPS + Cellular 49mm Viền titan Dây Ocean,Đen,DDV,5990000.0,17300000.0,288.8,22990000,22990000.0,21990000.0,22490000.0,5990000.0,23290000.0
Apple Watch Series 11 GPS + Cellular 46mm Viền titan dây Milan,Tự nhiên,"CPS, DDV",9990000.0,11500000.0,115.1,21490000,9990000.0,20990000.0,10290000.0,9990000.0,18190000.0
Apple Watch Series 11 GPS 46mm Viền nhôm dây cao su,Đen,MW,0.0,19490000.0,inf,9990000,10290000.0,19490000.0,10290000.0,9990000.0,0.0
Macbook Air 15 M4 2025 10CPU/10GPU/16GB/512GB,Bạc,DDV,29790000.0,9100000.0,30.5,33990000,34990000.0,38890000.0,32490000.0,29790000.0,38490000.0
Macbook Air 15 M4 2025 10CPU/10GPU/16GB/512GB,Đêm Xanh Thẳm,Viettel,22990000.0,15900000.0,69.2,33990000,33990000.0,38890000.0,22990000.0,29790000.0,38490000.0
Apple Watch Ultra 3 GPS + Cellular 49mm Viền titan Dây quấn Alpine,Đen,DDV,9190000.0,14100000.0,153.4,22990000,22990000.0,21990000.0,22490000.0,9190000.0,23290000.0
Apple Watch Ultra 3 GPS + Cellular 49mm Viền titan Dây quấn Milan Titan,Đen,DDV,9990000.0,16300000.0,163.2,25990000,26290000.0,21990000.0,22490000.0,9990000.0,23290000.0
Apple Watch Series 11 GPS + Cellular 46mm Viền nhôm dây cao su,Đen,"CPS, DDV",9990000.0,10000000.0,100.1,13290000,9990000.0,19990000.0,10290000.0,9990000.0,12490000.0
Macbook Air 15 M4 2025 10CPU/10GPU/16GB/512GB,Xanh Da Trời,MW,25490000.0,13400000.0,52.6,33990000,30590000.0,38890000.0,32490000.0,29690000.0,25490000.0
Apple Watch Series 11 GPS + Cellular 46mm Viền titan dây Milan,Vàng,"CPS, DDV",9990000.0,11500000.0,115.1,21490000,9990000.0,20990000.0,10290000.0,9990000.0,17990000.0
Apple Watch Series 11 GPS 46mm Viền nhôm dây cao su,Đen,MW,0.0,19490000.0,inf,9990000,10290000.0,19490000.0,10290000.0,9990000.0,0.0
Apple Watch Ultra 3 GPS + Cellular 49mm Viền titan Dây quấn Milan Titan,Titan,DDV,9990000.0,16300000.0,163.2,26290000,18490000.0,21990000.0,22490000.0,9990000.0,19990000.0
Apple Watch Series 11 GPS + Cellular 46mm Viền nhôm dây cao su,Đen,"CPS, DDV",9990000.0,10000000.0,100.1,13290000,9990000.0,19990000.0,10290000.0,9990000.0,12490000.0
Apple Watch Series 11 GPS + Cellular 46mm Viền titan dây Milan,Vàng,"CPS, DDV",9990000.0,11500000.0,115.1,21490000,9990000.0,20990000.0,10290000.0,9990000.0,17990000.0
Apple Watch Series 11 GPS + Cellular 46mm Viền nhôm dây cao su,Đen,"CPS, DDV",9990000.0,10000000.0,100.1,13290000,9990000.0,19990000.0,10290000.0,9990000.0,12490000.0
Apple Watch SE 2024 GPS 40mm Viền Nhôm Dây Cao Su S/M,Viền Nhôm Dây Cao Su S/M,"FPT, CPS",4790000.0,7700000.0,160.8,4790000,4790000.0,5290000.0,9590000.0,9190000.0,12490000.0
