Product_Name;SKU;Color;Ton_Kho;Total_Inventory_Qty;FPT_Store_Count;FStudio_Store_Count;HCM_Stores;HN_Stores;Gia_Khuyen_Mai;Category;Date;Link
iPhone 15;00904214;Hồng;Yes;333;249;18;86;4;20490000;iPhone;2026-10-08;https://fptshop.com.vn/dien-thoai/iphone-15?sku=00904214
iPhone 15;00904213;Xanh dương;Yes;253;182;24;33;6;20490000;iPhone;2026-10-08;https://fptshop.com.vn/dien-thoai/iphone-15?sku=00904213
iPhone 15;00904216;Đen;Yes;146;125;21;27;2;19990000;iPhone;2026-10-08;https://fptshop.com.vn/dien-thoai/iphone-15?sku=00904216
iPhone 15;00904219;Hồng;Yes;118;99;26;29;12;24990000;iPhone;2026-10-08;https://fptshop.com.vn/dien-thoai/iphone-15?sku=00904219
iPhone 15;00904218;Xanh dương;Yes;22;21;5;9;1;24990000;iPhone;2026-10-08;https://fptshop.com.vn/dien-thoai/iphone-15?sku=00904218
iPhone 15;00904224;Đen;Yes;11;11;7;0;3;26990000;iPhone;2026-10-08;https://fptshop.com.vn/dien-thoai/iphone-15?sku=00904224
iPhone 15;00904221;Đen;Yes;5;6;1;1;0;24990000;iPhone;2026-10-08;https://fptshop.com.vn/dien-thoai/iphone-15?sku=00904221
iPhone 15;00904227;Default;Yes;4;4;4;0;0;26990000;iPhone;2026-10-08;https://fptshop.com.vn/dien-thoai/iphone-15?sku=00904227
iPhone 15;00904223;Xanh dương;Yes;3;3;2;1;0;26990000;iPhone;2026-10-08;https://fptshop.com.vn/dien-thoai/iphone-15?sku=00904223
iPhone 15;00904226;Vàng;Yes;3;3;3;0;0;26990000;iPhone;2026-10-08;https://fptshop.com.vn/dien-thoai/iphone-15?sku=00904226
iPhone 15;00904217;Default;Yes;1;5;0;1;0;19990000;iPhone;2026-10-08;https://fptshop.com.vn/dien-thoai/iphone-15?sku=00904217
iPhone 15;00904220;Vàng;Yes;1;0;0;0;0;24990000;iPhone;2026-10-08;https://fptshop.com.vn/dien-thoai/iphone-15?sku=00904220
iPhone 15;00904225;Hồng;Yes;1;1;0;0;0;26990000;iPhone;2026-10-08;https://fptshop.com.vn/dien-thoai/iphone-15?sku=00904225
iPhone 15;00904222;Default;No;0;0;0;0;0;24990000;iPhone;2026-10-08;https://fptshop.com.vn/dien-thoai/iphone-15?sku=00904222
iPhone 17e;00926265;Hồng;Yes;96;94;18;27;15;26990000;iPhone;2026-10-08;https://fptshop.com.vn/dien-thoai/iphone-17e?sku=00926265
iPhone 17e;00926267;Đen;Yes;58;56;13;13;14;26990000;iPhone;2026-10-08;https://fptshop.com.vn/dien-thoai/iphone-17e?sku=00926267
iPhone 17e;00926264;Đen;Yes;52;50;12;15;0;20990000;iPhone;2026-10-08;https://fptshop.com.vn/dien-thoai/iphone-17e?sku=00926264
iPhone 17e;00926263;Trắng;Yes;50;49;7;5;16;20990000;iPhone;2026-10-08;https://fptshop.com.vn/dien-thoai/iphone-17e?sku=00926263
iPhone 17e;00926262;Hồng;Yes;51;44;17;8;7;20990000;iPhone;2026-10-08;https://fptshop.com.vn/dien-thoai/iphone-17e?sku=00926262
iPhone 17e;00926266;Trắng;Yes;34;32;19;2;7;26990000;iPhone;2026-10-08;https://fptshop.com.vn/dien-thoai/iphone-17e?sku=00926266
iPhone 17 Pro Max;00921800;Default;Yes;2921;592;35;112;76;34990000;iPhone;2026-10-08;https://fptshop.com.vn/dien-thoai/iphone-17-pro-max?sku=00921800
iPhone 17 Pro Max;00921799;Bạc;Yes;1128;360;26;76;11;35990000;iPhone;2026-10-08;https://fptshop.com.vn/dien-thoai/iphone-17-pro-max?sku=00921799
iPhone 17 Pro Max;00921801;Default;Yes;723;325;27;45;52;34990000;iPhone;2026-10-08;https://fptshop.com.vn/dien-thoai/iphone-17-pro-max?sku=00921801
iPhone 17 Pro Max;00921804;Default;Yes;449;345;28;74;59;41490000;iPhone;2026-10-08;https://fptshop.com.vn/dien-thoai/iphone-17-pro-max?sku=00921804
iPhone 17 Pro Max;00921805;Default;Yes;215;195;25;20;32;41490000;iPhone;2026-10-08;https://fptshop.com.vn/dien-thoai/iphone-17-pro-max?sku=00921805
iPhone 17 Pro Max;00921803;Bạc;Yes;169;107;17;8;13;42490000;iPhone;2026-10-08;https://fptshop.com.vn/dien-thoai/iphone-17-pro-max?sku=00921803
iPhone 17 Pro Max;00921807;Bạc;Yes;56;48;12;7;1;46990000;iPhone;2026-10-08;https://fptshop.com.vn/dien-thoai/iphone-17-pro-max?sku=00921807
iPhone 17 Pro Max;00921808;Default;Yes;51;46;20;11;7;46990000;iPhone;2026-10-08;https://fptshop.com.vn/dien-thoai/iphone-17-pro-max?sku=00921808
iPhone 17 Pro Max;00921809;Default;Yes;31;29;17;7;3;46990000;iPhone;2026-10-08;https://fptshop.com.vn/dien-thoai/iphone-17-pro-max?sku=00921809
iPhone 17 Pro Max;00921956;Bạc;Yes;24;24;18;4;3;59990000;iPhone;2026-10-08;https://fptshop.com.vn/dien-thoai/iphone-17-pro-max?sku=00921956
iPhone 17 Pro Max;00921958;Default;Yes;15;15;13;4;0;59990000;iPhone;2026-10-08;https://fptshop.com.vn/dien-thoai/iphone-17-pro-max?sku=00921958
iPhone 17 Pro Max;00921957;Default;Yes;8;8;5;1;2;59990000;iPhone;2026-10-08;https://fptshop.com.vn/dien-thoai/iphone-17-pro-max?sku=00921957
iPhone 16;00911192;Trắng;Yes;88;70;14;29;0;22990000;iPhone;2026-10-08;https://fptshop.com.vn/dien-thoai/iphone-16?sku=00911192
iPhone 16;00911193;Đen;Yes;25;3;0;0;0;22990000;iPhone;2026-10-08;https://fptshop.com.vn/dien-thoai/iphone-16?sku=00911193
iPhone 16;00911205;Default;Yes;15;13;8;0;3;31590000;iPhone;2026-10-08;https://fptshop.com.vn/dien-thoai/iphone-16?sku=00911205
iPhone 16;00911194;Default;Yes;13;13;2;1;0;22990000;iPhone;2026-10-08;https://fptshop.com.vn/dien-thoai/iphone-16?sku=00911194
iPhone 16;00911201;Hồng;Yes;13;14;11;0;0;31590000;iPhone;2026-10-08;https://fptshop.com.vn/dien-thoai/iphone-16?sku=00911201
iPhone 16;00911191;Hồng;Yes;9;1;0;0;0;22990000;iPhone;2026-10-08;https://fptshop.com.vn/dien-thoai/iphone-16?sku=00911191
iPhone 16;00911195;Default;Yes;7;6;1;0;1;22990000;iPhone;2026-10-08;https://fptshop.com.vn/dien-thoai/iphone-16?sku=00911195
iPhone 16;00911204;Default;Yes;5;5;4;0;0;31590000;iPhone;2026-10-08;https://fptshop.com.vn/dien-thoai/iphone-16?sku=00911204
iPhone 16;00911200;Default;Yes;4;4;4;0;0;27590000;iPhone;2026-10-08;https://fptshop.com.vn/dien-thoai/iphone-16?sku=00911200
iPhone 16;00911199;Default;Yes;4;4;1;1;0;27590000;iPhone;2026-10-08;https://fptshop.com.vn/dien-thoai/iphone-16?sku=00911199
iPhone 16;00911198;Đen;Yes;3;3;1;0;0;27590000;iPhone;2026-10-08;https://fptshop.com.vn/dien-thoai/iphone-16?sku=00911198
iPhone 16;00911202;Trắng;Yes;2;2;2;0;0;31590000;iPhone;2026-10-08;https://fptshop.com.vn/dien-thoai/iphone-16?sku=00911202
iPhone 16;00911196;Hồng;Yes;1;1;0;0;0;27590000;iPhone;2026-10-08;https://fptshop.com.vn/dien-thoai/iphone-16?sku=00911196
iPhone 16;00911203;Đen;Yes;1;1;0;0;0;31590000;iPhone;2026-10-08;https://fptshop.com.vn/dien-thoai/iphone-16?sku=00911203
iPhone 16;00911197;Trắng;No;0;0;0;0;0;27590000;iPhone;2026-10-08;https://fptshop.com.vn/dien-thoai/iphone-16?sku=00911197
iPhone Air;00921699;Default;Yes;264;226;17;23;5;23690000;iPhone;2026-10-08;https://fptshop.com.vn/dien-thoai/iphone-air?sku=00921699
iPhone Air;00921697;Đen;Yes;89;81;6;1;1;23690000;iPhone;2026-10-08;https://fptshop.com.vn/dien-thoai/iphone-air?sku=00921697
iPhone Air;00921696;Trắng;Yes;77;72;11;2;0;23690000;iPhone;2026-10-08;https://fptshop.com.vn/dien-thoai/iphone-air?sku=00921696
iPhone Air;00921698;Vàng;Yes;43;40;2;0;0;22990000;iPhone;2026-10-08;https://fptshop.com.vn/dien-thoai/iphone-air?sku=00921698
iPhone Air;00921704;Default;Yes;26;25;7;0;13;28990000;iPhone;2026-10-08;https://fptshop.com.vn/dien-thoai/iphone-air?sku=00921704
iPhone Air;00921703;Vàng;Yes;3;3;0;0;0;28990000;iPhone;2026-10-08;https://fptshop.com.vn/dien-thoai/iphone-air?sku=00921703
iPhone Air;00921701;Trắng;Yes;2;2;1;0;0;28990000;iPhone;2026-10-08;https://fptshop.com.vn/dien-thoai/iphone-air?sku=00921701
iPhone Air;00921702;Đen;Yes;1;1;1;0;0;28990000;iPhone;2026-10-08;https://fptshop.com.vn/dien-thoai/iphone-air?sku=00921702
iPhone Air;00921694;Default;No;0;0;0;0;0;45490000;iPhone;2026-10-08;https://fptshop.com.vn/dien-thoai/iphone-air?sku=00921694
iPhone Air;00921691;Trắng;No;0;0;0;0;0;45490000;iPhone;2026-10-08;https://fptshop.com.vn/dien-thoai/iphone-air?sku=00921691
iPhone Air;00921692;Đen;No;0;0;0;0;0;45490000;iPhone;2026-10-08;https://fptshop.com.vn/dien-thoai/iphone-air?sku=00921692
iPhone Air;00921693;Vàng;No;0;0;0;0;0;45490000;iPhone;2026-10-08;https://fptshop.com.vn/dien-thoai/iphone-air?sku=00921693
iPhone 16 Plus;00911148;Đen;Yes;82;29;4;20;0;24790000;iPhone;2026-10-08;https://fptshop.com.vn/dien-thoai/iphone-16-plus?sku=00911148
iPhone 16 Plus;00911146;Trắng;Yes;39;36;19;6;7;24790000;iPhone;2026-10-08;https://fptshop.com.vn/dien-thoai/iphone-16-plus?sku=00911146
iPhone 16 Plus;00911152;Hồng;Yes;36;29;9;12;3;27790000;iPhone;2026-10-08;https://fptshop.com.vn/dien-thoai/iphone-16-plus?sku=00911152
iPhone 16 Plus;00911147;Hồng;Yes;33;11;0;4;3;24790000;iPhone;2026-10-08;https://fptshop.com.vn/dien-thoai/iphone-16-plus?sku=00911147
iPhone 16 Plus;00911153;Đen;Yes;31;30;4;5;0;27790000;iPhone;2026-10-08;https://fptshop.com.vn/dien-thoai/iphone-16-plus?sku=00911153
iPhone 16 Plus;00911149;Default;Yes;17;17;1;4;0;24790000;iPhone;2026-10-08;https://fptshop.com.vn/dien-thoai/iphone-16-plus?sku=00911149
iPhone 16 Plus;00911155;Default;Yes;6;5;2;0;0;27790000;iPhone;2026-10-08;https://fptshop.com.vn/dien-thoai/iphone-16-plus?sku=00911155
iPhone 16 Plus;00911160;Default;Yes;4;4;4;0;0;29990000;iPhone;2026-10-08;https://fptshop.com.vn/dien-thoai/iphone-16-plus?sku=00911160
iPhone 16 Plus;00911159;Default;Yes;4;4;4;0;0;29990000;iPhone;2026-10-08;https://fptshop.com.vn/dien-thoai/iphone-16-plus?sku=00911159
iPhone 16 Plus;00911158;Đen;Yes;4;4;3;0;0;29990000;iPhone;2026-10-08;https://fptshop.com.vn/dien-thoai/iphone-16-plus?sku=00911158
iPhone 16 Plus;00911150;Default;Yes;2;0;0;0;0;24790000;iPhone;2026-10-08;https://fptshop.com.vn/dien-thoai/iphone-16-plus?sku=00911150
iPhone 16 Plus;00911156;Trắng;Yes;2;2;1;0;0;29990000;iPhone;2026-10-08;https://fptshop.com.vn/dien-thoai/iphone-16-plus?sku=00911156
iPhone 16 Plus;00911154;Default;Yes;1;1;0;0;1;27790000;iPhone;2026-10-08;https://fptshop.com.vn/dien-thoai/iphone-16-plus?sku=00911154
iPhone 16 Plus;00911151;Trắng;Yes;1;0;0;0;0;27790000;iPhone;2026-10-08;https://fptshop.com.vn/dien-thoai/iphone-16-plus?sku=00911151
iPhone 16 Plus;00911157;Hồng;No;0;0;0;0;0;29990000;iPhone;2026-10-08;https://fptshop.com.vn/dien-thoai/iphone-16-plus?sku=00911157
iPhone 17;00921654;Tím;Yes;642;438;29;86;46;26490000;iPhone;2026-10-08;https://fptshop.com.vn/dien-thoai/iphone-17?sku=00921654
iPhone 17;00921650;Default;Yes;407;309;28;64;40;26990000;iPhone;2026-10-08;https://fptshop.com.vn/dien-thoai/iphone-17?sku=00921650
iPhone 17;00921651;Trắng;Yes;263;223;14;25;17;26490000;iPhone;2026-10-08;https://fptshop.com.vn/dien-thoai/iphone-17?sku=00921651
iPhone 17;00921653;Default;Yes;187;151;28;32;24;26490000;iPhone;2026-10-08;https://fptshop.com.vn/dien-thoai/iphone-17?sku=00921653
iPhone 17;00921652;Đen;Yes;146;125;29;28;11;26490000;iPhone;2026-10-08;https://fptshop.com.vn/dien-thoai/iphone-17?sku=00921652
iPhone 17;00921656;Trắng;Yes;38;38;13;9;9;32990000;iPhone;2026-10-08;https://fptshop.com.vn/dien-thoai/iphone-17?sku=00921656
iPhone 17;00921658;Default;Yes;18;17;7;9;1;32990000;iPhone;2026-10-08;https://fptshop.com.vn/dien-thoai/iphone-17?sku=00921658
iPhone 17;00921659;Tím;Yes;13;11;9;1;0;32990000;iPhone;2026-10-08;https://fptshop.com.vn/dien-thoai/iphone-17?sku=00921659
iPhone 17;00921655;Default;Yes;13;13;2;6;2;32990000;iPhone;2026-10-08;https://fptshop.com.vn/dien-thoai/iphone-17?sku=00921655
iPhone 17;00921657;Đen;Yes;7;7;5;1;0;32990000;iPhone;2026-10-08;https://fptshop.com.vn/dien-thoai/iphone-17?sku=00921657
iPhone 18 Pro Max;00930830;Đen;Yes;561;229;31;48;33;41990000;iPhone;2026-10-08;https://fptshop.com.vn/dien-thoai/iphone-18-pro-max?sku=00930830
iPhone 18 Pro Max;00930834;Đen;Yes;311;157;27;33;17;48490000;iPhone;2026-10-08;https://fptshop.com.vn/dien-thoai/iphone-18-pro-max?sku=00930834
iPhone 18 Pro Max;00930837;Default;Yes;182;121;20;24;6;61490000;iPhone;2026-10-08;https://fptshop.com.vn/dien-thoai/iphone-18-pro-max?sku=00930837
iPhone 18 Pro Max;00930836;Default;Yes;163;106;26;24;6;61490000;iPhone;2026-10-08;https://fptshop.com.vn/dien-thoai/iphone-18-pro-max?sku=00930836
iPhone 18 Pro Max;00930838;Đen;Yes;150;78;25;22;11;61490000;iPhone;2026-10-08;https://fptshop.com.vn/dien-thoai/iphone-18-pro-max?sku=00930838
iPhone 18 Pro Max;00930829;Default;Yes;135;90;16;47;0;41990000;iPhone;2026-10-08;https://fptshop.com.vn/dien-thoai/iphone-18-pro-max?sku=00930829
iPhone 18 Pro Max;00930833;Default;Yes;63;62;11;14;2;48490000;iPhone;2026-10-08;https://fptshop.com.vn/dien-thoai/iphone-18-pro-max?sku=00930833
iPhone 18 Pro Max;00930841;Default;Yes;66;40;27;13;3;80990000;iPhone;2026-10-08;https://fptshop.com.vn/dien-thoai/iphone-18-pro-max?sku=00930841
iPhone 18 Pro Max;00930832;Default;Yes;63;41;6;18;2;48490000;iPhone;2026-10-08;https://fptshop.com.vn/dien-thoai/iphone-18-pro-max?sku=00930832
iPhone 18 Pro Max;00930835;Bạc;Yes;42;39;19;12;2;61490000;iPhone;2026-10-08;https://fptshop.com.vn/dien-thoai/iphone-18-pro-max?sku=00930835
iPhone 18 Pro Max;00930842;Đen;Yes;42;26;16;8;5;80990000;iPhone;2026-10-08;https://fptshop.com.vn/dien-thoai/iphone-18-pro-max?sku=00930842
iPhone 18 Pro Max;00930828;Default;Yes;54;78;8;20;4;41990000;iPhone;2026-10-08;https://fptshop.com.vn/dien-thoai/iphone-18-pro-max?sku=00930828
iPhone 18 Pro Max;00930840;Default;Yes;37;33;26;11;1;80990000;iPhone;2026-10-08;https://fptshop.com.vn/dien-thoai/iphone-18-pro-max?sku=00930840
iPhone 18 Pro Max;00930839;Bạc;Yes;32;29;19;11;3;80990000;iPhone;2026-10-08;https://fptshop.com.vn/dien-thoai/iphone-18-pro-max?sku=00930839
iPhone 18 Pro Max;00930827;Bạc;Yes;32;32;7;22;0;41990000;iPhone;2026-10-08;https://fptshop.com.vn/dien-thoai/iphone-18-pro-max?sku=00930827
iPhone 18 Pro Max;00930831;Bạc;Yes;17;12;5;3;0;48490000;iPhone;2026-10-08;https://fptshop.com.vn/dien-thoai/iphone-18-pro-max?sku=00930831
iPhone 16e;00916021;Trắng;Yes;280;226;33;56;35;18890000;iPhone;2026-10-08;https://fptshop.com.vn/dien-thoai/iphone-16e?sku=00916021
iPhone 16e;00916020;Đen;Yes;203;197;14;36;31;18890000;iPhone;2026-10-08;https://fptshop.com.vn/dien-thoai/iphone-16e?sku=00916020
iPhone 16e;00916025;Trắng;Yes;3;1;1;1;0;18990000;iPhone;2026-10-08;https://fptshop.com.vn/dien-thoai/iphone-16e?sku=00916025
iPhone 16e;00916024;Đen;Yes;1;1;1;1;0;18990000;iPhone;2026-10-08;https://fptshop.com.vn/dien-thoai/iphone-16e?sku=00916024
iPhone 16e;00916022;Đen;No;0;0;0;0;0;16490000;iPhone;2026-10-08;https://fptshop.com.vn/dien-thoai/iphone-16e?sku=00916022
iPhone 16e;00916023;Trắng;No;-1;0;0;0;0;16490000;iPhone;2026-10-08;https://fptshop.com.vn/dien-thoai/iphone-16e?sku=00916023
iPhone 17 Pro;00921739;Bạc;Yes;222;127;12;1;3;31990000;iPhone;2026-10-08;https://fptshop.com.vn/dien-thoai/iphone-17-pro?sku=00921739
iPhone 17 Pro;00921741;Default;Yes;112;96;14;8;3;31990000;iPhone;2026-10-08;https://fptshop.com.vn/dien-thoai/iphone-17-pro?sku=00921741
iPhone 17 Pro;00921740;Default;Yes;68;45;6;3;2;31990000;iPhone;2026-10-08;https://fptshop.com.vn/dien-thoai/iphone-17-pro?sku=00921740
iPhone 17 Pro;00921743;Bạc;Yes;32;31;9;4;4;38490000;iPhone;2026-10-08;https://fptshop.com.vn/dien-thoai/iphone-17-pro?sku=00921743
iPhone 17 Pro;00921744;Default;Yes;30;30;18;4;5;38490000;iPhone;2026-10-08;https://fptshop.com.vn/dien-thoai/iphone-17-pro?sku=00921744
iPhone 17 Pro;00921748;Default;Yes;21;20;13;4;3;43990000;iPhone;2026-10-08;https://fptshop.com.vn/dien-thoai/iphone-17-pro?sku=00921748
iPhone 17 Pro;00921745;Default;Yes;20;20;11;3;2;38490000;iPhone;2026-10-08;https://fptshop.com.vn/dien-thoai/iphone-17-pro?sku=00921745
iPhone 17 Pro;00921747;Bạc;Yes;16;13;4;0;5;43990000;iPhone;2026-10-08;https://fptshop.com.vn/dien-thoai/iphone-17-pro?sku=00921747
iPhone 17 Pro;00921749;Default;Yes;7;7;5;0;2;43990000;iPhone;2026-10-08;https://fptshop.com.vn/dien-thoai/iphone-17-pro?sku=00921749
iPhone 18 Pro;00930910;Đen;Yes;335;207;26;72;29;38990000;iPhone;2026-10-08;https://fptshop.com.vn/dien-thoai/iphone-18-pro?sku=00930910
iPhone 18 Pro;00930909;Default;Yes;256;141;15;24;30;38990000;iPhone;2026-10-08;https://fptshop.com.vn/dien-thoai/iphone-18-pro?sku=00930909
iPhone 18 Pro;00930914;Đen;Yes;56;48;10;21;7;45490000;iPhone;2026-10-08;https://fptshop.com.vn/dien-thoai/iphone-18-pro?sku=00930914
iPhone 18 Pro;00930917;Default;Yes;31;24;8;3;7;58490000;iPhone;2026-10-08;https://fptshop.com.vn/dien-thoai/iphone-18-pro?sku=00930917
iPhone 18 Pro;00930907;Bạc;Yes;25;17;3;0;0;38990000;iPhone;2026-10-08;https://fptshop.com.vn/dien-thoai/iphone-18-pro?sku=00930907
iPhone 18 Pro;00930913;Default;Yes;26;23;2;0;4;45490000;iPhone;2026-10-08;https://fptshop.com.vn/dien-thoai/iphone-18-pro?sku=00930913
iPhone 18 Pro;00930918;Đen;Yes;24;19;4;6;5;58490000;iPhone;2026-10-08;https://fptshop.com.vn/dien-thoai/iphone-18-pro?sku=00930918
iPhone 18 Pro;00930911;Bạc;Yes;15;13;1;6;1;45490000;iPhone;2026-10-08;https://fptshop.com.vn/dien-thoai/iphone-18-pro?sku=00930911
iPhone 18 Pro;00930908;Default;Yes;8;10;0;0;0;38990000;iPhone;2026-10-08;https://fptshop.com.vn/dien-thoai/iphone-18-pro?sku=00930908
iPhone 18 Pro;00932221;Bạc;Yes;12;11;4;5;0;77990000;iPhone;2026-10-08;https://fptshop.com.vn/dien-thoai/iphone-18-pro?sku=00932221
iPhone 18 Pro;00932222;Đen;Yes;11;9;3;6;0;77990000;iPhone;2026-10-08;https://fptshop.com.vn/dien-thoai/iphone-18-pro?sku=00932222
iPhone 18 Pro;00930916;Default;Yes;10;10;6;0;2;58490000;iPhone;2026-10-08;https://fptshop.com.vn/dien-thoai/iphone-18-pro?sku=00930916
iPhone 18 Pro;00930915;Bạc;Yes;10;8;4;2;0;58490000;iPhone;2026-10-08;https://fptshop.com.vn/dien-thoai/iphone-18-pro?sku=00930915
iPhone 18 Pro;00932224;Default;Yes;10;9;3;3;0;77990000;iPhone;2026-10-08;https://fptshop.com.vn/dien-thoai/iphone-18-pro?sku=00932224
iPhone 18 Pro;00932223;Default;Yes;7;7;0;3;0;77990000;iPhone;2026-10-08;https://fptshop.com.vn/dien-thoai/iphone-18-pro?sku=00932223
iPhone 18 Pro;00930912;Default;Yes;2;3;0;0;0;45490000;iPhone;2026-10-08;https://fptshop.com.vn/dien-thoai/iphone-18-pro?sku=00930912
iPad A16 5G;00916987;Bạc;Yes;77;70;21;14;10;19290000;iPad;2026-10-08;https://fptshop.com.vn/may-tinh-bang/ipad-a16-5g?sku=00916987
iPad A16 5G;00916983;Bạc;Yes;71;71;11;27;5;16390000;iPad;2026-10-08;https://fptshop.com.vn/may-tinh-bang/ipad-a16-5g?sku=00916983
iPad A16 5G;00916988;Xanh dương;Yes;64;63;14;26;14;19290000;iPad;2026-10-08;https://fptshop.com.vn/may-tinh-bang/ipad-a16-5g?sku=00916988
iPad A16 5G;00916984;Xanh dương;Yes;49;43;12;21;2;16390000;iPad;2026-10-08;https://fptshop.com.vn/may-tinh-bang/ipad-a16-5g?sku=00916984
iPad A16 5G;00916986;Hồng;Yes;16;16;0;0;1;16390000;iPad;2026-10-08;https://fptshop.com.vn/may-tinh-bang/ipad-a16-5g?sku=00916986
iPad A16 5G;00916990;Hồng;Yes;10;10;6;2;1;19290000;iPad;2026-10-08;https://fptshop.com.vn/may-tinh-bang/ipad-a16-5g?sku=00916990
iPad A16 5G;00916989;Vàng;Yes;8;8;2;0;3;19290000;iPad;2026-10-08;https://fptshop.com.vn/may-tinh-bang/ipad-a16-5g?sku=00916989
iPad A16 5G;00916985;Vàng;No;0;0;0;0;0;16290000;iPad;2026-10-08;https://fptshop.com.vn/may-tinh-bang/ipad-a16-5g?sku=00916985
iPad A16 5G;00916993;Vàng;No;0;0;0;0;0;24690000;iPad;2026-10-08;https://fptshop.com.vn/may-tinh-bang/ipad-a16-5g?sku=00916993
iPad A16 5G;00916994;Hồng;No;0;0;0;0;0;24690000;iPad;2026-10-08;https://fptshop.com.vn/may-tinh-bang/ipad-a16-5g?sku=00916994
iPad A16 5G;00916991;Bạc;No;0;0;0;0;0;24690000;iPad;2026-10-08;https://fptshop.com.vn/may-tinh-bang/ipad-a16-5g?sku=00916991
iPad A16 5G;00916992;Xanh dương;No;0;0;0;0;0;24690000;iPad;2026-10-08;https://fptshop.com.vn/may-tinh-bang/ipad-a16-5g?sku=00916992
iPhone Duo;00930750;Trắng;No;0;0;0;0;0;64990000;iPhone;2026-10-08;https://fptshop.com.vn/dien-thoai/iphone-duo?sku=00930750
iPhone Duo;00930751;Default;No;0;0;0;0;0;64990000;iPhone;2026-10-08;https://fptshop.com.vn/dien-thoai/iphone-duo?sku=00930751
iPhone Duo;00930752;Trắng;No;0;0;0;0;0;71490000;iPhone;2026-10-08;https://fptshop.com.vn/dien-thoai/iphone-duo?sku=00930752
iPhone Duo;00930753;Default;No;0;0;0;0;0;71490000;iPhone;2026-10-08;https://fptshop.com.vn/dien-thoai/iphone-duo?sku=00930753
iPhone Duo;00930755;Default;No;0;0;0;0;0;84490000;iPhone;2026-10-08;https://fptshop.com.vn/dien-thoai/iphone-duo?sku=00930755
iPhone Duo;00930754;Trắng;No;0;0;0;0;0;84490000;iPhone;2026-10-08;https://fptshop.com.vn/dien-thoai/iphone-duo?sku=00930754
iPhone Duo;00930756;Trắng;No;0;0;0;0;0;103990000;iPhone;2026-10-08;https://fptshop.com.vn/dien-thoai/iphone-duo?sku=00930756
iPhone Duo;00930757;Default;No;0;0;0;0;0;103990000;iPhone;2026-10-08;https://fptshop.com.vn/dien-thoai/iphone-duo?sku=00930757
iPad Air 13 M4 2026 5G;00926293;Xám;Yes;13;13;4;3;1;29190000;iPad;2026-10-08;https://fptshop.com.vn/may-tinh-bang/ipad-air-13-inch-m4-2026-5g?sku=00926293
iPad Air 13 M4 2026 5G;00926298;Xanh dương;Yes;8;8;3;2;0;31990000;iPad;2026-10-08;https://fptshop.com.vn/may-tinh-bang/ipad-air-13-inch-m4-2026-5g?sku=00926298
iPad Air 13 M4 2026 5G;00926294;Xanh dương;Yes;6;6;5;2;0;29190000;iPad;2026-10-08;https://fptshop.com.vn/may-tinh-bang/ipad-air-13-inch-m4-2026-5g?sku=00926294
iPad Air 13 M4 2026 5G;00926295;Tím;Yes;5;5;4;1;1;29190000;iPad;2026-10-08;https://fptshop.com.vn/may-tinh-bang/ipad-air-13-inch-m4-2026-5g?sku=00926295
iPad Air 13 M4 2026 5G;00926297;Xám;Yes;5;5;3;0;2;31990000;iPad;2026-10-08;https://fptshop.com.vn/may-tinh-bang/ipad-air-13-inch-m4-2026-5g?sku=00926297
iPad Air 13 M4 2026 5G;00926299;Tím;Yes;4;4;3;0;0;31990000;iPad;2026-10-08;https://fptshop.com.vn/may-tinh-bang/ipad-air-13-inch-m4-2026-5g?sku=00926299
iPad Air 13 M4 2026 5G;00926300;Default;Yes;3;3;1;0;0;31990000;iPad;2026-10-08;https://fptshop.com.vn/may-tinh-bang/ipad-air-13-inch-m4-2026-5g?sku=00926300
iPad Air 13 M4 2026 5G;00926296;Default;Yes;1;1;0;0;0;29190000;iPad;2026-10-08;https://fptshop.com.vn/may-tinh-bang/ipad-air-13-inch-m4-2026-5g?sku=00926296
iPad Air 13 M4 2026 5G;00926303;Tím;No;0;0;0;0;0;38590000;iPad;2026-10-08;https://fptshop.com.vn/may-tinh-bang/ipad-air-13-inch-m4-2026-5g?sku=00926303
iPad Air 13 M4 2026 5G;00926304;Default;No;0;0;0;0;0;38590000;iPad;2026-10-08;https://fptshop.com.vn/may-tinh-bang/ipad-air-13-inch-m4-2026-5g?sku=00926304
iPad Air 13 M4 2026 5G;00926302;Xanh dương;No;0;0;0;0;0;38590000;iPad;2026-10-08;https://fptshop.com.vn/may-tinh-bang/ipad-air-13-inch-m4-2026-5g?sku=00926302
iPad Air 13 M4 2026 5G;00926301;Xám;No;0;0;0;0;0;38590000;iPad;2026-10-08;https://fptshop.com.vn/may-tinh-bang/ipad-air-13-inch-m4-2026-5g?sku=00926301
iPad Air 13 M4 2026 5G;00926306;Xanh dương;No;0;0;0;0;0;46990000;iPad;2026-10-08;https://fptshop.com.vn/may-tinh-bang/ipad-air-13-inch-m4-2026-5g?sku=00926306
iPad Air 13 M4 2026 5G;00926307;Tím;No;0;0;0;0;0;46990000;iPad;2026-10-08;https://fptshop.com.vn/may-tinh-bang/ipad-air-13-inch-m4-2026-5g?sku=00926307
iPad Air 13 M4 2026 5G;00926305;Xám;No;0;0;0;0;0;46990000;iPad;2026-10-08;https://fptshop.com.vn/may-tinh-bang/ipad-air-13-inch-m4-2026-5g?sku=00926305
iPad Air 13 M4 2026 5G;00926308;Default;No;0;0;0;0;0;46990000;iPad;2026-10-08;https://fptshop.com.vn/may-tinh-bang/ipad-air-13-inch-m4-2026-5g?sku=00926308
iPad A16 WiFi;00917019;Bạc;Yes;418;286;18;38;33;12290000;iPad;2026-10-08;https://fptshop.com.vn/may-tinh-bang/ipad-a16-wifi?sku=00917019
iPad A16 WiFi;00917020;Xanh dương;Yes;300;232;14;20;23;12290000;iPad;2026-10-08;https://fptshop.com.vn/may-tinh-bang/ipad-a16-wifi?sku=00917020
iPad A16 WiFi;00917022;Hồng;Yes;124;101;9;12;6;12490000;iPad;2026-10-08;https://fptshop.com.vn/may-tinh-bang/ipad-a16-wifi?sku=00917022
iPad A16 WiFi;00917023;Bạc;Yes;74;62;7;17;0;15290000;iPad;2026-10-08;https://fptshop.com.vn/may-tinh-bang/ipad-a16-wifi?sku=00917023
iPad A16 WiFi;00917024;Xanh dương;Yes;42;36;13;3;7;15290000;iPad;2026-10-08;https://fptshop.com.vn/may-tinh-bang/ipad-a16-wifi?sku=00917024
iPad A16 WiFi;00917021;Vàng;Yes;26;24;7;2;3;12090000;iPad;2026-10-08;https://fptshop.com.vn/may-tinh-bang/ipad-a16-wifi?sku=00917021
iPad A16 WiFi;00917026;Hồng;Yes;7;5;1;0;2;15290000;iPad;2026-10-08;https://fptshop.com.vn/may-tinh-bang/ipad-a16-wifi?sku=00917026
iPad A16 WiFi;00917025;Vàng;No;0;0;0;0;0;15290000;iPad;2026-10-08;https://fptshop.com.vn/may-tinh-bang/ipad-a16-wifi?sku=00917025
iPad A16 WiFi;00917027;Bạc;No;0;0;0;0;0;20890000;iPad;2026-10-08;https://fptshop.com.vn/may-tinh-bang/ipad-a16-wifi?sku=00917027
iPad A16 WiFi;00917030;Hồng;No;0;0;0;0;0;20890000;iPad;2026-10-08;https://fptshop.com.vn/may-tinh-bang/ipad-a16-wifi?sku=00917030
iPad A16 WiFi;00917028;Xanh dương;No;0;0;0;0;0;20890000;iPad;2026-10-08;https://fptshop.com.vn/may-tinh-bang/ipad-a16-wifi?sku=00917028
iPad A16 WiFi;00917029;Vàng;No;0;0;0;0;0;20890000;iPad;2026-10-08;https://fptshop.com.vn/may-tinh-bang/ipad-a16-wifi?sku=00917029
iPad Air 11 M4 2026 WiFi;00926488;Default;Yes;145;126;17;22;34;19490000;iPad;2026-10-08;https://fptshop.com.vn/may-tinh-bang/ipad-air-11-inch-m4-2026-wifi?sku=00926488
iPad Air 11 M4 2026 WiFi;00926486;Xanh dương;Yes;113;110;14;23;12;19490000;iPad;2026-10-08;https://fptshop.com.vn/may-tinh-bang/ipad-air-11-inch-m4-2026-wifi?sku=00926486
iPad Air 11 M4 2026 WiFi;00926485;Xám;Yes;102;90;15;15;12;19490000;iPad;2026-10-08;https://fptshop.com.vn/may-tinh-bang/ipad-air-11-inch-m4-2026-wifi?sku=00926485
iPad Air 11 M4 2026 WiFi;00926487;Tím;Yes;65;53;13;17;0;19490000;iPad;2026-10-08;https://fptshop.com.vn/may-tinh-bang/ipad-air-11-inch-m4-2026-wifi?sku=00926487
iPad Air 11 M4 2026 WiFi;00926489;Xám;Yes;8;9;0;0;0;22290000;iPad;2026-10-08;https://fptshop.com.vn/may-tinh-bang/ipad-air-11-inch-m4-2026-wifi?sku=00926489
iPad Air 11 M4 2026 WiFi;00926492;Default;Yes;6;4;3;0;0;22290000;iPad;2026-10-08;https://fptshop.com.vn/may-tinh-bang/ipad-air-11-inch-m4-2026-wifi?sku=00926492
iPad Air 11 M4 2026 WiFi;00926490;Xanh dương;Yes;2;2;1;0;0;22290000;iPad;2026-10-08;https://fptshop.com.vn/may-tinh-bang/ipad-air-11-inch-m4-2026-wifi?sku=00926490
iPad Air 11 M4 2026 WiFi;00926491;Tím;No;0;0;0;0;0;22290000;iPad;2026-10-08;https://fptshop.com.vn/may-tinh-bang/ipad-air-11-inch-m4-2026-wifi?sku=00926491
iPad Air 11 M4 2026 WiFi;00926496;Default;No;0;0;0;0;0;28890000;iPad;2026-10-08;https://fptshop.com.vn/may-tinh-bang/ipad-air-11-inch-m4-2026-wifi?sku=00926496
iPad Air 11 M4 2026 WiFi;00926493;Xám;No;0;0;0;0;0;26490000;iPad;2026-10-08;https://fptshop.com.vn/may-tinh-bang/ipad-air-11-inch-m4-2026-wifi?sku=00926493
iPad Air 11 M4 2026 WiFi;00926495;Tím;No;0;0;0;0;0;28890000;iPad;2026-10-08;https://fptshop.com.vn/may-tinh-bang/ipad-air-11-inch-m4-2026-wifi?sku=00926495
iPad Air 11 M4 2026 WiFi;00926494;Xanh dương;No;0;0;0;0;0;28890000;iPad;2026-10-08;https://fptshop.com.vn/may-tinh-bang/ipad-air-11-inch-m4-2026-wifi?sku=00926494
iPad Air 11 M4 2026 WiFi;00926497;Xám;No;0;0;0;0;0;37290000;iPad;2026-10-08;https://fptshop.com.vn/may-tinh-bang/ipad-air-11-inch-m4-2026-wifi?sku=00926497
iPad Air 11 M4 2026 WiFi;00926500;Default;No;0;0;0;0;0;37290000;iPad;2026-10-08;https://fptshop.com.vn/may-tinh-bang/ipad-air-11-inch-m4-2026-wifi?sku=00926500
iPad Air 11 M4 2026 WiFi;00926499;Tím;No;0;0;0;0;0;37290000;iPad;2026-10-08;https://fptshop.com.vn/may-tinh-bang/ipad-air-11-inch-m4-2026-wifi?sku=00926499
iPad Air 11 M4 2026 WiFi;00926498;Xanh dương;No;0;0;0;0;0;37290000;iPad;2026-10-08;https://fptshop.com.vn/may-tinh-bang/ipad-air-11-inch-m4-2026-wifi?sku=00926498
iPad Air 11 M4 2026 5G;00926421;Xám;Yes;67;65;13;18;19;23690000;iPad;2026-10-08;https://fptshop.com.vn/may-tinh-bang/ipad-air-11-inch-m4-2026-5g?sku=00926421
iPad Air 11 M4 2026 5G;00926422;Xanh dương;Yes;30;29;12;11;4;23690000;iPad;2026-10-08;https://fptshop.com.vn/may-tinh-bang/ipad-air-11-inch-m4-2026-5g?sku=00926422
iPad Air 11 M4 2026 5G;00926423;Tím;Yes;29;28;10;8;2;23690000;iPad;2026-10-08;https://fptshop.com.vn/may-tinh-bang/ipad-air-11-inch-m4-2026-5g?sku=00926423
iPad Air 11 M4 2026 5G;00926424;Default;Yes;17;15;4;6;2;23690000;iPad;2026-10-08;https://fptshop.com.vn/may-tinh-bang/ipad-air-11-inch-m4-2026-5g?sku=00926424
iPad Air 11 M4 2026 5G;00926425;Xám;Yes;16;16;9;4;0;26490000;iPad;2026-10-08;https://fptshop.com.vn/may-tinh-bang/ipad-air-11-inch-m4-2026-5g?sku=00926425
iPad Air 11 M4 2026 5G;00926428;Default;Yes;14;14;10;6;0;26490000;iPad;2026-10-08;https://fptshop.com.vn/may-tinh-bang/ipad-air-11-inch-m4-2026-5g?sku=00926428
iPad Air 11 M4 2026 5G;00926427;Tím;Yes;10;10;7;0;1;26490000;iPad;2026-10-08;https://fptshop.com.vn/may-tinh-bang/ipad-air-11-inch-m4-2026-5g?sku=00926427
iPad Air 11 M4 2026 5G;00926426;Xanh dương;Yes;8;7;1;0;7;26490000;iPad;2026-10-08;https://fptshop.com.vn/may-tinh-bang/ipad-air-11-inch-m4-2026-5g?sku=00926426
iPad Air 11 M4 2026 5G;00926431;Tím;No;0;0;0;0;0;33090000;iPad;2026-10-08;https://fptshop.com.vn/may-tinh-bang/ipad-air-11-inch-m4-2026-5g?sku=00926431
iPad Air 11 M4 2026 5G;00926432;Default;No;0;0;0;0;0;33090000;iPad;2026-10-08;https://fptshop.com.vn/may-tinh-bang/ipad-air-11-inch-m4-2026-5g?sku=00926432
iPad Air 11 M4 2026 5G;00926429;Xám;No;0;0;0;0;0;33090000;iPad;2026-10-08;https://fptshop.com.vn/may-tinh-bang/ipad-air-11-inch-m4-2026-5g?sku=00926429
iPad Air 11 M4 2026 5G;00926430;Xanh dương;No;0;0;0;0;0;33090000;iPad;2026-10-08;https://fptshop.com.vn/may-tinh-bang/ipad-air-11-inch-m4-2026-5g?sku=00926430
iPad Air 11 M4 2026 5G;00926433;Xám;No;0;0;0;0;0;41490000;iPad;2026-10-08;https://fptshop.com.vn/may-tinh-bang/ipad-air-11-inch-m4-2026-5g?sku=00926433
iPad Air 11 M4 2026 5G;00926434;Xanh dương;No;0;0;0;0;0;41490000;iPad;2026-10-08;https://fptshop.com.vn/may-tinh-bang/ipad-air-11-inch-m4-2026-5g?sku=00926434
iPad Air 11 M4 2026 5G;00926435;Tím;No;0;0;0;0;0;41490000;iPad;2026-10-08;https://fptshop.com.vn/may-tinh-bang/ipad-air-11-inch-m4-2026-5g?sku=00926435
iPad Air 11 M4 2026 5G;00926436;Default;No;0;0;0;0;0;41490000;iPad;2026-10-08;https://fptshop.com.vn/may-tinh-bang/ipad-air-11-inch-m4-2026-5g?sku=00926436
iPad Air 13 inch M3 2025 WiFi + Cellular;00916725;Default;Yes;4;4;3;2;0;26990000;iPad;2026-10-08;https://fptshop.com.vn/may-tinh-bang/ipad-air-13-inch-m3-2025-wifi-cellular?sku=00916725
iPad Air 13 inch M3 2025 WiFi + Cellular;00916724;Xanh dương;Yes;1;1;1;1;0;26990000;iPad;2026-10-08;https://fptshop.com.vn/may-tinh-bang/ipad-air-13-inch-m3-2025-wifi-cellular?sku=00916724
iPad Air 13 inch M3 2025 WiFi + Cellular;00916723;Xám;Yes;1;1;1;1;0;26990000;iPad;2026-10-08;https://fptshop.com.vn/may-tinh-bang/ipad-air-13-inch-m3-2025-wifi-cellular?sku=00916723
iPad Air 13 inch M3 2025 WiFi + Cellular;00916727;Xám;Yes;1;1;1;1;0;29490000;iPad;2026-10-08;https://fptshop.com.vn/may-tinh-bang/ipad-air-13-inch-m3-2025-wifi-cellular?sku=00916727
iPad Air 13 inch M3 2025 WiFi + Cellular;00916729;Default;Yes;1;1;1;0;1;29490000;iPad;2026-10-08;https://fptshop.com.vn/may-tinh-bang/ipad-air-13-inch-m3-2025-wifi-cellular?sku=00916729
iPad Air 13 inch M3 2025 WiFi + Cellular;00916726;Tím;No;0;0;0;0;0;26990000;iPad;2026-10-08;https://fptshop.com.vn/may-tinh-bang/ipad-air-13-inch-m3-2025-wifi-cellular?sku=00916726
iPad Air 13 inch M3 2025 WiFi + Cellular;00916730;Tím;No;0;0;0;0;0;29490000;iPad;2026-10-08;https://fptshop.com.vn/may-tinh-bang/ipad-air-13-inch-m3-2025-wifi-cellular?sku=00916730
iPad Air 13 inch M3 2025 WiFi + Cellular;00916728;Xanh dương;No;0;0;0;0;0;29490000;iPad;2026-10-08;https://fptshop.com.vn/may-tinh-bang/ipad-air-13-inch-m3-2025-wifi-cellular?sku=00916728
iPad Air 13 inch M3 2025 WiFi + Cellular;00916733;Default;No;0;0;0;0;0;34590000;iPad;2026-10-08;https://fptshop.com.vn/may-tinh-bang/ipad-air-13-inch-m3-2025-wifi-cellular?sku=00916733
iPad Air 13 inch M3 2025 WiFi + Cellular;00916731;Xám;No;0;0;0;0;0;34590000;iPad;2026-10-08;https://fptshop.com.vn/may-tinh-bang/ipad-air-13-inch-m3-2025-wifi-cellular?sku=00916731
iPad Air 13 inch M3 2025 WiFi + Cellular;00916732;Xanh dương;No;0;0;0;0;0;34590000;iPad;2026-10-08;https://fptshop.com.vn/may-tinh-bang/ipad-air-13-inch-m3-2025-wifi-cellular?sku=00916732
iPad Air 13 inch M3 2025 WiFi + Cellular;00916734;Tím;No;0;0;0;0;0;34590000;iPad;2026-10-08;https://fptshop.com.vn/may-tinh-bang/ipad-air-13-inch-m3-2025-wifi-cellular?sku=00916734
iPad Air 13 inch M3 2025 WiFi + Cellular;00916737;Default;No;0;0;0;0;0;39990000;iPad;2026-10-08;https://fptshop.com.vn/may-tinh-bang/ipad-air-13-inch-m3-2025-wifi-cellular?sku=00916737
iPad Air 13 inch M3 2025 WiFi + Cellular;00916736;Xanh dương;No;0;0;0;0;0;39990000;iPad;2026-10-08;https://fptshop.com.vn/may-tinh-bang/ipad-air-13-inch-m3-2025-wifi-cellular?sku=00916736
iPad Air 13 inch M3 2025 WiFi + Cellular;00916738;Tím;No;0;0;0;0;0;39990000;iPad;2026-10-08;https://fptshop.com.vn/may-tinh-bang/ipad-air-13-inch-m3-2025-wifi-cellular?sku=00916738
iPad Air 13 inch M3 2025 WiFi + Cellular;00916735;Xám;No;0;0;0;0;0;39990000;iPad;2026-10-08;https://fptshop.com.vn/may-tinh-bang/ipad-air-13-inch-m3-2025-wifi-cellular?sku=00916735
iPad Air 13 M4 2026 WiFi;00926358;Xanh dương;Yes;6;6;2;3;0;24990000;iPad;2026-10-08;https://fptshop.com.vn/may-tinh-bang/ipad-air-13-inch-m4-2026-wifi?sku=00926358
iPad Air 13 M4 2026 WiFi;00926366;Xanh dương;Yes;6;6;4;0;4;33390000;iPad;2026-10-08;https://fptshop.com.vn/may-tinh-bang/ipad-air-13-inch-m4-2026-wifi?sku=00926366
iPad Air 13 M4 2026 WiFi;00926359;Tím;Yes;5;4;1;1;0;24990000;iPad;2026-10-08;https://fptshop.com.vn/may-tinh-bang/ipad-air-13-inch-m4-2026-wifi?sku=00926359
iPad Air 13 M4 2026 WiFi;00926361;Xám;Yes;4;4;2;0;0;27790000;iPad;2026-10-08;https://fptshop.com.vn/may-tinh-bang/ipad-air-13-inch-m4-2026-wifi?sku=00926361
iPad Air 13 M4 2026 WiFi;00926363;Tím;Yes;3;3;2;0;1;27790000;iPad;2026-10-08;https://fptshop.com.vn/may-tinh-bang/ipad-air-13-inch-m4-2026-wifi?sku=00926363
iPad Air 13 M4 2026 WiFi;00926357;Xám;Yes;2;2;1;0;0;24990000;iPad;2026-10-08;https://fptshop.com.vn/may-tinh-bang/ipad-air-13-inch-m4-2026-wifi?sku=00926357
iPad Air 13 M4 2026 WiFi;00926360;Default;Yes;3;3;0;0;1;24990000;iPad;2026-10-08;https://fptshop.com.vn/may-tinh-bang/ipad-air-13-inch-m4-2026-wifi?sku=00926360
iPad Air 13 M4 2026 WiFi;00926365;Xám;Yes;2;1;0;0;0;33390000;iPad;2026-10-08;https://fptshop.com.vn/may-tinh-bang/ipad-air-13-inch-m4-2026-wifi?sku=00926365
iPad Air 13 M4 2026 WiFi;00926364;Default;No;0;0;0;0;0;27790000;iPad;2026-10-08;https://fptshop.com.vn/may-tinh-bang/ipad-air-13-inch-m4-2026-wifi?sku=00926364
iPad Air 13 M4 2026 WiFi;00926362;Xanh dương;No;0;0;0;0;0;27790000;iPad;2026-10-08;https://fptshop.com.vn/may-tinh-bang/ipad-air-13-inch-m4-2026-wifi?sku=00926362
iPad Air 13 M4 2026 WiFi;00926367;Tím;No;0;0;0;0;0;34390000;iPad;2026-10-08;https://fptshop.com.vn/may-tinh-bang/ipad-air-13-inch-m4-2026-wifi?sku=00926367
iPad Air 13 M4 2026 WiFi;00926368;Default;No;0;0;0;0;0;34390000;iPad;2026-10-08;https://fptshop.com.vn/may-tinh-bang/ipad-air-13-inch-m4-2026-wifi?sku=00926368
iPad Air 13 M4 2026 WiFi;00926372;Default;No;0;0;0;0;0;42790000;iPad;2026-10-08;https://fptshop.com.vn/may-tinh-bang/ipad-air-13-inch-m4-2026-wifi?sku=00926372
iPad Air 13 M4 2026 WiFi;00926371;Tím;No;0;0;0;0;0;42790000;iPad;2026-10-08;https://fptshop.com.vn/may-tinh-bang/ipad-air-13-inch-m4-2026-wifi?sku=00926371
iPad Air 13 M4 2026 WiFi;00926369;Xám;No;0;0;0;0;0;42790000;iPad;2026-10-08;https://fptshop.com.vn/may-tinh-bang/ipad-air-13-inch-m4-2026-wifi?sku=00926369
iPad Air 13 M4 2026 WiFi;00926370;Xanh dương;No;0;0;0;0;0;42790000;iPad;2026-10-08;https://fptshop.com.vn/may-tinh-bang/ipad-air-13-inch-m4-2026-wifi?sku=00926370
iPad Mini 7 2024 Wifi;00912550;Xám;Yes;50;32;7;1;4;16190000;iPad;2026-10-08;https://fptshop.com.vn/may-tinh-bang/ipad-mini-7-2024-wifi?sku=00912550
iPad Mini 7 2024 Wifi;00912551;Xanh dương;Yes;35;32;7;3;11;16190000;iPad;2026-10-08;https://fptshop.com.vn/may-tinh-bang/ipad-mini-7-2024-wifi?sku=00912551
iPad Mini 7 2024 Wifi;00912553;Default;Yes;22;19;2;0;7;16190000;iPad;2026-10-08;https://fptshop.com.vn/may-tinh-bang/ipad-mini-7-2024-wifi?sku=00912553
iPad Mini 7 2024 Wifi;00912552;Tím;Yes;18;17;6;2;0;16190000;iPad;2026-10-08;https://fptshop.com.vn/may-tinh-bang/ipad-mini-7-2024-wifi?sku=00912552
iPad Mini 7 2024 Wifi;00912558;Xám;Yes;4;4;4;1;1;24590000;iPad;2026-10-08;https://fptshop.com.vn/may-tinh-bang/ipad-mini-7-2024-wifi?sku=00912558
iPad Mini 7 2024 Wifi;00912555;Xanh dương;Yes;2;1;0;0;1;18990000;iPad;2026-10-08;https://fptshop.com.vn/may-tinh-bang/ipad-mini-7-2024-wifi?sku=00912555
iPad Mini 7 2024 Wifi;00912556;Tím;Yes;1;1;1;0;0;18990000;iPad;2026-10-08;https://fptshop.com.vn/may-tinh-bang/ipad-mini-7-2024-wifi?sku=00912556
iPad Mini 7 2024 Wifi;00912557;Default;Yes;2;2;1;0;1;18990000;iPad;2026-10-08;https://fptshop.com.vn/may-tinh-bang/ipad-mini-7-2024-wifi?sku=00912557
iPad Mini 7 2024 Wifi;00912554;Xám;No;0;0;0;0;0;18990000;iPad;2026-10-08;https://fptshop.com.vn/may-tinh-bang/ipad-mini-7-2024-wifi?sku=00912554
iPad Mini 7 2024 Wifi;00912559;Xanh dương;No;0;0;0;0;0;24590000;iPad;2026-10-08;https://fptshop.com.vn/may-tinh-bang/ipad-mini-7-2024-wifi?sku=00912559
iPad Mini 7 2024 Wifi;00912561;Default;No;0;0;0;0;0;24590000;iPad;2026-10-08;https://fptshop.com.vn/may-tinh-bang/ipad-mini-7-2024-wifi?sku=00912561
iPad Mini 7 2024 Wifi;00912560;Tím;No;0;0;0;0;0;24590000;iPad;2026-10-08;https://fptshop.com.vn/may-tinh-bang/ipad-mini-7-2024-wifi?sku=00912560
iPad Mini 7 2024 Wifi + Cellular;00912587;Xanh dương;Yes;4;4;3;0;0;20390000;iPad;2026-10-08;https://fptshop.com.vn/may-tinh-bang/ipad-mini-7-2024-wifi-cellular?sku=00912587
iPad Mini 7 2024 Wifi + Cellular;00912588;Tím;Yes;2;2;2;1;0;20390000;iPad;2026-10-08;https://fptshop.com.vn/may-tinh-bang/ipad-mini-7-2024-wifi-cellular?sku=00912588
iPad Mini 7 2024 Wifi + Cellular;00912586;Xám;No;0;0;0;0;0;20390000;iPad;2026-10-08;https://fptshop.com.vn/may-tinh-bang/ipad-mini-7-2024-wifi-cellular?sku=00912586
iPad Mini 7 2024 Wifi + Cellular;00912589;Default;No;0;0;0;0;0;20390000;iPad;2026-10-08;https://fptshop.com.vn/may-tinh-bang/ipad-mini-7-2024-wifi-cellular?sku=00912589
iPad Mini 7 2024 Wifi + Cellular;00912592;Tím;No;0;0;0;0;0;23190000;iPad;2026-10-08;https://fptshop.com.vn/may-tinh-bang/ipad-mini-7-2024-wifi-cellular?sku=00912592
iPad Mini 7 2024 Wifi + Cellular;00912590;Xám;No;0;0;0;0;0;23190000;iPad;2026-10-08;https://fptshop.com.vn/may-tinh-bang/ipad-mini-7-2024-wifi-cellular?sku=00912590
iPad Mini 7 2024 Wifi + Cellular;00912591;Xanh dương;No;0;0;0;0;0;23190000;iPad;2026-10-08;https://fptshop.com.vn/may-tinh-bang/ipad-mini-7-2024-wifi-cellular?sku=00912591
iPad Mini 7 2024 Wifi + Cellular;00912593;Default;No;0;0;0;0;0;23190000;iPad;2026-10-08;https://fptshop.com.vn/may-tinh-bang/ipad-mini-7-2024-wifi-cellular?sku=00912593
iPad Mini 7 2024 Wifi + Cellular;00912594;Xám;No;0;0;0;0;0;28790000;iPad;2026-10-08;https://fptshop.com.vn/may-tinh-bang/ipad-mini-7-2024-wifi-cellular?sku=00912594
iPad Mini 7 2024 Wifi + Cellular;00912597;Default;No;0;0;0;0;0;28790000;iPad;2026-10-08;https://fptshop.com.vn/may-tinh-bang/ipad-mini-7-2024-wifi-cellular?sku=00912597
iPad Mini 7 2024 Wifi + Cellular;00912596;Tím;No;0;0;0;0;0;28790000;iPad;2026-10-08;https://fptshop.com.vn/may-tinh-bang/ipad-mini-7-2024-wifi-cellular?sku=00912596
iPad Mini 7 2024 Wifi + Cellular;00912595;Xanh dương;No;0;0;0;0;0;28790000;iPad;2026-10-08;https://fptshop.com.vn/may-tinh-bang/ipad-mini-7-2024-wifi-cellular?sku=00912595
iPad Pro 11 M5 2025 Nano WiFi + Cellular;00923081;Đen;Yes;1;1;1;0;1;59290000;iPad;2026-10-08;https://fptshop.com.vn/may-tinh-bang/ipad-pro-11-m5-2025-nano-wifi-cellular?sku=00923081
iPad Pro 11 M5 2025 Nano WiFi + Cellular;00923082;Bạc;No;0;0;0;0;0;59290000;iPad;2026-10-08;https://fptshop.com.vn/may-tinh-bang/ipad-pro-11-m5-2025-nano-wifi-cellular?sku=00923082
iPad Pro 11 M5 2025 Nano WiFi + Cellular;00923084;Bạc;No;0;0;0;0;0;72790000;iPad;2026-10-08;https://fptshop.com.vn/may-tinh-bang/ipad-pro-11-m5-2025-nano-wifi-cellular?sku=00923084
iPad Pro 11 M5 2025 Nano WiFi + Cellular;00923083;Đen;No;0;0;0;0;0;72790000;iPad;2026-10-08;https://fptshop.com.vn/may-tinh-bang/ipad-pro-11-m5-2025-nano-wifi-cellular?sku=00923083
iPad Pro 13 M5 2025 WiFi + Cellular 16GB;00922941;Đen;Yes;2;2;2;2;0;79390000;iPad;2026-10-08;https://fptshop.com.vn/may-tinh-bang/ipad-pro-13-m5-2025-wifi-cellular-16gb?sku=00922941
iPad Pro 13 M5 2025 WiFi + Cellular 16GB;00922940;Bạc;No;0;0;0;0;0;66590000;iPad;2026-10-08;https://fptshop.com.vn/may-tinh-bang/ipad-pro-13-m5-2025-wifi-cellular-16gb?sku=00922940
iPad Pro 13 M5 2025 WiFi + Cellular 16GB;00922939;Đen;No;0;0;0;0;0;66590000;iPad;2026-10-08;https://fptshop.com.vn/may-tinh-bang/ipad-pro-13-m5-2025-wifi-cellular-16gb?sku=00922939
iPad Pro 13 M5 2025 WiFi + Cellular 16GB;00922942;Bạc;No;0;0;0;0;0;79390000;iPad;2026-10-08;https://fptshop.com.vn/may-tinh-bang/ipad-pro-13-m5-2025-wifi-cellular-16gb?sku=00922942
iPad Pro 11 M5 2025 WiFi 12GB;00922931;Đen;Yes;105;102;15;0;9;33990000;iPad;2026-10-08;https://fptshop.com.vn/may-tinh-bang/ipad-pro-11-m5-2025-wifi-12gb?sku=00922931
iPad Pro 11 M5 2025 WiFi 12GB;00922932;Bạc;Yes;91;86;10;5;19;33990000;iPad;2026-10-08;https://fptshop.com.vn/may-tinh-bang/ipad-pro-11-m5-2025-wifi-12gb?sku=00922932
iPad Pro 11 M5 2025 WiFi 12GB;00922933;Đen;Yes;3;1;0;0;1;39990000;iPad;2026-10-08;https://fptshop.com.vn/may-tinh-bang/ipad-pro-11-m5-2025-wifi-12gb?sku=00922933
iPad Pro 11 M5 2025 WiFi 12GB;00922934;Bạc;Yes;3;3;2;0;0;39990000;iPad;2026-10-08;https://fptshop.com.vn/may-tinh-bang/ipad-pro-11-m5-2025-wifi-12gb?sku=00922934
iPad Pro 13 M5 2025 WiFi + Cellular 12GB;00922947;Đen;Yes;2;2;2;0;0;49590000;iPad;2026-10-08;https://fptshop.com.vn/may-tinh-bang/ipad-pro-13-m5-2025-wifi-cellular-12gb?sku=00922947
iPad Pro 13 M5 2025 WiFi + Cellular 12GB;00922948;Bạc;No;0;0;0;0;0;49590000;iPad;2026-10-08;https://fptshop.com.vn/may-tinh-bang/ipad-pro-13-m5-2025-wifi-cellular-12gb?sku=00922948
iPad Pro 13 M5 2025 WiFi + Cellular 12GB;00922949;Đen;No;0;0;0;0;0;55090000;iPad;2026-10-08;https://fptshop.com.vn/may-tinh-bang/ipad-pro-13-m5-2025-wifi-cellular-12gb?sku=00922949
iPad Pro 13 M5 2025 WiFi + Cellular 12GB;00922950;Bạc;No;0;0;0;0;0;55090000;iPad;2026-10-08;https://fptshop.com.vn/may-tinh-bang/ipad-pro-13-m5-2025-wifi-cellular-12gb?sku=00922950
iPad Pro 11 M5 2025 Nano WiFi;00923074;Bạc;Yes;1;1;0;1;0;53590000;iPad;2026-10-08;https://fptshop.com.vn/may-tinh-bang/ipad-pro-11-m5-2025-nano-wifi?sku=00923074
iPad Pro 11 M5 2025 Nano WiFi;00923073;Đen;Yes;1;1;1;0;1;53590000;iPad;2026-10-08;https://fptshop.com.vn/may-tinh-bang/ipad-pro-11-m5-2025-nano-wifi?sku=00923073
iPad Pro 11 M5 2025 Nano WiFi;00923075;Đen;No;0;0;0;0;0;67190000;iPad;2026-10-08;https://fptshop.com.vn/may-tinh-bang/ipad-pro-11-m5-2025-nano-wifi?sku=00923075
iPad Pro 11 M5 2025 Nano WiFi;00923076;Bạc;No;0;0;0;0;0;67190000;iPad;2026-10-08;https://fptshop.com.vn/may-tinh-bang/ipad-pro-11-m5-2025-nano-wifi?sku=00923076
iPad Pro 11 M5 2025 WiFi + Cellular 12GB;00922916;Bạc;Yes;47;46;18;6;4;39990000;iPad;2026-10-08;https://fptshop.com.vn/may-tinh-bang/ipad-pro-11-m5-2025-wifi-cellular-12gb?sku=00922916
iPad Pro 11 M5 2025 WiFi + Cellular 12GB;00922915;Đen;Yes;18;18;6;2;0;39990000;iPad;2026-10-08;https://fptshop.com.vn/may-tinh-bang/ipad-pro-11-m5-2025-wifi-cellular-12gb?sku=00922915
iPad Pro 11 M5 2025 WiFi + Cellular 12GB;00922918;Bạc;Yes;1;1;0;0;1;45590000;iPad;2026-10-08;https://fptshop.com.vn/may-tinh-bang/ipad-pro-11-m5-2025-wifi-cellular-12gb?sku=00922918
iPad Pro 11 M5 2025 WiFi + Cellular 12GB;00922917;Đen;Yes;1;1;1;0;0;45590000;iPad;2026-10-08;https://fptshop.com.vn/may-tinh-bang/ipad-pro-11-m5-2025-wifi-cellular-12gb?sku=00922917
iPad Pro 13 M5 2025 Nano WiFi;00923059;Đen;Yes;3;1;1;1;0;77190000;iPad;2026-10-08;https://fptshop.com.vn/may-tinh-bang/ipad-pro-13-m5-2025-nano-wifi?sku=00923059
iPad Pro 13 M5 2025 Nano WiFi;00923058;Bạc;No;0;0;0;0;0;63190000;iPad;2026-10-08;https://fptshop.com.vn/may-tinh-bang/ipad-pro-13-m5-2025-nano-wifi?sku=00923058
iPad Pro 13 M5 2025 Nano WiFi;00923057;Đen;Yes;1;1;1;0;0;63190000;iPad;2026-10-08;https://fptshop.com.vn/may-tinh-bang/ipad-pro-13-m5-2025-nano-wifi?sku=00923057
iPad Pro 13 M5 2025 Nano WiFi;00923060;Bạc;No;0;0;0;0;0;77190000;iPad;2026-10-08;https://fptshop.com.vn/may-tinh-bang/ipad-pro-13-m5-2025-nano-wifi?sku=00923060
iPad Pro 13 M5 2025 WiFi 12GB;00922965;Đen;Yes;12;11;9;0;2;49590000;iPad;2026-10-08;https://fptshop.com.vn/may-tinh-bang/ipad-pro-13-m5-2025-wifi-12gb?sku=00922965
iPad Pro 13 M5 2025 WiFi 12GB;00922963;Đen;Yes;9;9;7;1;1;44390000;iPad;2026-10-08;https://fptshop.com.vn/may-tinh-bang/ipad-pro-13-m5-2025-wifi-12gb?sku=00922963
iPad Pro 13 M5 2025 WiFi 12GB;00922966;Bạc;Yes;3;3;2;0;2;49590000;iPad;2026-10-08;https://fptshop.com.vn/may-tinh-bang/ipad-pro-13-m5-2025-wifi-12gb?sku=00922966
iPad Pro 13 M5 2025 WiFi 12GB;00922964;Bạc;Yes;2;2;0;0;2;44390000;iPad;2026-10-08;https://fptshop.com.vn/may-tinh-bang/ipad-pro-13-m5-2025-wifi-12gb?sku=00922964
iPad Pro 11 M5 2025 WiFi 16GB;00922926;Bạc;Yes;2;2;2;1;1;64890000;iPad;2026-10-08;https://fptshop.com.vn/may-tinh-bang/ipad-pro-11-m5-2025-wifi-16gb?sku=00922926
iPad Pro 11 M5 2025 WiFi 16GB;00922925;Đen;Yes;2;2;2;1;1;64890000;iPad;2026-10-08;https://fptshop.com.vn/may-tinh-bang/ipad-pro-11-m5-2025-wifi-16gb?sku=00922925
iPad Pro 11 M5 2025 WiFi 16GB;00922923;Đen;Yes;1;1;1;0;1;51090000;iPad;2026-10-08;https://fptshop.com.vn/may-tinh-bang/ipad-pro-11-m5-2025-wifi-16gb?sku=00922923
iPad Pro 11 M5 2025 WiFi 16GB;00922924;Bạc;Yes;1;1;1;0;1;51090000;iPad;2026-10-08;https://fptshop.com.vn/may-tinh-bang/ipad-pro-11-m5-2025-wifi-16gb?sku=00922924
MacBook Air 13 M5 2026 10CPU/10GPU/16GB/1TB/35W;00926587;Default;Yes;96;88;20;28;15;40990000;MacBook;2026-10-08;https://fptshop.com.vn/may-tinh-xach-tay/macbook-air-13-inch-m5-2026-10cpu-10gpu-16gb-1tb?sku=00926587
MacBook Air 13 M5 2026 10CPU/10GPU/16GB/1TB/35W;00926584;Bạc;Yes;28;28;6;6;4;40990000;MacBook;2026-10-08;https://fptshop.com.vn/may-tinh-xach-tay/macbook-air-13-inch-m5-2026-10cpu-10gpu-16gb-1tb?sku=00926584
MacBook Air 13 M5 2026 10CPU/10GPU/16GB/1TB/35W;00926585;Default;Yes;28;28;11;9;2;40990000;MacBook;2026-10-08;https://fptshop.com.vn/may-tinh-xach-tay/macbook-air-13-inch-m5-2026-10cpu-10gpu-16gb-1tb?sku=00926585
MacBook Air 13 M5 2026 10CPU/10GPU/16GB/1TB/35W;00926586;Default;Yes;22;21;10;1;6;40990000;MacBook;2026-10-08;https://fptshop.com.vn/may-tinh-xach-tay/macbook-air-13-inch-m5-2026-10cpu-10gpu-16gb-1tb?sku=00926586
MacBook Air 13 M5 2026 10CPU/8GPU/16GB/512GB;00926589;Default;Yes;64;61;13;17;1;33190000;MacBook;2026-10-08;https://fptshop.com.vn/may-tinh-xach-tay/macbook-air-13-m5-2026-10cpu-8gpu-16gb-512gb?sku=00926589
MacBook Air 13 M5 2026 10CPU/8GPU/16GB/512GB;00926591;Default;Yes;58;57;6;3;1;33190000;MacBook;2026-10-08;https://fptshop.com.vn/may-tinh-xach-tay/macbook-air-13-m5-2026-10cpu-8gpu-16gb-512gb?sku=00926591
MacBook Air 13 M5 2026 10CPU/8GPU/16GB/512GB;00926588;Bạc;Yes;25;27;0;13;1;33190000;MacBook;2026-10-08;https://fptshop.com.vn/may-tinh-xach-tay/macbook-air-13-m5-2026-10cpu-8gpu-16gb-512gb?sku=00926588
MacBook Air 13 M5 2026 10CPU/8GPU/16GB/512GB;00926590;Default;Yes;10;5;1;1;0;33190000;MacBook;2026-10-08;https://fptshop.com.vn/may-tinh-xach-tay/macbook-air-13-m5-2026-10cpu-8gpu-16gb-512gb?sku=00926590
MacBook Air 13 M5 2026 10CPU/10GPU/24GB/1TB/35W;00926583;Default;Yes;96;93;25;27;21;45990000;MacBook;2026-10-08;https://fptshop.com.vn/may-tinh-xach-tay/macbook-air-13-m5-2026-10cpu-10gpu-24gb-1tb?sku=00926583
MacBook Air 13 M5 2026 10CPU/10GPU/24GB/1TB/35W;00926582;Default;Yes;56;56;18;8;9;45990000;MacBook;2026-10-08;https://fptshop.com.vn/may-tinh-xach-tay/macbook-air-13-m5-2026-10cpu-10gpu-24gb-1tb?sku=00926582
MacBook Air 13 M5 2026 10CPU/10GPU/24GB/1TB/35W;00926580;Bạc;Yes;43;42;10;8;9;45990000;MacBook;2026-10-08;https://fptshop.com.vn/may-tinh-xach-tay/macbook-air-13-m5-2026-10cpu-10gpu-24gb-1tb?sku=00926580
MacBook Air 13 M5 2026 10CPU/10GPU/24GB/1TB/35W;00926581;Default;Yes;27;27;4;6;6;45990000;MacBook;2026-10-08;https://fptshop.com.vn/may-tinh-xach-tay/macbook-air-13-m5-2026-10cpu-10gpu-24gb-1tb?sku=00926581
MacBook Air 13 M5 2026 10CPU/10GPU/32GB/1TB/70W;00926996;Default;Yes;50;50;20;10;13;50990000;MacBook;2026-10-08;https://fptshop.com.vn/may-tinh-xach-tay/macbook-air-13-m5-2026-10cpu-10gpu-32gb-1tb-70w?sku=00926996
MacBook Air 13 M5 2026 10CPU/10GPU/32GB/1TB/70W;00926993;Bạc;Yes;50;43;25;7;14;50990000;MacBook;2026-10-08;https://fptshop.com.vn/may-tinh-xach-tay/macbook-air-13-m5-2026-10cpu-10gpu-32gb-1tb-70w?sku=00926993
MacBook Air 13 M5 2026 10CPU/10GPU/32GB/1TB/70W;00926994;Default;Yes;42;42;6;11;11;50990000;MacBook;2026-10-08;https://fptshop.com.vn/may-tinh-xach-tay/macbook-air-13-m5-2026-10cpu-10gpu-32gb-1tb-70w?sku=00926994
MacBook Air 13 M5 2026 10CPU/10GPU/32GB/1TB/70W;00926995;Default;Yes;27;25;9;2;5;50990000;MacBook;2026-10-08;https://fptshop.com.vn/may-tinh-xach-tay/macbook-air-13-m5-2026-10cpu-10gpu-32gb-1tb-70w?sku=00926995
Macbook Pro 14 M5 2025 10CPU/10GPU/16GB/1TB;00922904;Đen;Yes;63;60;13;4;17;52990000;MacBook;2026-10-08;https://fptshop.com.vn/may-tinh-xach-tay/macbook-pro-14-m5-2025-10cpu-10gpu-16gb-1tb?sku=00922904
Macbook Pro 14 M5 2025 10CPU/10GPU/16GB/1TB;00922903;Bạc;Yes;38;33;6;2;17;52990000;MacBook;2026-10-08;https://fptshop.com.vn/may-tinh-xach-tay/macbook-pro-14-m5-2025-10cpu-10gpu-16gb-1tb?sku=00922903
MacBook Neo 13 inch 8GB/256GB;00926643;Vàng;Yes;415;329;26;73;33;18790000;MacBook;2026-10-08;https://fptshop.com.vn/may-tinh-xach-tay/macbook-neo-13-inch-8gb-256gb?sku=00926643
MacBook Neo 13 inch 8GB/256GB;00926644;Default;Yes;323;245;18;57;9;18790000;MacBook;2026-10-08;https://fptshop.com.vn/may-tinh-xach-tay/macbook-neo-13-inch-8gb-256gb?sku=00926644
MacBook Neo 13 inch 8GB/256GB;00926642;Hồng;Yes;122;93;6;33;1;18990000;MacBook;2026-10-08;https://fptshop.com.vn/may-tinh-xach-tay/macbook-neo-13-inch-8gb-256gb?sku=00926642
MacBook Neo 13 inch 8GB/256GB;00926641;Bạc;Yes;18;18;2;4;1;18990000;MacBook;2026-10-08;https://fptshop.com.vn/may-tinh-xach-tay/macbook-neo-13-inch-8gb-256gb?sku=00926641
MacBook Air 13 M5 2026 10CPU/10GPU/24GB/512GB/70W;00927000;Default;Yes;241;237;24;24;26;37990000;MacBook;2026-10-08;https://fptshop.com.vn/may-tinh-xach-tay/macbook-air-13-m5-2026-10cpu-10gpu-24gb-512gb-70w?sku=00927000
MacBook Air 13 M5 2026 10CPU/10GPU/24GB/512GB/70W;00926999;Default;Yes;126;121;19;15;25;37990000;MacBook;2026-10-08;https://fptshop.com.vn/may-tinh-xach-tay/macbook-air-13-m5-2026-10cpu-10gpu-24gb-512gb-70w?sku=00926999
MacBook Air 13 M5 2026 10CPU/10GPU/24GB/512GB/70W;00926997;Bạc;Yes;93;93;13;11;4;37990000;MacBook;2026-10-08;https://fptshop.com.vn/may-tinh-xach-tay/macbook-air-13-m5-2026-10cpu-10gpu-24gb-512gb-70w?sku=00926997
MacBook Air 13 M5 2026 10CPU/10GPU/24GB/512GB/70W;00926998;Default;Yes;83;81;25;17;13;37990000;MacBook;2026-10-08;https://fptshop.com.vn/may-tinh-xach-tay/macbook-air-13-m5-2026-10cpu-10gpu-24gb-512gb-70w?sku=00926998
[CTO] MacBook Air 13 M5 2026 10CPU/8GPU/16GB/512GB/70W;00929095;Default;Yes;195;159;22;52;5;33490000;MacBook;2026-10-08;https://fptshop.com.vn/may-tinh-xach-tay/macbook-air-13-m5-2026-10cpu-8gpu-16gb-512gb-70w?sku=00929095
[CTO] MacBook Air 13 M5 2026 10CPU/8GPU/16GB/512GB/70W;00929096;Default;Yes;175;130;30;21;25;33490000;MacBook;2026-10-08;https://fptshop.com.vn/may-tinh-xach-tay/macbook-air-13-m5-2026-10cpu-8gpu-16gb-512gb-70w?sku=00929096
[CTO] MacBook Air 13 M5 2026 10CPU/8GPU/16GB/512GB/70W;00929097;Default;Yes;170;133;22;25;16;33490000;MacBook;2026-10-08;https://fptshop.com.vn/may-tinh-xach-tay/macbook-air-13-m5-2026-10cpu-8gpu-16gb-512gb-70w?sku=00929097
[CTO] MacBook Air 13 M5 2026 10CPU/8GPU/16GB/512GB/70W;00929094;Bạc;Yes;108;92;15;9;1;33490000;MacBook;2026-10-08;https://fptshop.com.vn/may-tinh-xach-tay/macbook-air-13-m5-2026-10cpu-8gpu-16gb-512gb-70w?sku=00929094
MacBook Neo 13 inch 8GB/512GB;00926640;Default;Yes;68;66;6;3;1;21290000;MacBook;2026-10-08;https://fptshop.com.vn/may-tinh-xach-tay/macbook-neo-13-inch-8gb-512gb?sku=00926640
MacBook Neo 13 inch 8GB/512GB;00926639;Vàng;Yes;59;56;8;30;0;21290000;MacBook;2026-10-08;https://fptshop.com.vn/may-tinh-xach-tay/macbook-neo-13-inch-8gb-512gb?sku=00926639
MacBook Neo 13 inch 8GB/512GB;00926638;Hồng;Yes;46;28;4;6;1;21490000;MacBook;2026-10-08;https://fptshop.com.vn/may-tinh-xach-tay/macbook-neo-13-inch-8gb-512gb?sku=00926638
MacBook Neo 13 inch 8GB/512GB;00926637;Bạc;No;0;0;0;0;0;21490000;MacBook;2026-10-08;https://fptshop.com.vn/may-tinh-xach-tay/macbook-neo-13-inch-8gb-512gb?sku=00926637
MacBook Air 15 M5 2026 10CPU/10GPU/16GB/512GB;00926579;Default;Yes;19;18;6;0;2;38990000;MacBook;2026-10-08;https://fptshop.com.vn/may-tinh-xach-tay/macbook-air-15-m5-2026-10cpu-10gpu-16gb-512gb?sku=00926579
MacBook Air 15 M5 2026 10CPU/10GPU/16GB/512GB;00926577;Default;Yes;11;10;3;1;1;38990000;MacBook;2026-10-08;https://fptshop.com.vn/may-tinh-xach-tay/macbook-air-15-m5-2026-10cpu-10gpu-16gb-512gb?sku=00926577
MacBook Air 15 M5 2026 10CPU/10GPU/16GB/512GB;00926576;Bạc;Yes;11;12;3;0;3;38990000;MacBook;2026-10-08;https://fptshop.com.vn/may-tinh-xach-tay/macbook-air-15-m5-2026-10cpu-10gpu-16gb-512gb?sku=00926576
MacBook Air 15 M5 2026 10CPU/10GPU/16GB/512GB;00926578;Default;Yes;1;1;0;0;1;38990000;MacBook;2026-10-08;https://fptshop.com.vn/may-tinh-xach-tay/macbook-air-15-m5-2026-10cpu-10gpu-16gb-512gb?sku=00926578
Macbook Pro 14 M5 2025 10CPU/10GPU/24GB/1TB;00922902;Đen;Yes;9;7;1;1;4;58990000;MacBook;2026-10-08;https://fptshop.com.vn/may-tinh-xach-tay/macbook-pro-14-m5-2025-10cpu-10gpu-24gb-1tb?sku=00922902
Macbook Pro 14 M5 2025 10CPU/10GPU/24GB/1TB;00922901;Bạc;Yes;3;3;1;0;2;58990000;MacBook;2026-10-08;https://fptshop.com.vn/may-tinh-xach-tay/macbook-pro-14-m5-2025-10cpu-10gpu-24gb-1tb?sku=00922901
MacBook Pro 14 M5 2026 10CPU/10GPU/32GB/1TB/96W;00927194;Đen;Yes;10;9;4;0;1;65490000;MacBook;2026-10-08;https://fptshop.com.vn/may-tinh-xach-tay/macbook-pro-14-m5-2026-10cpu-10gpu-32gb-1tb-96w?sku=00927194
MacBook Pro 14 M5 2026 10CPU/10GPU/32GB/1TB/96W;00927193;Bạc;Yes;1;1;0;1;0;65490000;MacBook;2026-10-08;https://fptshop.com.vn/may-tinh-xach-tay/macbook-pro-14-m5-2026-10cpu-10gpu-32gb-1tb-96w?sku=00927193
MacBook Pro 14 M5 Max 2026 18CPU/40GPU/64GB/4TB/96W;00926975;Đen;Yes;5;4;3;1;1;163990000;MacBook;2026-10-08;https://fptshop.com.vn/may-tinh-xach-tay/macbook-pro-14-m5-max-2026-18cpu-40gpu-64gb-4tb-96w?sku=00926975
MacBook Pro 14 M5 Pro 2026 15CPU/16GPU/24GB/2TB;00926606;Đen;Yes;35;33;28;10;2;80790000;MacBook;2026-10-08;https://fptshop.com.vn/may-tinh-xach-tay/macbook-pro-14-m5-pro-2026-15cpu-16gpu-24gb-2tb?sku=00926606
MacBook Pro 14 M5 Pro 2026 15CPU/16GPU/24GB/2TB;00926605;Bạc;Yes;20;20;18;4;3;80790000;MacBook;2026-10-08;https://fptshop.com.vn/may-tinh-xach-tay/macbook-pro-14-m5-pro-2026-15cpu-16gpu-24gb-2tb?sku=00926605
MacBook Pro 16 M5 Max 2026 18CPU/40GPU/64GB/4TB/Nano;00927002;Đen;Yes;4;4;2;0;2;173990000;MacBook;2026-10-08;https://fptshop.com.vn/may-tinh-xach-tay/macbook-pro-16-m5-max-2026-18cpu-40gpu-64gb-4tb-nano?sku=00927002
MacBook Pro 16 M5 Max 2026 18CPU/40GPU/48GB/2TB;00926614;Đen;Yes;1;1;0;0;1;131990000;MacBook;2026-10-08;https://fptshop.com.vn/may-tinh-xach-tay/macbook-pro-16-m5-max-2026-18cpu-40gpu-48gb-2tb?sku=00926614
MacBook Pro 16 M5 Max 2026 18CPU/40GPU/48GB/2TB;00926613;Bạc;No;0;0;0;0;0;131990000;MacBook;2026-10-08;https://fptshop.com.vn/may-tinh-xach-tay/macbook-pro-16-m5-max-2026-18cpu-40gpu-48gb-2tb?sku=00926613
MacBook Pro 14 M5 2026 10CPU/10GPU/16GB/1TB/96W;00927288;Đen;Yes;65;63;16;1;19;53990000;MacBook;2026-10-08;https://fptshop.com.vn/may-tinh-xach-tay/macbook-pro-14-m5-2026-10cpu-10gpu-16gb-1tb-96w?sku=00927288
MacBook Pro 14 M5 2026 10CPU/10GPU/16GB/1TB/96W;00927287;Bạc;Yes;53;50;14;4;25;53990000;MacBook;2026-10-08;https://fptshop.com.vn/may-tinh-xach-tay/macbook-pro-14-m5-2026-10cpu-10gpu-16gb-1tb-96w?sku=00927287
MacBook Pro 16 M5 Max 2026 18CPU/40GPU/48GB/2TB/Nano;00927003;Đen;Yes;20;20;16;4;3;135990000;MacBook;2026-10-08;https://fptshop.com.vn/may-tinh-xach-tay/macbook-pro-16-m5-max-2026-18cpu-40gpu-48gb-2tb-nano?sku=00927003
MacBook Pro 16 M5 Pro 2026 18CPU/20GPU/24GB/2TB;00927006;Đen;Yes;12;9;7;2;5;93790000;MacBook;2026-10-08;https://fptshop.com.vn/may-tinh-xach-tay/macbook-pro-16-m5-pro-2026-18cpu-20gpu-24gb-2tb?sku=00927006
MacBook Pro 14 M5 Pro 2026 15CPU/16GPU/24GB/1TB;00926607;Bạc;Yes;53;52;9;14;2;67990000;MacBook;2026-10-08;https://fptshop.com.vn/may-tinh-xach-tay/macbook-pro-14-m5-pro-2026-15cpu-16gpu-24gb-1tb?sku=00926607
MacBook Pro 14 M5 Pro 2026 15CPU/16GPU/24GB/1TB;00926608;Đen;Yes;42;40;10;5;2;67990000;MacBook;2026-10-08;https://fptshop.com.vn/may-tinh-xach-tay/macbook-pro-14-m5-pro-2026-15cpu-16gpu-24gb-1tb?sku=00926608
MacBook Pro 16 M5 Max 2026 18CPU/40GPU/128GB/8TB/Nano;00927001;Đen;Yes;3;3;3;1;2;269990000;MacBook;2026-10-08;https://fptshop.com.vn/may-tinh-xach-tay/macbook-pro-16-m5-max-2026-18cpu-40gpu-128gb-8tb-nano?sku=00927001
MacBook Pro 16 M5 Pro 2026 18CPU/20GPU/24GB/1TB;00926619;Bạc;Yes;153;138;25;54;8;79990000;MacBook;2026-10-08;https://fptshop.com.vn/may-tinh-xach-tay/macbook-pro-16-m5-pro-2026-18cpu-20gpu-24gb-1tb?sku=00926619
MacBook Pro 16 M5 Pro 2026 18CPU/20GPU/24GB/1TB;00926620;Đen;Yes;16;16;7;1;2;79990000;MacBook;2026-10-08;https://fptshop.com.vn/may-tinh-xach-tay/macbook-pro-16-m5-pro-2026-18cpu-20gpu-24gb-1tb?sku=00926620
MacBook Pro 16 M5 Pro 2026 18CPU/20GPU/48GB/2TB;00927005;Đen;Yes;15;15;14;5;1;109990000;MacBook;2026-10-08;https://fptshop.com.vn/may-tinh-xach-tay/macbook-pro-16-m5-pro-2026-18cpu-20gpu-48gb-2tb?sku=00927005
Apple Watch SE 2 44mm GPS;00832932;Vàng;Yes;3;0;0;0;0;8690000;Apple Watch;2026-10-08;https://fptshop.com.vn/smartwatch/apple-watch-se-2-44mm-gps-1?sku=00832932
Apple Watch SE 2 44mm GPS;00832936;Bạc;Yes;1;0;0;0;0;8690000;Apple Watch;2026-10-08;https://fptshop.com.vn/smartwatch/apple-watch-se-2-44mm-gps-1?sku=00832936
Apple Watch SE 2 44mm GPS;00832933;Đen;No;0;0;0;0;0;8690000;Apple Watch;2026-10-08;https://fptshop.com.vn/smartwatch/apple-watch-se-2-44mm-gps-1?sku=00832933
MacBook Pro 16 M5 Pro 2026 18CPU/20GPU/48GB/1TB;00926617;Bạc;Yes;14;15;10;2;2;96490000;MacBook;2026-10-08;https://fptshop.com.vn/may-tinh-xach-tay/macbook-pro-16-m5-pro-2026-18cpu-20gpu-48gb-1tb?sku=00926617
MacBook Pro 16 M5 Pro 2026 18CPU/20GPU/48GB/1TB;00926618;Đen;Yes;2;2;2;0;1;96490000;MacBook;2026-10-08;https://fptshop.com.vn/may-tinh-xach-tay/macbook-pro-16-m5-pro-2026-18cpu-20gpu-48gb-1tb?sku=00926618
Apple Watch SE 2024 GPS 44mm Viền Nhôm Dây Cao Su M/L;00911557;Default;Yes;1;0;0;0;0;5690000;Apple Watch;2026-10-08;https://fptshop.com.vn/smartwatch/apple-watch-se-2024-gps-44mm-vien-nhom-day-cao-su-ml?sku=00911557
Apple Watch SE 2024 GPS 44mm Viền Nhôm Dây Cao Su M/L;00911556;Bạc;No;0;0;0;0;0;5690000;Apple Watch;2026-10-08;https://fptshop.com.vn/smartwatch/apple-watch-se-2024-gps-44mm-vien-nhom-day-cao-su-ml?sku=00911556
Apple Watch SE 2024 GPS 44mm Viền Nhôm Dây Cao Su M/L;00911555;Default;No;0;0;0;0;0;5690000;Apple Watch;2026-10-08;https://fptshop.com.vn/smartwatch/apple-watch-se-2024-gps-44mm-vien-nhom-day-cao-su-ml?sku=00911555
Apple Watch SE 3 GPS 44mm Viền nhôm dây cao su;00922016;Đen;Yes;140;128;18;26;29;7690000;Apple Watch;2026-10-08;https://fptshop.com.vn/smartwatch/apple-watch-se-3-gps-44mm-vien-nhom-day-cao-su?sku=00922016
Apple Watch SE 3 GPS 44mm Viền nhôm dây cao su;00922017;Đen;Yes;51;49;14;6;10;7690000;Apple Watch;2026-10-08;https://fptshop.com.vn/smartwatch/apple-watch-se-3-gps-44mm-vien-nhom-day-cao-su?sku=00922017
Apple Watch SE 3 GPS 44mm Viền nhôm dây cao su;00932368;Đen;Yes;21;21;16;4;2;7690000;Apple Watch;2026-10-08;https://fptshop.com.vn/smartwatch/apple-watch-se-3-gps-44mm-vien-nhom-day-cao-su?sku=00932368
Apple Watch SE 3 GPS 44mm Viền nhôm dây cao su;00922014;Default;Yes;16;15;7;4;1;7690000;Apple Watch;2026-10-08;https://fptshop.com.vn/smartwatch/apple-watch-se-3-gps-44mm-vien-nhom-day-cao-su?sku=00922014
Apple Watch SE 3 GPS 44mm Viền nhôm dây cao su;00932367;Đen;Yes;6;6;4;1;0;7690000;Apple Watch;2026-10-08;https://fptshop.com.vn/smartwatch/apple-watch-se-3-gps-44mm-vien-nhom-day-cao-su?sku=00932367
Apple Watch SE 3 GPS 44mm Viền nhôm dây cao su;00932366;Default;Yes;6;6;4;3;0;7690000;Apple Watch;2026-10-08;https://fptshop.com.vn/smartwatch/apple-watch-se-3-gps-44mm-vien-nhom-day-cao-su?sku=00932366
Apple Watch SE 3 GPS 44mm Viền nhôm dây cao su;00932365;Default;Yes;4;4;2;1;0;7690000;Apple Watch;2026-10-08;https://fptshop.com.vn/smartwatch/apple-watch-se-3-gps-44mm-vien-nhom-day-cao-su?sku=00932365
Apple Watch SE 3 GPS 44mm Viền nhôm dây cao su;00922015;Default;No;0;0;0;0;0;7690000;Apple Watch;2026-10-08;https://fptshop.com.vn/smartwatch/apple-watch-se-3-gps-44mm-vien-nhom-day-cao-su?sku=00922015
Apple Watch SE 3 GPS 40mm Viền nhôm dây cao su;00932361;Default;Yes;105;105;17;17;12;6790000;Apple Watch;2026-10-08;https://fptshop.com.vn/smartwatch/apple-watch-se-3-gps-40mm-vien-nhom-day-cao-su?sku=00932361
Apple Watch SE 3 GPS 40mm Viền nhôm dây cao su;00922012;Đen;Yes;22;13;4;3;1;6790000;Apple Watch;2026-10-08;https://fptshop.com.vn/smartwatch/apple-watch-se-3-gps-40mm-vien-nhom-day-cao-su?sku=00922012
Apple Watch SE 3 GPS 40mm Viền nhôm dây cao su;00922010;Default;Yes;17;13;2;4;0;6790000;Apple Watch;2026-10-08;https://fptshop.com.vn/smartwatch/apple-watch-se-3-gps-40mm-vien-nhom-day-cao-su?sku=00922010
Apple Watch SE 3 GPS 40mm Viền nhôm dây cao su;00932363;Đen;Yes;19;17;13;1;2;6790000;Apple Watch;2026-10-08;https://fptshop.com.vn/smartwatch/apple-watch-se-3-gps-40mm-vien-nhom-day-cao-su?sku=00932363
Apple Watch SE 3 GPS 40mm Viền nhôm dây cao su;00932364;Đen;Yes;6;6;6;4;0;6790000;Apple Watch;2026-10-08;https://fptshop.com.vn/smartwatch/apple-watch-se-3-gps-40mm-vien-nhom-day-cao-su?sku=00932364
Apple Watch SE 3 GPS 40mm Viền nhôm dây cao su;00922013;Đen;Yes;6;6;4;1;0;6790000;Apple Watch;2026-10-08;https://fptshop.com.vn/smartwatch/apple-watch-se-3-gps-40mm-vien-nhom-day-cao-su?sku=00922013
Apple Watch SE 3 GPS 40mm Viền nhôm dây cao su;00922011;Default;Yes;5;4;0;1;0;6790000;Apple Watch;2026-10-08;https://fptshop.com.vn/smartwatch/apple-watch-se-3-gps-40mm-vien-nhom-day-cao-su?sku=00922011
Apple Watch SE 3 GPS 40mm Viền nhôm dây cao su;00932362;Default;Yes;5;5;4;3;0;6790000;Apple Watch;2026-10-08;https://fptshop.com.vn/smartwatch/apple-watch-se-3-gps-40mm-vien-nhom-day-cao-su?sku=00932362
Apple Watch SE 3 GPS + Cellular 44mm Viền nhôm dây cao su;00922023;Default;Yes;9;9;8;1;0;9190000;Apple Watch;2026-10-08;https://fptshop.com.vn/smartwatch/apple-watch-se-3-gps-cellular-44mm-vien-nhom-day-cao-su?sku=00922023
Apple Watch SE 3 GPS + Cellular 44mm Viền nhôm dây cao su;00932360;Đen;Yes;6;6;6;4;0;9190000;Apple Watch;2026-10-08;https://fptshop.com.vn/smartwatch/apple-watch-se-3-gps-cellular-44mm-vien-nhom-day-cao-su?sku=00932360
Apple Watch SE 3 GPS + Cellular 44mm Viền nhôm dây cao su;00932359;Đen;Yes;6;6;6;0;0;9190000;Apple Watch;2026-10-08;https://fptshop.com.vn/smartwatch/apple-watch-se-3-gps-cellular-44mm-vien-nhom-day-cao-su?sku=00932359
Apple Watch SE 3 GPS + Cellular 44mm Viền nhôm dây cao su;00932357;Default;Yes;5;5;3;2;0;9190000;Apple Watch;2026-10-08;https://fptshop.com.vn/smartwatch/apple-watch-se-3-gps-cellular-44mm-vien-nhom-day-cao-su?sku=00932357
Apple Watch SE 3 GPS + Cellular 44mm Viền nhôm dây cao su;00932358;Default;Yes;5;5;3;3;0;9190000;Apple Watch;2026-10-08;https://fptshop.com.vn/smartwatch/apple-watch-se-3-gps-cellular-44mm-vien-nhom-day-cao-su?sku=00932358
Apple Watch SE 3 GPS + Cellular 44mm Viền nhôm dây cao su;00922025;Đen;Yes;5;5;2;0;0;9190000;Apple Watch;2026-10-08;https://fptshop.com.vn/smartwatch/apple-watch-se-3-gps-cellular-44mm-vien-nhom-day-cao-su?sku=00922025
Apple Watch SE 3 GPS + Cellular 44mm Viền nhôm dây cao su;00922024;Đen;Yes;4;4;1;4;0;9190000;Apple Watch;2026-10-08;https://fptshop.com.vn/smartwatch/apple-watch-se-3-gps-cellular-44mm-vien-nhom-day-cao-su?sku=00922024
Apple Watch SE 3 GPS + Cellular 44mm Viền nhôm dây cao su;00922022;Default;Yes;2;2;1;2;0;9190000;Apple Watch;2026-10-08;https://fptshop.com.vn/smartwatch/apple-watch-se-3-gps-cellular-44mm-vien-nhom-day-cao-su?sku=00922022
Apple Watch Series 10 GPS + Cellular 46mm Viền nhôm Dây cao su cỡ S/M;00911531;Bạc;Yes;3;1;1;1;0;12790000;Apple Watch;2026-10-08;https://fptshop.com.vn/smartwatch/apple-watch-series-10-gps-cellular-45mm-vien-nhom-day-cao-su-co-sm?sku=00911531
Apple Watch Series 10 GPS + Cellular 46mm Viền nhôm Dây cao su cỡ S/M;00911532;Đen;No;0;0;0;0;0;12790000;Apple Watch;2026-10-08;https://fptshop.com.vn/smartwatch/apple-watch-series-10-gps-cellular-45mm-vien-nhom-day-cao-su-co-sm?sku=00911532
Apple Watch Series 10 GPS + Cellular 46mm Viền nhôm Dây cao su cỡ S/M;00911530;Vàng;No;0;0;0;0;0;12790000;Apple Watch;2026-10-08;https://fptshop.com.vn/smartwatch/apple-watch-series-10-gps-cellular-45mm-vien-nhom-day-cao-su-co-sm?sku=00911530
Apple Watch SE GPS 44mm viền nhôm xám dây cao su;00789048;Xám;Yes;1;0;0;0;0;4490000;Apple Watch;2026-10-08;https://fptshop.com.vn/smartwatch/apple-watch-se-gps-44mm-vien-nhom-day-cao-su?sku=00789048
Apple Watch SE 3 GPS + Cellular 40mm Viền nhôm dây cao su;00932353;Default;Yes;11;10;6;1;1;8290000;Apple Watch;2026-10-08;https://fptshop.com.vn/smartwatch/apple-watch-se-3-gps-cellular-40mm-vien-nhom-day-cao-su?sku=00932353
Apple Watch SE 3 GPS + Cellular 40mm Viền nhôm dây cao su;00922021;Đen;Yes;8;8;5;1;0;8290000;Apple Watch;2026-10-08;https://fptshop.com.vn/smartwatch/apple-watch-se-3-gps-cellular-40mm-vien-nhom-day-cao-su?sku=00922021
Apple Watch SE 3 GPS + Cellular 40mm Viền nhôm dây cao su;00932355;Đen;Yes;6;6;6;2;0;8290000;Apple Watch;2026-10-08;https://fptshop.com.vn/smartwatch/apple-watch-se-3-gps-cellular-40mm-vien-nhom-day-cao-su?sku=00932355
Apple Watch SE 3 GPS + Cellular 40mm Viền nhôm dây cao su;00932356;Đen;Yes;5;5;5;2;0;8290000;Apple Watch;2026-10-08;https://fptshop.com.vn/smartwatch/apple-watch-se-3-gps-cellular-40mm-vien-nhom-day-cao-su?sku=00932356
Apple Watch SE 3 GPS + Cellular 40mm Viền nhôm dây cao su;00922020;Đen;Yes;5;5;5;2;0;8290000;Apple Watch;2026-10-08;https://fptshop.com.vn/smartwatch/apple-watch-se-3-gps-cellular-40mm-vien-nhom-day-cao-su?sku=00922020
Apple Watch SE 3 GPS + Cellular 40mm Viền nhôm dây cao su;00932354;Default;Yes;5;5;3;2;0;8290000;Apple Watch;2026-10-08;https://fptshop.com.vn/smartwatch/apple-watch-se-3-gps-cellular-40mm-vien-nhom-day-cao-su?sku=00932354
Apple Watch SE 3 GPS + Cellular 40mm Viền nhôm dây cao su;00922018;Default;Yes;1;1;0;0;1;8290000;Apple Watch;2026-10-08;https://fptshop.com.vn/smartwatch/apple-watch-se-3-gps-cellular-40mm-vien-nhom-day-cao-su?sku=00922018
Apple Watch SE 3 GPS + Cellular 40mm Viền nhôm dây cao su;00922019;Default;No;0;0;0;0;0;8290000;Apple Watch;2026-10-08;https://fptshop.com.vn/smartwatch/apple-watch-se-3-gps-cellular-40mm-vien-nhom-day-cao-su?sku=00922019
Apple Watch Series 10 GPS + Cellular 46mm Viền Titan Dây Milanese cỡ S/M;00911526;Vàng;Yes;1;1;1;0;1;17490000;Apple Watch;2026-10-08;https://fptshop.com.vn/smartwatch/apple-watch-series-10-gps-cellular-45mm-vien-thep-day-milanese-thep?sku=00911526
Apple Watch Series 10 GPS + Cellular 46mm Viền Titan Dây Milanese cỡ S/M;00911525;Default;No;0;0;0;0;0;17490000;Apple Watch;2026-10-08;https://fptshop.com.vn/smartwatch/apple-watch-series-10-gps-cellular-45mm-vien-thep-day-milanese-thep?sku=00911525
Apple Watch Series 10 GPS + Cellular 46mm Viền Titan Dây Milanese cỡ S/M;00911524;Xám;No;0;0;0;0;0;17490000;Apple Watch;2026-10-08;https://fptshop.com.vn/smartwatch/apple-watch-series-10-gps-cellular-45mm-vien-thep-day-milanese-thep?sku=00911524
Apple Watch Series 11 GPS 42mm Viền nhôm dây cao su;00922026;Đen;Yes;6;6;1;0;0;10990000;Apple Watch;2026-10-08;https://fptshop.com.vn/smartwatch/apple-watch-series-11-gps-42mm-vien-nhom-day-cao-su?sku=00922026
Apple Watch Series 11 GPS 42mm Viền nhôm dây cao su;00922030;Vàng;Yes;1;0;0;0;0;10990000;Apple Watch;2026-10-08;https://fptshop.com.vn/smartwatch/apple-watch-series-11-gps-42mm-vien-nhom-day-cao-su?sku=00922030
Apple Watch Series 11 GPS 42mm Viền nhôm dây cao su;00922028;Xám;No;0;0;0;0;0;10990000;Apple Watch;2026-10-08;https://fptshop.com.vn/smartwatch/apple-watch-series-11-gps-42mm-vien-nhom-day-cao-su?sku=00922028
Apple Watch Series 11 GPS 42mm Viền nhôm dây cao su;00922032;Bạc;No;0;0;0;0;0;10990000;Apple Watch;2026-10-08;https://fptshop.com.vn/smartwatch/apple-watch-series-11-gps-42mm-vien-nhom-day-cao-su?sku=00922032
Apple Watch Series 10 GPS + Cellular 46mm Viền Titan Dây Milanese cỡ M/L;00911544;Vàng;Yes;1;1;1;1;0;17490000;Apple Watch;2026-10-08;https://fptshop.com.vn/smartwatch/apple-watch-series-10-gps-cellular-46mm-vien-titan-day-milanese-m-l?sku=00911544
Apple Watch Series 10 GPS + Cellular 46mm Viền Titan Dây Milanese cỡ M/L;00911545;Xám;No;0;0;0;0;0;17490000;Apple Watch;2026-10-08;https://fptshop.com.vn/smartwatch/apple-watch-series-10-gps-cellular-46mm-vien-titan-day-milanese-m-l?sku=00911545
Apple Watch Series 10 GPS + Cellular 46mm Viền Titan Dây Milanese cỡ M/L;00911546;Default;No;0;0;0;0;0;17490000;Apple Watch;2026-10-08;https://fptshop.com.vn/smartwatch/apple-watch-series-10-gps-cellular-46mm-vien-titan-day-milanese-m-l?sku=00911546
Apple Watch Series 11 GPS 46mm Viền nhôm dây cao su;00922034;Đen;Yes;82;79;11;4;24;11790000;Apple Watch;2026-10-08;https://fptshop.com.vn/smartwatch/apple-watch-series-11-gps-46mm-vien-nhom-day-cao-su?sku=00922034
Apple Watch Series 11 GPS 46mm Viền nhôm dây cao su;00922036;Xám;Yes;44;41;10;14;4;11790000;Apple Watch;2026-10-08;https://fptshop.com.vn/smartwatch/apple-watch-series-11-gps-46mm-vien-nhom-day-cao-su?sku=00922036
Apple Watch Series 11 GPS 46mm Viền nhôm dây cao su;00922037;Xám;Yes;39;37;9;5;5;11790000;Apple Watch;2026-10-08;https://fptshop.com.vn/smartwatch/apple-watch-series-11-gps-46mm-vien-nhom-day-cao-su?sku=00922037
Apple Watch Series 11 GPS 46mm Viền nhôm dây cao su;00922040;Bạc;Yes;35;29;10;5;8;11790000;Apple Watch;2026-10-08;https://fptshop.com.vn/smartwatch/apple-watch-series-11-gps-46mm-vien-nhom-day-cao-su?sku=00922040
Apple Watch Series 11 GPS 46mm Viền nhôm dây cao su;00922035;Đen;Yes;4;4;1;0;1;11790000;Apple Watch;2026-10-08;https://fptshop.com.vn/smartwatch/apple-watch-series-11-gps-46mm-vien-nhom-day-cao-su?sku=00922035
Apple Watch Series 11 GPS 46mm Viền nhôm dây cao su;00922038;Vàng;Yes;3;3;2;0;0;11790000;Apple Watch;2026-10-08;https://fptshop.com.vn/smartwatch/apple-watch-series-11-gps-46mm-vien-nhom-day-cao-su?sku=00922038
Apple Watch Series 11 GPS 46mm Viền nhôm dây cao su;00922041;Bạc;Yes;2;1;0;0;0;11790000;Apple Watch;2026-10-08;https://fptshop.com.vn/smartwatch/apple-watch-series-11-gps-46mm-vien-nhom-day-cao-su?sku=00922041
Apple Watch Series 11 GPS 46mm Viền nhôm dây cao su;00922039;Vàng;Yes;1;1;0;0;1;11790000;Apple Watch;2026-10-08;https://fptshop.com.vn/smartwatch/apple-watch-series-11-gps-46mm-vien-nhom-day-cao-su?sku=00922039
Apple Watch Series 11 GPS + Cellular 42mm Viền titan dây Milan;00922056;Default;Yes;19;19;13;2;3;21490000;Apple Watch;2026-10-08;https://fptshop.com.vn/smartwatch/apple-watch-series-11-gps-cellular-42mm-vien-titan-day-milan?sku=00922056
Apple Watch Series 11 GPS + Cellular 42mm Viền titan dây Milan;00922058;Vàng;Yes;13;12;7;3;4;21490000;Apple Watch;2026-10-08;https://fptshop.com.vn/smartwatch/apple-watch-series-11-gps-cellular-42mm-vien-titan-day-milan?sku=00922058
Apple Watch Series 11 GPS + Cellular 42mm Viền titan dây Milan;00922057;Xám;Yes;5;5;5;0;0;21490000;Apple Watch;2026-10-08;https://fptshop.com.vn/smartwatch/apple-watch-series-11-gps-cellular-42mm-vien-titan-day-milan?sku=00922057
Apple Watch Series 11 GPS + Cellular 42mm Viền nhôm dây cao su;00922044;Xám;Yes;1;1;1;0;0;13990000;Apple Watch;2026-10-08;https://fptshop.com.vn/smartwatch/apple-watch-series-11-gps-cellular-42mm-vien-nhom-day-cao-su?sku=00922044
Apple Watch Series 11 GPS + Cellular 42mm Viền nhôm dây cao su;00922048;Bạc;No;0;0;0;0;0;13990000;Apple Watch;2026-10-08;https://fptshop.com.vn/smartwatch/apple-watch-series-11-gps-cellular-42mm-vien-nhom-day-cao-su?sku=00922048
Apple Watch Series 11 GPS + Cellular 42mm Viền nhôm dây cao su;00922046;Vàng;No;0;0;0;0;0;13990000;Apple Watch;2026-10-08;https://fptshop.com.vn/smartwatch/apple-watch-series-11-gps-cellular-42mm-vien-nhom-day-cao-su?sku=00922046
Apple Watch Series 11 GPS + Cellular 42mm Viền nhôm dây cao su;00922042;Đen;No;0;0;0;0;0;13990000;Apple Watch;2026-10-08;https://fptshop.com.vn/smartwatch/apple-watch-series-11-gps-cellular-42mm-vien-nhom-day-cao-su?sku=00922042
Apple Watch Series 11 GPS + Cellular 46mm Viền nhôm dây cao su;00922063;Vàng;Yes;16;16;6;2;5;14850000;Apple Watch;2026-10-08;https://fptshop.com.vn/smartwatch/apple-watch-series-11-gps-cellular-46mm-vien-nhom-day-cao-su?sku=00922063
Apple Watch Series 11 GPS + Cellular 46mm Viền nhôm dây cao su;00922059;Đen;Yes;8;8;6;1;0;14850000;Apple Watch;2026-10-08;https://fptshop.com.vn/smartwatch/apple-watch-series-11-gps-cellular-46mm-vien-nhom-day-cao-su?sku=00922059
Apple Watch Series 11 GPS + Cellular 46mm Viền nhôm dây cao su;00922065;Bạc;Yes;7;7;4;3;1;14850000;Apple Watch;2026-10-08;https://fptshop.com.vn/smartwatch/apple-watch-series-11-gps-cellular-46mm-vien-nhom-day-cao-su?sku=00922065
Apple Watch Series 11 GPS + Cellular 46mm Viền nhôm dây cao su;00922066;Bạc;Yes;5;5;5;1;1;14850000;Apple Watch;2026-10-08;https://fptshop.com.vn/smartwatch/apple-watch-series-11-gps-cellular-46mm-vien-nhom-day-cao-su?sku=00922066
Apple Watch Series 11 GPS + Cellular 46mm Viền nhôm dây cao su;00922062;Xám;No;0;0;0;0;0;14850000;Apple Watch;2026-10-08;https://fptshop.com.vn/smartwatch/apple-watch-series-11-gps-cellular-46mm-vien-nhom-day-cao-su?sku=00922062
Apple Watch Series 11 GPS + Cellular 46mm Viền nhôm dây cao su;00922061;Xám;No;0;0;0;0;0;14850000;Apple Watch;2026-10-08;https://fptshop.com.vn/smartwatch/apple-watch-series-11-gps-cellular-46mm-vien-nhom-day-cao-su?sku=00922061
Apple Watch Series 11 GPS + Cellular 46mm Viền nhôm dây cao su;00922060;Đen;No;0;0;0;0;0;14850000;Apple Watch;2026-10-08;https://fptshop.com.vn/smartwatch/apple-watch-series-11-gps-cellular-46mm-vien-nhom-day-cao-su?sku=00922060
Apple Watch Series 11 GPS + Cellular 46mm Viền nhôm dây cao su;00922064;Vàng;No;0;0;0;0;0;14850000;Apple Watch;2026-10-08;https://fptshop.com.vn/smartwatch/apple-watch-series-11-gps-cellular-46mm-vien-nhom-day-cao-su?sku=00922064
Apple Watch Series 12 5G 42mm Viền gốm Dây cao su;00932279;Default;No;0;0;0;0;0;26790000;Apple Watch;2026-10-08;https://fptshop.com.vn/smartwatch/apple-watch-series-12-gps-cellular-42mm-vien-gom-day-deo-the-thao?sku=00932279
Apple Watch Series 12 5G 42mm Viền gốm Dây cao su;00932276;Trắng;No;0;0;0;0;0;26790000;Apple Watch;2026-10-08;https://fptshop.com.vn/smartwatch/apple-watch-series-12-gps-cellular-42mm-vien-gom-day-deo-the-thao?sku=00932276
Apple Watch Series 12 5G 42mm Viền gốm Dây cao su;00932278;Default;No;0;0;0;0;0;26790000;Apple Watch;2026-10-08;https://fptshop.com.vn/smartwatch/apple-watch-series-12-gps-cellular-42mm-vien-gom-day-deo-the-thao?sku=00932278
Apple Watch Series 12 5G 42mm Viền gốm Dây cao su;00932277;Trắng;No;0;0;0;0;0;26790000;Apple Watch;2026-10-08;https://fptshop.com.vn/smartwatch/apple-watch-series-12-gps-cellular-42mm-vien-gom-day-deo-the-thao?sku=00932277
Apple Watch Series 11 GPS + Cellular 46mm Viền titan dây Milan;00922073;Default;Yes;12;12;5;5;1;22490000;Apple Watch;2026-10-08;https://fptshop.com.vn/smartwatch/apple-watch-series-11-gps-cellular-46mm-vien-titan-day-milan?sku=00922073
Apple Watch Series 11 GPS + Cellular 46mm Viền titan dây Milan;00922077;Vàng;Yes;11;11;9;3;0;22490000;Apple Watch;2026-10-08;https://fptshop.com.vn/smartwatch/apple-watch-series-11-gps-cellular-46mm-vien-titan-day-milan?sku=00922077
Apple Watch Series 11 GPS + Cellular 46mm Viền titan dây Milan;00922075;Xám;Yes;6;6;0;5;0;22490000;Apple Watch;2026-10-08;https://fptshop.com.vn/smartwatch/apple-watch-series-11-gps-cellular-46mm-vien-titan-day-milan?sku=00922075
Apple Watch Series 11 GPS + Cellular 46mm Viền titan dây Milan;00922078;Vàng;Yes;6;6;3;1;1;22490000;Apple Watch;2026-10-08;https://fptshop.com.vn/smartwatch/apple-watch-series-11-gps-cellular-46mm-vien-titan-day-milan?sku=00922078
Apple Watch Series 11 GPS + Cellular 46mm Viền titan dây Milan;00922076;Xám;Yes;5;5;4;0;2;22490000;Apple Watch;2026-10-08;https://fptshop.com.vn/smartwatch/apple-watch-series-11-gps-cellular-46mm-vien-titan-day-milan?sku=00922076
Apple Watch Series 11 GPS + Cellular 46mm Viền titan dây Milan;00922074;Default;No;0;0;0;0;0;22990000;Apple Watch;2026-10-08;https://fptshop.com.vn/smartwatch/apple-watch-series-11-gps-cellular-46mm-vien-titan-day-milan?sku=00922074
Apple Watch Series 12 5G 46mm Viền gốm Dây cao su;00932284;Default;No;0;0;0;0;0;28290000;Apple Watch;2026-10-08;https://fptshop.com.vn/smartwatch/apple-watch-series-12-gps-cellular-46mm-vien-gom-day-deo-the-thao?sku=00932284
Apple Watch Series 12 5G 46mm Viền gốm Dây cao su;00932282;Trắng;No;0;0;0;0;0;28290000;Apple Watch;2026-10-08;https://fptshop.com.vn/smartwatch/apple-watch-series-12-gps-cellular-46mm-vien-gom-day-deo-the-thao?sku=00932282
Apple Watch Series 12 5G 46mm Viền gốm Dây cao su;00932283;Default;No;0;0;0;0;0;28290000;Apple Watch;2026-10-08;https://fptshop.com.vn/smartwatch/apple-watch-series-12-gps-cellular-46mm-vien-gom-day-deo-the-thao?sku=00932283
Apple Watch Series 12 5G 46mm Viền gốm Dây cao su;00932281;Trắng;No;0;0;0;0;0;28290000;Apple Watch;2026-10-08;https://fptshop.com.vn/smartwatch/apple-watch-series-12-gps-cellular-46mm-vien-gom-day-deo-the-thao?sku=00932281
Apple Watch Series 9 GPS 45mm Viền nhôm Dây cao su cỡ S/M;00904412;Default;Yes;5;0;0;0;0;11290000;Apple Watch;2026-10-08;https://fptshop.com.vn/smartwatch/apple-watch-series-9-gps-45mm-vien-nhom-day-cao-su-co-s-m?sku=00904412
Apple Watch Series 9 GPS 45mm Viền nhôm Dây cao su cỡ S/M;00904409;Đen;No;0;0;0;0;0;8290000;Apple Watch;2026-10-08;https://fptshop.com.vn/smartwatch/apple-watch-series-9-gps-45mm-vien-nhom-day-cao-su-co-s-m?sku=00904409
Apple Watch Series 9 GPS 45mm Viền nhôm Dây cao su cỡ S/M;00904410;Vàng;No;0;0;0;0;0;11290000;Apple Watch;2026-10-08;https://fptshop.com.vn/smartwatch/apple-watch-series-9-gps-45mm-vien-nhom-day-cao-su-co-s-m?sku=00904410
Apple Watch Series 9 GPS 45mm Viền nhôm Dây cao su cỡ S/M;00904408;Hồng;No;0;0;0;0;0;11290000;Apple Watch;2026-10-08;https://fptshop.com.vn/smartwatch/apple-watch-series-9-gps-45mm-vien-nhom-day-cao-su-co-s-m?sku=00904408
Apple Watch Series 9 GPS 45mm Viền nhôm Dây cao su cỡ S/M;00904411;Bạc;No;0;0;0;0;0;11290000;Apple Watch;2026-10-08;https://fptshop.com.vn/smartwatch/apple-watch-series-9-gps-45mm-vien-nhom-day-cao-su-co-s-m?sku=00904411
Apple Watch Series 9 GPS 45mm Viền nhôm Dây vải;00904453;Vàng;Yes;1;0;0;0;0;8290000;Apple Watch;2026-10-08;https://fptshop.com.vn/smartwatch/apple-watch-series-9-gps-45mm-vien-nhom-day-vai?sku=00904453
Apple Watch Series 9 GPS 45mm Viền nhôm Dây vải;00904454;Đen;No;0;0;0;0;0;8290000;Apple Watch;2026-10-08;https://fptshop.com.vn/smartwatch/apple-watch-series-9-gps-45mm-vien-nhom-day-vai?sku=00904454
Apple Watch Series 9 GPS 45mm Viền nhôm Dây vải;00904455;Bạc;No;0;0;0;0;0;11290000;Apple Watch;2026-10-08;https://fptshop.com.vn/smartwatch/apple-watch-series-9-gps-45mm-vien-nhom-day-vai?sku=00904455
Apple Watch Ultra 3 GPS + Cellular 49mm Viền titan Dây Ocean;00921984;Đen;Yes;25;21;11;4;2;22490000;Apple Watch;2026-10-08;https://fptshop.com.vn/smartwatch/apple-watch-ultra-3-gps-cellular-49mm-vien-titan-day-ocean?sku=00921984
Apple Watch Ultra 3 GPS + Cellular 49mm Viền titan Dây Ocean;00921983;Default;No;0;0;0;0;0;22990000;Apple Watch;2026-10-08;https://fptshop.com.vn/smartwatch/apple-watch-ultra-3-gps-cellular-49mm-vien-titan-day-ocean?sku=00921983
Apple Watch Ultra 3 GPS + Cellular 49mm Viền titan Dây quấn Alpine;00921995;Đen;Yes;20;19;7;2;5;22490000;Apple Watch;2026-10-08;https://fptshop.com.vn/smartwatch/apple-watch-ultra-3-gps-cellular-49mm-vien-titan-day-quan-alpine?sku=00921995
Apple Watch Ultra 3 GPS + Cellular 49mm Viền titan Dây quấn Alpine;00921992;Default;Yes;10;10;6;3;0;22490000;Apple Watch;2026-10-08;https://fptshop.com.vn/smartwatch/apple-watch-ultra-3-gps-cellular-49mm-vien-titan-day-quan-alpine?sku=00921992
Apple Watch Ultra 3 GPS + Cellular 49mm Viền titan Dây quấn Alpine;00921998;Đen;Yes;7;7;3;0;2;22490000;Apple Watch;2026-10-08;https://fptshop.com.vn/smartwatch/apple-watch-ultra-3-gps-cellular-49mm-vien-titan-day-quan-alpine?sku=00921998
Apple Watch Ultra 3 GPS + Cellular 49mm Viền titan Dây quấn Alpine;00921994;Default;No;0;0;0;0;0;22990000;Apple Watch;2026-10-08;https://fptshop.com.vn/smartwatch/apple-watch-ultra-3-gps-cellular-49mm-vien-titan-day-quan-alpine?sku=00921994
Apple Watch Ultra 3 GPS + Cellular 49mm Viền titan Dây quấn Alpine;00921999;Đen;No;0;0;0;0;0;22990000;Apple Watch;2026-10-08;https://fptshop.com.vn/smartwatch/apple-watch-ultra-3-gps-cellular-49mm-vien-titan-day-quan-alpine?sku=00921999
Apple Watch Ultra 3 GPS + Cellular 49mm Viền titan Dây quấn Alpine;00921993;Default;No;0;0;0;0;0;22990000;Apple Watch;2026-10-08;https://fptshop.com.vn/smartwatch/apple-watch-ultra-3-gps-cellular-49mm-vien-titan-day-quan-alpine?sku=00921993
Apple Watch Ultra 3 GPS + Cellular 49mm Viền titan Dây quấn Trail;00922009;Đen;Yes;5;5;0;4;0;22490000;Apple Watch;2026-10-08;https://fptshop.com.vn/smartwatch/apple-watch-ultra-3-gps-cellular-49mm-vien-titan-day-quan-trail?sku=00922009
Apple Watch Ultra 3 GPS + Cellular 49mm Viền titan Dây quấn Trail;00922008;Đen;No;0;0;0;0;0;22990000;Apple Watch;2026-10-08;https://fptshop.com.vn/smartwatch/apple-watch-ultra-3-gps-cellular-49mm-vien-titan-day-quan-trail?sku=00922008
Apple Watch Ultra 3 GPS + Cellular 49mm Viền titan Dây quấn Trail;00922007;Default;No;0;0;0;0;0;22990000;Apple Watch;2026-10-08;https://fptshop.com.vn/smartwatch/apple-watch-ultra-3-gps-cellular-49mm-vien-titan-day-quan-trail?sku=00922007
Apple Watch Ultra 3 GPS + Cellular 49mm Viền titan Dây quấn Trail;00922006;Default;No;0;0;0;0;0;22990000;Apple Watch;2026-10-08;https://fptshop.com.vn/smartwatch/apple-watch-ultra-3-gps-cellular-49mm-vien-titan-day-quan-trail?sku=00922006
Phụ kiện Apple Tai nghe AirPods 4;00911675;Default;Yes;405;223;20;23;3;2990000;AirPods;2026-10-08;https://fptshop.com.vn/phu-kien/tai-nghe-airpods-4?sku=00911675
Apple Watch Ultra 3 GPS + Cellular 49mm Viền titan Dây quấn Milan Titan;00922001;Default;Yes;8;8;1;2;0;25990000;Apple Watch;2026-10-08;https://fptshop.com.vn/smartwatch/apple-watch-ultra-3-gps-cellular-49mm-vien-titan-day-quan-milan-titan?sku=00922001
Apple Watch Ultra 3 GPS + Cellular 49mm Viền titan Dây quấn Milan Titan;00922003;Đen;Yes;4;3;3;2;0;25990000;Apple Watch;2026-10-08;https://fptshop.com.vn/smartwatch/apple-watch-ultra-3-gps-cellular-49mm-vien-titan-day-quan-milan-titan?sku=00922003
Apple Watch Ultra 3 GPS + Cellular 49mm Viền titan Dây quấn Milan Titan;00922005;Đen;Yes;3;3;1;0;1;25990000;Apple Watch;2026-10-08;https://fptshop.com.vn/smartwatch/apple-watch-ultra-3-gps-cellular-49mm-vien-titan-day-quan-milan-titan?sku=00922005
Apple Watch Ultra 3 GPS + Cellular 49mm Viền titan Dây quấn Milan Titan;00922000;Default;Yes;3;3;3;2;0;25490000;Apple Watch;2026-10-08;https://fptshop.com.vn/smartwatch/apple-watch-ultra-3-gps-cellular-49mm-vien-titan-day-quan-milan-titan?sku=00922000
Apple Watch Ultra 3 GPS + Cellular 49mm Viền titan Dây quấn Milan Titan;00922002;Default;No;0;0;0;0;0;25490000;Apple Watch;2026-10-08;https://fptshop.com.vn/smartwatch/apple-watch-ultra-3-gps-cellular-49mm-vien-titan-day-quan-milan-titan?sku=00922002
Apple Watch Ultra 3 GPS + Cellular 49mm Viền titan Dây quấn Milan Titan;00922004;Đen;No;0;0;0;0;0;25990000;Apple Watch;2026-10-08;https://fptshop.com.vn/smartwatch/apple-watch-ultra-3-gps-cellular-49mm-vien-titan-day-quan-milan-titan?sku=00922004
Phụ kiện Apple Tai nghe AirPods 4 - Chủ Động Khử Tiếng Ồn;00911680;Default;Yes;641;322;34;37;44;3790000;AirPods;2026-10-08;https://fptshop.com.vn/phu-kien/tai-nghe-airpods-4-chu-dong-khu-tieng-on?sku=00911680
Tai nghe AirPods 5 hộp sạc không dây;00932225;Default;Yes;1343;573;33;102;72;4299000;AirPods;2026-10-08;https://fptshop.com.vn/phu-kien/tai-nghe-airpods-5-hop-sac-khong-day?sku=00932225
Tai nghe AirPods 5;00932226;Default;Yes;1545;572;35;99;68;3799000;AirPods;2026-10-08;https://fptshop.com.vn/phu-kien/tai-nghe-airpods-5?sku=00932226
