Product_Name;Category;Storage;Color;SKU;Gia_Niem_Yet;Gia_Khuyen_Mai;Direct_Discount_VND;Trade_In_Subsidy_VND;Min_Monthly_Payment_12M;Installment_0_Percent;Affordability_Effective_Price;Ton_Kho;Store_Count;Store_HCM;Store_Hanoi;Top_Provinces_Stock;Is_Discontinued;Date;Link
AirPods 4 (chống ồn);AirPods;Standard;Default;329158;4390000;4390000;0;1;365833;True;4389999;No;0;0;0;;False;2026-10-06;https://www.thegioididong.com/tai-nghe/airpods-4-chong-on-mxp93
AirPods 4 MXP63;AirPods;Standard;Default;329154;3390000;3390000;0;1;282500;True;3389999;No;0;0;0;;False;2026-10-06;https://www.thegioididong.com/tai-nghe/airpods-4-mxp63
AirPods 5;AirPods;Standard;Default;371203;3790000;3790000;0;1;315833;True;3789999;No;0;0;0;;False;2026-10-06;https://www.thegioididong.com/tai-nghe/airpods-5
AirPods 5 sạc không dây;AirPods;Standard;Default;371206;4290000;4290000;0;1;357500;True;4289999;No;0;0;0;;False;2026-10-06;https://www.thegioididong.com/tai-nghe/airpods-5-sac-khong-day
AirPods Max 2;AirPods;Standard;Default;0166400000036;14490000;14490000;1000000;1;1124167;True;13489999;No;0;0;0;;False;2026-10-06;https://www.thegioididong.com/tai-nghe/airpods-max-2
AirPods Max 2;AirPods;Standard;Default;0166400000037;14490000;14490000;1000000;1;1124167;True;13489999;No;0;0;0;;False;2026-10-06;https://www.thegioididong.com/tai-nghe/airpods-max-2
AirPods Max 2;AirPods;Standard;Default;0166400000033;14490000;14490000;1000000;1;1124167;True;13489999;No;0;0;0;;False;2026-10-06;https://www.thegioididong.com/tai-nghe/airpods-max-2
AirPods Max 2;AirPods;Standard;Default;0166400000034;14490000;14490000;1000000;1;1124167;True;13489999;No;0;0;0;;False;2026-10-06;https://www.thegioididong.com/tai-nghe/airpods-max-2
AirPods Max 2;AirPods;Standard;Default;0166400000035;14490000;14490000;1000000;1;1124167;True;13489999;No;0;0;0;;False;2026-10-06;https://www.thegioididong.com/tai-nghe/airpods-max-2
AirPods Max cổng USB C;AirPods;Standard;Default;0166400000012;11990000;11990000;1000000;1;915833;True;10989999;No;0;0;0;;False;2026-10-06;https://www.thegioididong.com/tai-nghe/airpods-max-cong-usb-c
AirPods Max cổng USB C;AirPods;Standard;Default;0166400000014;11990000;11990000;1000000;1;915833;True;10989999;No;0;0;0;;False;2026-10-06;https://www.thegioididong.com/tai-nghe/airpods-max-cong-usb-c
AirPods Max cổng USB C;AirPods;Standard;Default;0166400000013;11990000;11990000;1000000;1;915833;True;10989999;No;0;0;0;;False;2026-10-06;https://www.thegioididong.com/tai-nghe/airpods-max-cong-usb-c
AirPods Max cổng USB C;AirPods;Standard;Default;0166400000010;11990000;11990000;1000000;1;915833;True;10989999;No;0;0;0;;False;2026-10-06;https://www.thegioididong.com/tai-nghe/airpods-max-cong-usb-c
AirPods Max cổng USB C;AirPods;Standard;Default;0166400000011;11990000;11990000;1000000;1;915833;True;10989999;No;0;0;0;;False;2026-10-06;https://www.thegioididong.com/tai-nghe/airpods-max-cong-usb-c
EarPods jack cắm USB-C;AirPods;Standard;Default;315072;540000;540000;0;1;45000;True;539999;No;0;0;0;;False;2026-10-06;https://www.thegioididong.com/tai-nghe/tai-nghe-co-day-apple-mtjy3
Tai nghe Bluetooth AirPods Pro Gen 2 MagSafe Charge (USB-C) Apple MTJV3;AirPods;Standard;Default;315014;5190000;5190000;0;1;432500;True;5189999;No;0;0;0;;True;2026-10-06;https://www.thegioididong.com/tai-nghe/tai-nghe-bluetooth-airpods-pro-gen-2-magsafe-charge-usb-c-apple-mtjv3
Tai nghe Bluetooth Apple AirPods Pro 3 Trắng MFHP4;AirPods;Standard;Default;344776;6490000;6490000;0;1;540833;True;6489999;No;0;0;0;;False;2026-10-06;https://www.thegioididong.com/tai-nghe/tai-nghe-bluetooth-apple-airpods-pro-3-trang-mfhp4
Tai nghe Có Dây Apple MMTN2;AirPods;Standard;Default;88053;540000;540000;0;1;45000;True;539999;No;0;0;0;;False;2026-10-06;https://www.thegioididong.com/tai-nghe/tai-nghe-earpods-cong-lightning-apple-mmtn2
Apple Watch SE 3 GPS + Cellular 40mm viền nhôm dây thể thao;Apple Watch;40mm;Trắng Starlight;0232391002717;8390000;8390000;0;1;699167;True;8389999;No;0;0;0;;False;2026-10-06;https://www.thegioididong.com/dong-ho-thong-minh/apple-watch-se-3-gps-cellular-40mm-vien-nhom-day-the-thao
Apple Watch SE 3 GPS + Cellular 40mm viền nhôm dây thể thao;Apple Watch;40mm;Xanh đen;0232391002718;8390000;8390000;0;1;699167;True;8389999;No;0;0;0;;False;2026-10-06;https://www.thegioididong.com/dong-ho-thong-minh/apple-watch-se-3-gps-cellular-40mm-vien-nhom-day-the-thao
Apple Watch SE 3 GPS + Cellular 40mm viền nhôm dây thể thao 2026;Apple Watch;40mm;Default;371333;8490000;8490000;600000;300000;657500;True;7590000;No;0;0;0;;False;2026-10-06;https://www.thegioididong.com/dong-ho-thong-minh/apple-watch-se-3-gps-cellular-40mm-vien-nhom-day-the-thao-2026
Apple Watch SE 3 GPS + Cellular 44mm viền nhôm dây thể thao 2026;Apple Watch;44mm;Default;371336;9350000;9350000;600000;300000;729167;True;8450000;No;0;0;0;;False;2026-10-06;https://www.thegioididong.com/dong-ho-thong-minh/apple-watch-se-3-gps-cellular-44mm-vien-nhom-day-the-thao-2026
Apple Watch SE 3 GPS 40mm viền nhôm dây thể thao;Apple Watch;40mm;Xanh đen;0232391002714;6790000;6790000;0;1;565833;True;6789999;No;0;0;0;;False;2026-10-06;https://www.thegioididong.com/dong-ho-thong-minh/apple-watch-se-3-40mm-vien-nhom-day-the-thao
Apple Watch SE 3 GPS 40mm viền nhôm dây thể thao;Apple Watch;40mm;Trắng Starlight;0232391002713;6790000;6790000;0;1;565833;True;6789999;No;0;0;0;;False;2026-10-06;https://www.thegioididong.com/dong-ho-thong-minh/apple-watch-se-3-40mm-vien-nhom-day-the-thao
Apple Watch SE 3 GPS 40mm viền nhôm dây thể thao 2026;Apple Watch;40mm;Vàng đồng;0232391003001;6990000;6990000;0;1;582500;True;6989999;No;0;0;0;;False;2026-10-06;https://www.thegioididong.com/dong-ho-thong-minh/apple-watch-se-3-gps-40mm-vien-nhom-day-the-thao-2026
Apple Watch SE 3 GPS 40mm viền nhôm dây thể thao 2026;Apple Watch;40mm;Ghi đen;0232391003000;6990000;6990000;0;1;582500;True;6989999;No;0;0;0;;False;2026-10-06;https://www.thegioididong.com/dong-ho-thong-minh/apple-watch-se-3-gps-40mm-vien-nhom-day-the-thao-2026
Apple Watch SE 3 GPS 44mm viền nhôm dây thể thao;Apple Watch;44mm;Xanh đen;0232391002716;7690000;7690000;0;1;640833;True;7689999;No;0;0;0;;False;2026-10-06;https://www.thegioididong.com/dong-ho-thong-minh/apple-watch-se-3-40mm-vien-nhom-day-the-thao
Apple Watch SE 3 GPS 44mm viền nhôm dây thể thao;Apple Watch;44mm;Default;344768;7690000;7690000;0;300000;640833;True;7390000;No;0;0;0;;False;2026-10-06;https://www.thegioididong.com/dong-ho-thong-minh/apple-watch-se-3-44mm-vien-nhom-day-the-thao
Apple Watch SE 3 GPS 44mm viền nhôm dây thể thao 2026;Apple Watch;44mm;Ghi đen;0232391003004;7850000;7850000;0;1;654167;True;7849999;No;0;0;0;;False;2026-10-06;https://www.thegioididong.com/dong-ho-thong-minh/apple-watch-se-3-gps-44mm-vien-nhom-day-the-thao-2026
Apple Watch Series 11 GPS + Cellular 42mm viền Titanium dây Milan;Apple Watch;42mm;Default;344754;20790000;20790000;1000000;1;1649167;True;19789999;No;0;0;0;;False;2026-10-06;https://www.thegioididong.com/dong-ho-thong-minh/apple-watch-series-11-gps-cellular-42mm-vien-titanium-day-milan
Apple Watch Series 11 GPS + Cellular 42mm viền Titanium dây thể thao;Apple Watch;42mm;Titan xám;0232391002735;20490000;20490000;1000000;1;1624167;True;19489999;No;0;0;0;;False;2026-10-06;https://www.thegioididong.com/dong-ho-thong-minh/apple-watch-series-11-gps-cellular-42m-vien-titanium-day-the-thao
Apple Watch Series 11 GPS + Cellular 42mm viền Titanium dây thể thao;Apple Watch;42mm;Titan vàng;0232391002737;20490000;20490000;1000000;1;1624167;True;19489999;No;0;0;0;;False;2026-10-06;https://www.thegioididong.com/dong-ho-thong-minh/apple-watch-series-11-gps-cellular-42m-vien-titanium-day-the-thao
Apple Watch Series 11 GPS + Cellular 46mm viền Titanium dây Milan;Apple Watch;46mm;Default;344756;22390000;22390000;1000000;1;1782500;True;21389999;No;0;0;0;;False;2026-10-06;https://www.thegioididong.com/dong-ho-thong-minh/apple-watch-series-11-gps-cellular-46mm-vien-titanium-day-milan
Apple Watch Series 11 GPS + Cellular 46mm viền Titanium dây thể thao;Apple Watch;46mm;Titan tự nhiên;0232391002743;22190000;22190000;1000000;1;1765833;True;21189999;No;0;0;0;;False;2026-10-06;https://www.thegioididong.com/dong-ho-thong-minh/apple-watch-series-11-gps-cellular-42m-vien-titanium-day-the-thao
Apple Watch Series 11 GPS + Cellular 46mm viền Titanium dây thể thao;Apple Watch;46mm;Titan vàng;0232391002747;22190000;22190000;1000000;1;1765833;True;21189999;No;0;0;0;;False;2026-10-06;https://www.thegioididong.com/dong-ho-thong-minh/apple-watch-series-11-gps-cellular-42m-vien-titanium-day-the-thao
Apple Watch Series 11 GPS + Cellular 46mm viền Titanium dây thể thao;Apple Watch;46mm;Titan xám;0232391002745;22190000;22190000;1000000;1;1765833;True;21189999;No;0;0;0;;False;2026-10-06;https://www.thegioididong.com/dong-ho-thong-minh/apple-watch-series-11-gps-cellular-42m-vien-titanium-day-the-thao
Apple Watch Series 11 GPS + Cellular 46mm viền nhôm dây thể thao;Apple Watch;46mm;Đen bóng;0232391002739;14990000;14990000;1000000;1;1165833;True;13989999;No;0;0;0;;False;2026-10-06;https://www.thegioididong.com/dong-ho-thong-minh/apple-watch-series-11-gps-cellular-46mm-vien-nhom-day-the-thao
Apple Watch Series 11 GPS 42mm viền nhôm dây thể thao;Apple Watch;42mm;Xám;0232391002722;11290000;11290000;1000000;1;857500;True;10289999;No;0;0;0;;False;2026-10-06;https://www.thegioididong.com/dong-ho-thong-minh/apple-watch-series-11-42mm-vien-nhom-day-the-thao
Apple Watch Series 11 GPS 42mm viền nhôm dây thể thao;Apple Watch;42mm;Đen bóng;0232391002721;11290000;11290000;1000000;1;857500;True;10289999;No;0;0;0;;False;2026-10-06;https://www.thegioididong.com/dong-ho-thong-minh/apple-watch-series-11-42mm-vien-nhom-day-the-thao
Apple Watch Series 11 GPS 46mm viền nhôm dây thể thao;Apple Watch;46mm;Đen bóng;0232391002725;11990000;11990000;1000000;1;915833;True;10989999;No;0;0;0;;False;2026-10-06;https://www.thegioididong.com/dong-ho-thong-minh/apple-watch-series-11-42mm-vien-nhom-day-the-thao
Apple Watch Series 11 GPS 46mm viền nhôm dây thể thao;Apple Watch;46mm;Xám;0232391002726;11990000;11990000;1000000;1;915833;True;10989999;No;0;0;0;;False;2026-10-06;https://www.thegioididong.com/dong-ho-thong-minh/apple-watch-series-11-42mm-vien-nhom-day-the-thao
Apple Watch Series 11 GPS 46mm viền nhôm dây thể thao;Apple Watch;46mm;Bạc;0232391002728;11990000;11990000;1000000;1;915833;True;10989999;No;0;0;0;;False;2026-10-06;https://www.thegioididong.com/dong-ho-thong-minh/apple-watch-series-11-42mm-vien-nhom-day-the-thao
Apple Watch Series 12 GPS + Cellular 42mm viền Titanium dây silicone;Apple Watch;42mm;Default;371223;20990000;20990000;0;1;1749167;False;20989999;No;0;0;0;;True;2026-10-06;https://www.thegioididong.com/dong-ho-thong-minh/apple-watch-series-12-gps-cellular-42mm-vien-titanium-day-silicone
Apple Watch Ultra 3 GPS + Cellular 49mm viền Titanium dây Milan;Apple Watch;49mm;Default;0232391002756;26490000;26490000;1000000;1;2124167;True;25489999;No;0;0;0;;False;2026-10-06;https://www.thegioididong.com/dong-ho-thong-minh/apple-watch-ultra-3-gps-cellular-49mm-vien-titanium-day-milan
Apple Watch Ultra 3 GPS + Cellular 49mm viền Titanium dây Ocean;Apple Watch;49mm;Default;0232391002753;23490000;23490000;1000000;1;1874167;True;22489999;No;0;0;0;;False;2026-10-06;https://www.thegioididong.com/dong-ho-thong-minh/apple-watch-ultra-3-gps-cellular-49mm-vien-titanium-day-ocean
Apple Watch Ultra 3 GPS + Cellular 49mm viền Titanium dây Trail;Apple Watch;49mm;Default;0232391002755;23490000;23490000;1000000;1;1874167;True;22489999;No;0;0;0;;False;2026-10-06;https://www.thegioididong.com/dong-ho-thong-minh/apple-watch-ultra-3-gps-cellular-49mm-vien-titanium-day-trail
Laptop MacBook Air 13 inch M2 16GB/256GB (Z16000051);MacBook;16GB/256GB;Default;289472;0;0;0;1;0;True;0;No;0;0;0;;True;2026-10-06;https://www.thegioididong.com/laptop/apple-macbook-air-m2-2022-16gb-256gb
Laptop MacBook Air 13 inch M4 16GB/256GB;MacBook;16GB/256GB;Default;335362;0;0;0;1;0;True;0;No;0;0;0;;True;2026-10-06;https://www.thegioididong.com/laptop/macbook-air-13-inch-m4-16gb-256gb
Laptop MacBook Air 13 inch M4 16GB/256GB Sạc 70W;MacBook;16GB/256GB;Default;342024;0;0;0;1;0;True;0;No;0;0;0;;True;2026-10-06;https://www.thegioididong.com/laptop/macbook-air-13-inch-m4-16gb-256gb-sac-70w
Laptop MacBook Air 13 inch M4 16GB/512GB;MacBook;16GB/512GB;Default;335364;0;0;0;1;0;False;0;No;0;0;0;;True;2026-10-06;https://www.thegioididong.com/laptop/macbook-air-13-inch-m4-16gb-512gb
Laptop MacBook Air 13 inch M4 24GB/512GB;MacBook;24GB/512GB;Default;335367;36590000;36590000;500000;300000;3007500;True;35790000;No;0;0;0;;True;2026-10-06;https://www.thegioididong.com/laptop/macbook-air-13-inch-m4-24gb-512gb
Laptop MacBook Air 13 inch M5 16GB/1TB/10GPU 35W;MacBook;16GB/1TB/10GPU;Default;363475;41390000;41390000;500000;300000;3407500;True;40590000;No;0;0;0;;False;2026-10-06;https://www.thegioididong.com/laptop/macbook-air-13-inch-m5-16gb-1tb
Laptop MacBook Air 13 inch M5 16GB/512GB/8GPU 30W;MacBook;16GB/512GB/8GPU;Default;363474;33690000;33690000;500000;300000;2765833;True;32890000;No;0;0;0;;False;2026-10-06;https://www.thegioididong.com/laptop/macbook-air-13-inch-m5-16gb-512gb
Laptop MacBook Air 13 inch M5 16GB/512GB/8GPU 70W;MacBook;16GB/512GB/8GPU;Default;363487;33990000;33990000;500000;300000;2790833;True;33190000;No;0;0;0;;False;2026-10-06;https://www.thegioididong.com/laptop/macbook-air-13-inch-m5-16gb-512gb-70w
Laptop MacBook Air 13 inch M5 24GB/1TB 35W;MacBook;24GB/1TB;Default;363476;46490000;46490000;500000;300000;3832500;True;45690000;No;0;0;0;;False;2026-10-06;https://www.thegioididong.com/laptop/macbook-air-13-inch-m5-24gb-1tb
Laptop MacBook Air 13 inch M5 32GB/1TB 35W;MacBook;32GB/1TB;Default;363506;53990000;53990000;500000;300000;4457500;True;53190000;No;0;0;0;;True;2026-10-06;https://www.thegioididong.com/laptop/macbook-air-13-inch-m5-32gb-1tb
Laptop MacBook Air 13 inch M5 32GB/512GB 35W;MacBook;32GB/512GB;Default;363505;45790000;45790000;500000;300000;3774167;True;44990000;No;0;0;0;;True;2026-10-06;https://www.thegioididong.com/laptop/macbook-air-13-inch-m5-32gb-512gb
Laptop MacBook Air 15 inch M4 16GB/256GB;MacBook;16GB/256GB;Default;335372;0;0;0;1;0;True;0;No;0;0;0;;True;2026-10-06;https://www.thegioididong.com/laptop/macbook-air-15-inch-m4-16gb-256gb
Laptop MacBook Air 15 inch M4 24GB/512GB;MacBook;24GB/512GB;Default;335376;0;0;0;1;0;True;0;No;0;0;0;;True;2026-10-06;https://www.thegioididong.com/laptop/macbook-air-15-inch-m4-24gb-512gb
Laptop MacBook Air 15 inch M5 16GB/512GB 70W;MacBook;16GB/512GB;Default;363507;39490000;39490000;500000;300000;3249167;True;38690000;No;0;0;0;;False;2026-10-06;https://www.thegioididong.com/laptop/macbook-air-15-inch-m5-16gb-512gb-70w
Laptop MacBook Air 15 inch M5 24GB/1TB 35W;MacBook;24GB/1TB;Default;363479;53190000;53190000;500000;300000;4390833;True;52390000;No;0;0;0;;False;2026-10-06;https://www.thegioididong.com/laptop/macbook-air-15-inch-m5-24gb-1tb
Laptop MacBook Air 15 inch M5 32GB/1TB;MacBook;32GB/1TB;Default;363514;60890000;60890000;500000;300000;5032500;True;60090000;No;0;0;0;;True;2026-10-06;https://www.thegioididong.com/laptop/macbook-air-15-inch-m5-32gb-1tb
Laptop MacBook Air 15 inch M5 32GB/512GB;MacBook;32GB/512GB;Default;363513;52290000;52290000;500000;300000;4315833;True;51490000;No;0;0;0;;True;2026-10-06;https://www.thegioididong.com/laptop/macbook-air-15-inch-m5-32gb-512gb
Laptop MacBook Neo 13 inch A18 Pro 8GB/512GB;MacBook;8GB/512GB;Default;363538;21790000;21790000;500000;1000000;1774167;True;20290000;No;0;0;0;;False;2026-10-06;https://www.thegioididong.com/laptop/macbook-neo-13-inch-a18-pro-8gb-512gb
Laptop MacBook Pro 14 inch M4 Pro 24GB/512GB;MacBook;24GB/512GB;Default;331568;0;0;0;1;0;False;0;No;0;0;0;;True;2026-10-06;https://www.thegioididong.com/laptop/macbook-pro-14-inch-m4-pro-24gb-512gb
Laptop MacBook Pro 14 inch M5 24GB/512GB;MacBook;24GB/512GB;Default;358090;0;0;0;1;0;True;0;No;0;0;0;;True;2026-10-06;https://www.thegioididong.com/laptop/macbook-pro-14-inch-m5-24gb-512gb
Laptop MacBook Pro 14 inch M5 Max 36GB/2TB;MacBook;36GB/2TB;Default;363490;111490000;111490000;500000;300000;9249167;True;110690000;No;0;0;0;;True;2026-10-06;https://www.thegioididong.com/laptop/macbook-pro-14-inch-m5-max-36gb-2tb
Laptop MacBook Pro 14 inch M5 Pro 24GB/1TB 70W;MacBook;24GB/1TB;Bạc;0220042003765;66990000;66990000;1000000;1;5499167;True;65989999;No;0;0;0;;False;2026-10-06;https://www.thegioididong.com/laptop/macbook-pro-14-inch-m5-pro-24gb-1tb
Laptop MacBook Pro 14 inch M5 Pro 24GB/1TB 70W;MacBook;24GB/1TB;Đen;0220042003766;66990000;66990000;1000000;1;5499167;True;65989999;No;0;0;0;;False;2026-10-06;https://www.thegioididong.com/laptop/macbook-pro-14-inch-m5-pro-24gb-1tb
Laptop MacBook Pro 14 inch M5 Pro 24GB/2TB 70W;MacBook;24GB/2TB;Default;363489;79490000;79490000;500000;1;6582500;True;78989999;No;0;0;0;;False;2026-10-06;https://www.thegioididong.com/laptop/macbook-pro-14-inch-m5-pro-24gb-2tb
Laptop MacBook Pro 16 inch M4 Max 36GB/1TB;MacBook;36GB/1TB;Default;331579;0;0;0;1;0;False;0;No;0;0;0;;True;2026-10-06;https://www.thegioididong.com/laptop/macbook-pro-16-inch-m4-max-36gb-1tb
Laptop MacBook Pro 16 inch M4 Pro 24GB/1TB;MacBook;24GB/1TB;Default;331575;0;0;0;1;0;False;0;No;0;0;0;;True;2026-10-06;https://www.thegioididong.com/laptop/macbook-pro-16-inch-m4-pro-24gb-1tb
Laptop MacBook Pro 16 inch M4 Pro 48GB/1TB;MacBook;48GB/1TB;Default;331578;0;0;0;1;0;False;0;No;0;0;0;;True;2026-10-06;https://www.thegioididong.com/laptop/macbook-pro-16-inch-m4-pro-48gb-1tb
Laptop MacBook Pro 16 inch M5 Pro 24GB/1TB;MacBook;24GB/1TB;Default;363491;78490000;78490000;500000;1;6499167;True;77989999;No;0;0;0;;False;2026-10-06;https://www.thegioididong.com/laptop/macbook-pro-16-inch-m5-pro-24gb-1tb
Laptop MacBook Pro 16 inch M5 Pro 48GB/1TB;MacBook;48GB/1TB;Default;363492;95990000;95990000;500000;300000;7957500;True;95190000;No;0;0;0;;False;2026-10-06;https://www.thegioididong.com/laptop/macbook-pro-16-inch-m5-pro-48gb-1tb
Laptop Macbook Pro 16 inch M5 Max 36GB/2TB;MacBook;36GB/2TB;Default;363493;117990000;117990000;500000;300000;9790833;True;117190000;No;0;0;0;;True;2026-10-06;https://www.thegioididong.com/laptop/macbook-pro-16-inch-m5-max-36gb-2tb
MacBook Air 13 inch M5 24GB/1TB 35W;MacBook;24GB/1TB;Vàng;0220042003723;45990000;45990000;1000000;1;3749167;True;44989999;No;0;0;0;;False;2026-10-06;https://www.thegioididong.com/laptop/macbook-air-13-inch-m5-24gb-512gb
MacBook Air 13 inch M5 24GB/1TB 35W;MacBook;24GB/1TB;Xanh đen;0220042003724;45990000;45990000;1000000;1;3749167;True;44989999;No;0;0;0;;False;2026-10-06;https://www.thegioididong.com/laptop/macbook-air-13-inch-m5-24gb-512gb
MacBook Air 13 inch M5 24GB/1TB 35W;MacBook;24GB/1TB;Xanh da trời nhạt;0220042003721;45990000;45990000;1000000;1;3749167;True;44989999;No;0;0;0;;False;2026-10-06;https://www.thegioididong.com/laptop/macbook-air-13-inch-m5-24gb-512gb
MacBook Air 13 inch M5 24GB/1TB 35W;MacBook;24GB/1TB;Bạc;0220042003722;45990000;45990000;1000000;1;3749167;True;44989999;No;0;0;0;;False;2026-10-06;https://www.thegioididong.com/laptop/macbook-air-13-inch-m5-24gb-512gb
MacBook Air 15 inch M5 16GB/1TB 35W;MacBook;16GB/1TB;Xanh da trời nhạt;0220042003741;47190000;47190000;500000;1;3890833;True;46689999;No;0;0;0;;False;2026-10-06;https://www.thegioididong.com/laptop/macbook-air-15-inch-m5-16gb-1tb
MacBook Air 15 inch M5 16GB/1TB 35W;MacBook;16GB/1TB;Bạc;0220042003742;47190000;47190000;500000;1;3890833;True;46689999;No;0;0;0;;False;2026-10-06;https://www.thegioididong.com/laptop/macbook-air-15-inch-m5-16gb-1tb
MacBook Air 15 inch M5 16GB/1TB 35W;MacBook;16GB/1TB;Vàng;0220042003743;47190000;47190000;500000;1;3890833;True;46689999;No;0;0;0;;False;2026-10-06;https://www.thegioididong.com/laptop/macbook-air-15-inch-m5-16gb-1tb
MacBook Air 15 inch M5 16GB/1TB 35W;MacBook;16GB/1TB;Xanh đen;0220042003744;47190000;47190000;500000;1;3890833;True;46689999;No;0;0;0;;False;2026-10-06;https://www.thegioididong.com/laptop/macbook-air-15-inch-m5-16gb-1tb
MacBook Air 15 inch M5 16GB/512GB 35W;MacBook;16GB/512GB;Xanh đen;0220042003736;38990000;38990000;1000000;1;3165833;True;37989999;No;0;0;0;;False;2026-10-06;https://www.thegioididong.com/laptop/macbook-air-15-inch-m5-16gb-512gb
MacBook Air 15 inch M5 16GB/512GB 35W;MacBook;16GB/512GB;Vàng;0220042003735;38990000;38990000;1000000;1;3165833;True;37989999;No;0;0;0;;False;2026-10-06;https://www.thegioididong.com/laptop/macbook-air-15-inch-m5-16gb-512gb
MacBook Air 15 inch M5 16GB/512GB 35W;MacBook;16GB/512GB;Bạc;0220042003734;38990000;38990000;1000000;1;3165833;True;37989999;No;0;0;0;;False;2026-10-06;https://www.thegioididong.com/laptop/macbook-air-15-inch-m5-16gb-512gb
MacBook Air 15 inch M5 16GB/512GB 35W;MacBook;16GB/512GB;Xanh da trời nhạt;0220042003733;38990000;38990000;1000000;1;3165833;True;37989999;No;0;0;0;;False;2026-10-06;https://www.thegioididong.com/laptop/macbook-air-15-inch-m5-16gb-512gb
MacBook Air 15 inch M5 16GB/512GB 70W;MacBook;16GB/512GB;Vàng;0220042003739;38990000;38990000;1000000;1;3165833;True;37989999;No;0;0;0;;False;2026-10-06;https://www.thegioididong.com/laptop/macbook-air-15-inch-m5-16gb-512gb
MacBook Air 15 inch M5 16GB/512GB 70W;MacBook;16GB/512GB;Xanh da trời nhạt;0220042003737;38990000;38990000;1000000;1;3165833;True;37989999;No;0;0;0;;False;2026-10-06;https://www.thegioididong.com/laptop/macbook-air-15-inch-m5-16gb-512gb
MacBook Air 15 inch M5 16GB/512GB 70W;MacBook;16GB/512GB;Xanh đen;0220042003740;38990000;38990000;1000000;1;3165833;True;37989999;No;0;0;0;;False;2026-10-06;https://www.thegioididong.com/laptop/macbook-air-15-inch-m5-16gb-512gb
MacBook Air 15 inch M5 24GB/512GB;MacBook;24GB/512GB;Xanh da trời nhạt;0220042003745;43990000;43990000;500000;1;3624167;True;43489999;No;0;0;0;;False;2026-10-06;https://www.thegioididong.com/laptop/macbook-air-15-inch-m5-16gb-1tb
MacBook Neo 13 inch A18 Pro 8GB/256GB;MacBook;8GB/256GB;Vàng nhạt;0220042003781;18790000;18790000;1000000;1;1482500;True;17789999;No;0;0;0;;False;2026-10-06;https://www.thegioididong.com/laptop/macbook-neo-13-inch-a18-pro-8gb-256gb
MacBook Neo 13 inch A18 Pro 8GB/256GB;MacBook;8GB/256GB;Xanh Dương;0220042003782;18790000;18790000;1000000;1;1482500;True;17789999;No;0;0;0;;False;2026-10-06;https://www.thegioididong.com/laptop/macbook-neo-13-inch-a18-pro-8gb-256gb
MacBook Neo 13 inch A18 Pro 8GB/256GB;MacBook;8GB/256GB;Hồng phấn;0220042003780;18990000;18990000;1000000;1;1499167;True;17989999;No;0;0;0;;False;2026-10-06;https://www.thegioididong.com/laptop/macbook-neo-13-inch-a18-pro-8gb-256gb
MacBook Neo 13 inch A18 Pro 8GB/512GB;MacBook;8GB/512GB;Vàng nhạt;0220042003785;21290000;21290000;1000000;1;1690833;True;20289999;No;0;0;0;;False;2026-10-06;https://www.thegioididong.com/laptop/macbook-neo-13-inch-a18-pro-8gb-256gb
MacBook Neo 13 inch A18 Pro 8GB/512GB;MacBook;8GB/512GB;Xanh Dương;0220042003786;21290000;21290000;1000000;1;1690833;True;20289999;No;0;0;0;;False;2026-10-06;https://www.thegioididong.com/laptop/macbook-neo-13-inch-a18-pro-8gb-256gb
MacBook Neo 13 inch A18 Pro 8GB/512GB;MacBook;8GB/512GB;Bạc;0220042003783;21490000;21490000;1000000;1;1707500;True;20489999;No;0;0;0;;False;2026-10-06;https://www.thegioididong.com/laptop/macbook-neo-13-inch-a18-pro-8gb-256gb
MacBook Pro 14 inch M5 16GB/1TB;MacBook;16GB/1TB;Default;0220042003482;52990000;52990000;1000000;1;4332500;True;51989999;No;0;0;0;;False;2026-10-06;https://www.thegioididong.com/laptop/macbook-pro-14-inch-m5-16gb-1tb
MacBook Pro 14 inch M5 16GB/1TB;MacBook;16GB/1TB;Default;0220042003483;52990000;52990000;1000000;1;4332500;True;51989999;No;0;0;0;;False;2026-10-06;https://www.thegioididong.com/laptop/macbook-pro-14-inch-m5-16gb-1tb
MacBook Pro 14 inch M5 Pro 24GB/2TB 70W;MacBook;24GB/2TB;Đen;0220042003768;80490000;80490000;1000000;1;6624167;True;79489999;No;0;0;0;;False;2026-10-06;https://www.thegioididong.com/laptop/macbook-pro-14-inch-m5-pro-24gb-1tb
MacBook Pro 14 inch M5 Pro 24GB/2TB 70W;MacBook;24GB/2TB;Bạc;0220042003767;80490000;80490000;1000000;1;6624167;True;79489999;No;0;0;0;;False;2026-10-06;https://www.thegioididong.com/laptop/macbook-pro-14-inch-m5-pro-24gb-1tb
Macbook Air 13 inch M5 24GB/512GB 35W;MacBook;24GB/512GB;Xanh da trời nhạt;0220042003713;38290000;38290000;1000000;1;3107500;True;37289999;No;0;0;0;;False;2026-10-06;https://www.thegioididong.com/laptop/macbook-air-13-inch-m5-24gb-512gb
Macbook Air 13 inch M5 24GB/512GB 35W;MacBook;24GB/512GB;Bạc;0220042003714;38290000;38290000;1000000;1;3107500;True;37289999;No;0;0;0;;False;2026-10-06;https://www.thegioididong.com/laptop/macbook-air-13-inch-m5-24gb-512gb
Macbook Air 13 inch M5 24GB/512GB 70W;MacBook;24GB/512GB;Default;0220042003717;38290000;38290000;1000000;1;3107500;True;37289999;No;0;0;0;;False;2026-10-06;https://www.thegioididong.com/laptop/macbook-air-13-inch-m5-24gb-512gb-70w
Macbook Air 13 inch M5 24GB/512GB 70W;MacBook;24GB/512GB;Default;0220042003720;38290000;38290000;1000000;1;3107500;True;37289999;No;0;0;0;;False;2026-10-06;https://www.thegioididong.com/laptop/macbook-air-13-inch-m5-24gb-512gb-70w
Macbook Air 13 inch M5 24GB/512GB 70W;MacBook;24GB/512GB;Default;0220042003718;38290000;38290000;1000000;1;3107500;True;37289999;No;0;0;0;;False;2026-10-06;https://www.thegioididong.com/laptop/macbook-air-13-inch-m5-24gb-512gb-70w
Macbook Air 13 inch M5 24GB/512GB 70W;MacBook;24GB/512GB;Default;0220042003719;38290000;38290000;1000000;1;3107500;True;37289999;No;0;0;0;;False;2026-10-06;https://www.thegioididong.com/laptop/macbook-air-13-inch-m5-24gb-512gb-70w
Máy tính bảng iPad A16 5G 128GB;iPad;128GB;Default;335311;16990000;16990000;700000;2000000;1357500;True;14290000;No;0;0;0;;False;2026-10-06;https://www.thegioididong.com/may-tinh-bang/ipad-11-5g-128gb
Máy tính bảng iPad A16 WiFi 128GB;iPad;128GB;Default;335308;12790000;12790000;700000;2000000;1007500;True;10090000;No;0;0;0;;False;2026-10-06;https://www.thegioididong.com/may-tinh-bang/ipad-11-wifi-128gb
Máy tính bảng iPad Air M3 11 inch 5G 128GB;iPad;128GB;Default;335271;0;0;0;1;0;True;0;No;0;0;0;;True;2026-10-06;https://www.thegioididong.com/may-tinh-bang/ipad-air-m3-11-inch-5g-128gb
Máy tính bảng iPad Air M3 11 inch WiFi 128GB;iPad;128GB;Default;335267;0;0;0;1;0;False;0;No;0;0;0;;True;2026-10-06;https://www.thegioididong.com/may-tinh-bang/ipad-air-m3-11-inch-wifi-128gb
Máy tính bảng iPad Pro M5 11 inch 5G 256GB;iPad;256GB;Default;358105;41190000;41190000;1200000;2000000;3332500;True;37990000;No;0;0;0;;True;2026-10-06;https://www.thegioididong.com/may-tinh-bang/ipad-pro-m5-11-inch-wifi-cellular-256gb
Máy tính bảng iPad Pro M5 11 inch WiFi 256GB;iPad;256GB;Default;358082;35590000;35590000;1100000;2000000;2874167;True;32490000;No;0;0;0;;False;2026-10-06;https://www.thegioididong.com/may-tinh-bang/ipad-pro-m5-11-inch-wifi-256gb
iPad Air M4 11 inch 5G 128GB;iPad;128GB;Trắng Starlight;2440931001253;23890000;23890000;1000000;1;1907500;True;22889999;No;0;0;0;;False;2026-10-06;https://www.thegioididong.com/may-tinh-bang/ipad-air-m4-11-inch-5g-128gb
iPad Air M4 11 inch 5G 128GB;iPad;128GB;Xanh Dương;2440931001252;23890000;23890000;1000000;1;1907500;True;22889999;No;0;0;0;;False;2026-10-06;https://www.thegioididong.com/may-tinh-bang/ipad-air-m4-11-inch-5g-128gb
iPad Air M4 11 inch WiFi 128GB;iPad;128GB;Trắng Starlight;2440931001221;19690000;19690000;1000000;1;1557500;True;18689999;No;0;0;0;;False;2026-10-06;https://www.thegioididong.com/may-tinh-bang/ipad-air-m4-11-inch-wifi-128gb
iPad Air M4 11 inch WiFi 128GB;iPad;128GB;Xanh Dương;2440931001220;19690000;19690000;1000000;1;1557500;True;18689999;No;0;0;0;;False;2026-10-06;https://www.thegioididong.com/may-tinh-bang/ipad-air-m4-11-inch-wifi-128gb
iPad Air M4 11 inch WiFi 128GB;iPad;128GB;Đen - Xám;2440931001219;19690000;19690000;1000000;1;1557500;True;18689999;No;0;0;0;;False;2026-10-06;https://www.thegioididong.com/may-tinh-bang/ipad-air-m4-11-inch-wifi-128gb
iPad Air M4 11 inch WiFi 128GB;iPad;128GB;Tím;2440931001222;19690000;19690000;1000000;1;1557500;True;18689999;No;0;0;0;;False;2026-10-06;https://www.thegioididong.com/may-tinh-bang/ipad-air-m4-11-inch-wifi-128gb
iPad Air M4 11 inch WiFi 256GB;iPad;256GB;Đen - Xám;2440931001223;22490000;22490000;1000000;1;1790833;True;21489999;No;0;0;0;;False;2026-10-06;https://www.thegioididong.com/may-tinh-bang/ipad-air-m4-11-inch-wifi-128gb
iPad Air M4 11 inch WiFi 256GB;iPad;256GB;Trắng Starlight;2440931001225;22490000;22490000;1000000;1;1790833;True;21489999;No;0;0;0;;False;2026-10-06;https://www.thegioididong.com/may-tinh-bang/ipad-air-m4-11-inch-wifi-128gb
iPad Air M4 11 inch WiFi 256GB;iPad;256GB;Xanh Dương;2440931001224;22490000;22490000;1000000;1;1790833;True;21489999;No;0;0;0;;False;2026-10-06;https://www.thegioididong.com/may-tinh-bang/ipad-air-m4-11-inch-wifi-128gb
iPad Air M4 11 inch WiFi 256GB;iPad;256GB;Tím;2440931001226;22490000;22490000;1000000;1;1790833;True;21489999;No;0;0;0;;False;2026-10-06;https://www.thegioididong.com/may-tinh-bang/ipad-air-m4-11-inch-wifi-128gb
iPad Air M4 13 inch 5G 128GB;iPad;128GB;Xanh Dương;2440931001268;29590000;29590000;1000000;1;2382500;True;28589999;No;0;0;0;;False;2026-10-06;https://www.thegioididong.com/may-tinh-bang/ipad-air-m4-13-inch-5g-128gb
iPad Air M4 13 inch WiFi 128GB;iPad;128GB;Xanh Dương;2440931001236;25390000;25390000;1000000;1;2032500;True;24389999;No;0;0;0;;False;2026-10-06;https://www.thegioididong.com/may-tinh-bang/ipad-air-m4-13-inch-wifi-128gb
iPad Air M4 13 inch WiFi 128GB;iPad;128GB;Đen - Xám;2440931001235;25390000;25390000;1000000;1;2032500;True;24389999;No;0;0;0;;False;2026-10-06;https://www.thegioididong.com/may-tinh-bang/ipad-air-m4-13-inch-wifi-128gb
iPad Air M4 13 inch WiFi 256GB;iPad;256GB;Đen - Xám;2440931001239;28190000;28190000;1000000;1;2265833;True;27189999;No;0;0;0;;False;2026-10-06;https://www.thegioididong.com/may-tinh-bang/ipad-air-m4-13-inch-wifi-128gb
iPad Air M4 13 inch WiFi 256GB;iPad;256GB;Trắng Starlight;2440931001241;28190000;28190000;1000000;1;2265833;True;27189999;No;0;0;0;;False;2026-10-06;https://www.thegioididong.com/may-tinh-bang/ipad-air-m4-13-inch-wifi-128gb
iPad Air M4 13 inch WiFi 256GB;iPad;256GB;Xanh Dương;2440931001240;28190000;28190000;1000000;1;2265833;True;27189999;No;0;0;0;;False;2026-10-06;https://www.thegioididong.com/may-tinh-bang/ipad-air-m4-13-inch-wifi-128gb
iPad Pro M5 13 inch WiFi 256GB;iPad;256GB;Bạc;2440931001143;43790000;43790000;1000000;1;3565833;True;42789999;No;0;0;0;;False;2026-10-06;https://www.thegioididong.com/may-tinh-bang/ipad-pro-m5-13-inch-wifi-256gb
iPad Pro M5 13 inch WiFi 256GB;iPad;256GB;Đen;2440931001142;43790000;43790000;1000000;1;3565833;True;42789999;No;0;0;0;;False;2026-10-06;https://www.thegioididong.com/may-tinh-bang/ipad-pro-m5-13-inch-wifi-256gb
iPad mini 7 WiFi 128GB;iPad;128GB;Xanh Dương;2440931000890;16190000;16190000;1000000;1;1265833;True;15189999;No;0;0;0;;False;2026-10-06;https://www.thegioididong.com/may-tinh-bang/ipad-mini-7-wifi
iPad mini 7 WiFi 128GB;iPad;128GB;Tím;2440931000892;16190000;16190000;1000000;1;1265833;True;15189999;No;0;0;0;;False;2026-10-06;https://www.thegioididong.com/may-tinh-bang/ipad-mini-7-wifi
iPad mini 7 WiFi 128GB;iPad;128GB;Đen - Xám;2440931000889;16190000;16190000;1000000;1;1265833;True;15189999;No;0;0;0;;False;2026-10-06;https://www.thegioididong.com/may-tinh-bang/ipad-mini-7-wifi
iPad mini 7 WiFi 256GB;iPad;256GB;Xanh Dương;2440931000894;18990000;18990000;1000000;1;1499167;True;17989999;No;0;0;0;;False;2026-10-06;https://www.thegioididong.com/may-tinh-bang/ipad-mini-7-wifi
iPad mini 7 WiFi 256GB;iPad;256GB;Trắng Starlight;2440931000895;18990000;18990000;1000000;1;1499167;True;17989999;No;0;0;0;;False;2026-10-06;https://www.thegioididong.com/may-tinh-bang/ipad-mini-7-wifi
iPad mini 7 WiFi 512GB;iPad;512GB;Xanh Dương;2440931000906;24590000;24590000;1000000;1;1965833;True;23589999;No;0;0;0;;False;2026-10-06;https://www.thegioididong.com/may-tinh-bang/ipad-mini-7-wifi
iPad mini 7 WiFi 512GB;iPad;512GB;Tím;2440931000908;24590000;24590000;1000000;1;1965833;True;23589999;No;0;0;0;;False;2026-10-06;https://www.thegioididong.com/may-tinh-bang/ipad-mini-7-wifi
iPhone 16 Plus 128GB;iPhone;128GB;Đen;0131491004235;24990000;24990000;1000000;1;1999167;True;23989999;No;0;0;0;;False;2026-10-06;https://www.thegioididong.com/dtdd/iphone-16-plus-256gb
iPhone 16 Plus 128GB;iPhone;128GB;Xanh mòng két;0131491004237;24990000;24990000;1000000;1;1999167;True;23989999;No;0;0;0;;False;2026-10-06;https://www.thegioididong.com/dtdd/iphone-16-plus-256gb
iPhone 16 Plus 128GB;iPhone;128GB;Xanh Lưu Ly;0131491004239;24990000;24990000;1000000;1;1999167;True;23989999;No;0;0;0;;False;2026-10-06;https://www.thegioididong.com/dtdd/iphone-16-plus-256gb
iPhone 16 Plus 128GB;iPhone;128GB;Trắng;0131491004236;24990000;24990000;1000000;1;1999167;True;23989999;No;0;0;0;;False;2026-10-06;https://www.thegioididong.com/dtdd/iphone-16-plus-256gb
iPhone 16 Plus 128GB;iPhone;128GB;Hồng;0131491004238;24990000;24990000;1000000;1;1999167;True;23989999;No;0;0;0;;False;2026-10-06;https://www.thegioididong.com/dtdd/iphone-16-plus-256gb
iPhone 16 Plus 256GB;iPhone;256GB;Trắng;0131491004241;27990000;27990000;1000000;1;2249167;True;26989999;No;0;0;0;;False;2026-10-06;https://www.thegioididong.com/dtdd/iphone-16-plus-256gb
iPhone 16 Plus 256GB;iPhone;256GB;Đen;0131491004240;27990000;27990000;1000000;1;2249167;True;26989999;No;0;0;0;;False;2026-10-06;https://www.thegioididong.com/dtdd/iphone-16-plus-256gb
iPhone 16 Plus 256GB;iPhone;256GB;Hồng;0131491004243;27990000;27990000;1000000;1;2249167;True;26989999;No;0;0;0;;False;2026-10-06;https://www.thegioididong.com/dtdd/iphone-16-plus-256gb
iPhone 16 Plus 256GB;iPhone;256GB;Xanh mòng két;0131491004242;27990000;27990000;1000000;1;2249167;True;26989999;No;0;0;0;;False;2026-10-06;https://www.thegioididong.com/dtdd/iphone-16-plus-256gb
iPhone 16 Plus 256GB;iPhone;256GB;Xanh Lưu Ly;0131491004244;27990000;27990000;1000000;1;2249167;True;26989999;No;0;0;0;;False;2026-10-06;https://www.thegioididong.com/dtdd/iphone-16-plus-256gb
iPhone 17 Pro 1TB;iPhone;1TB;Xanh Đậm;0131491004719;44990000;44990000;1000000;1;3665833;True;43989999;No;0;0;0;;False;2026-10-06;https://www.thegioididong.com/dtdd/iphone-17-pro-1tb
iPhone 17 Pro 1TB;iPhone;1TB;Bạc;0131491004721;44990000;44990000;1000000;1;3665833;True;43989999;No;0;0;0;;False;2026-10-06;https://www.thegioididong.com/dtdd/iphone-17-pro-1tb
iPhone 17 Pro 1TB;iPhone;1TB;Cam Vũ Trụ;0131491004720;44990000;44990000;1000000;1;3665833;True;43989999;No;0;0;0;;False;2026-10-06;https://www.thegioididong.com/dtdd/iphone-17-pro-1tb
iPhone 17 Pro 256GB;iPhone;256GB;Cam Vũ Trụ;0131491004713;31990000;31990000;1000000;1;2582500;True;30989999;No;0;0;0;;False;2026-10-06;https://www.thegioididong.com/dtdd/iphone-17-pro-1tb
iPhone 17 Pro 256GB;iPhone;256GB;Bạc;0131491004714;31990000;31990000;1000000;1;2582500;True;30989999;No;0;0;0;;False;2026-10-06;https://www.thegioididong.com/dtdd/iphone-17-pro-1tb
iPhone 17 Pro 256GB;iPhone;256GB;Xanh Đậm;0131491004711;31990000;31990000;1000000;1;2582500;True;30989999;No;0;0;0;;False;2026-10-06;https://www.thegioididong.com/dtdd/iphone-17-pro-1tb
iPhone 17 Pro 512GB;iPhone;512GB;Xanh Đậm;0131491004715;38490000;38490000;1000000;1;3124167;True;37489999;No;0;0;0;;False;2026-10-06;https://www.thegioididong.com/dtdd/iphone-17-pro-1tb
iPhone 17 Pro 512GB;iPhone;512GB;Cam Vũ Trụ;0131491004716;38490000;38490000;1000000;1;3124167;True;37489999;No;0;0;0;;False;2026-10-06;https://www.thegioididong.com/dtdd/iphone-17-pro-1tb
iPhone 17 Pro 512GB;iPhone;512GB;Bạc;0131491004717;38490000;38490000;1000000;1;3124167;True;37489999;No;0;0;0;;False;2026-10-06;https://www.thegioididong.com/dtdd/iphone-17-pro-1tb
iPhone 17 Pro Max 1TB;iPhone;1TB;Xanh Đậm;0131491004731;47990000;47990000;1000000;1;3915833;True;46989999;No;0;0;0;;False;2026-10-06;https://www.thegioididong.com/dtdd/iphone-17-pro-max-2tb
iPhone 17 Pro Max 1TB;iPhone;1TB;Cam Vũ Trụ;0131491004732;47990000;47990000;1000000;1;3915833;True;46989999;No;0;0;0;;False;2026-10-06;https://www.thegioididong.com/dtdd/iphone-17-pro-max-2tb
iPhone 17 Pro Max 1TB;iPhone;1TB;Bạc;0131491004733;47990000;47990000;1000000;1;3915833;True;46989999;No;0;0;0;;False;2026-10-06;https://www.thegioididong.com/dtdd/iphone-17-pro-max-2tb
iPhone 17 Pro Max 256GB;iPhone;256GB;Xanh Đậm;0131491004723;34990000;34990000;1000000;1;2832500;True;33989999;No;0;0;0;;False;2026-10-06;https://www.thegioididong.com/dtdd/iphone-17-pro-max-2tb
iPhone 17 Pro Max 256GB;iPhone;256GB;Cam Vũ Trụ;0131491004724;34990000;34990000;1000000;1;2832500;True;33989999;No;0;0;0;;False;2026-10-06;https://www.thegioididong.com/dtdd/iphone-17-pro-max-2tb
iPhone 17 Pro Max 2TB;iPhone;2TB;Xanh Đậm;0131491004692;60990000;60990000;1000000;1;4999167;True;59989999;No;0;0;0;;False;2026-10-06;https://www.thegioididong.com/dtdd/iphone-17-pro-max-2tb
iPhone 17 Pro Max 2TB;iPhone;2TB;Cam Vũ Trụ;0131491004693;60990000;60990000;1000000;1;4999167;True;59989999;No;0;0;0;;False;2026-10-06;https://www.thegioididong.com/dtdd/iphone-17-pro-max-2tb
iPhone 17 Pro Max 512GB;iPhone;512GB;Bạc;0131491004729;41490000;41490000;1000000;1;3374167;True;40489999;No;0;0;0;;False;2026-10-06;https://www.thegioididong.com/dtdd/iphone-17-pro-max-2tb
iPhone 17 Pro Max 512GB;iPhone;512GB;Xanh Đậm;0131491004727;41490000;41490000;1000000;1;3374167;True;40489999;No;0;0;0;;False;2026-10-06;https://www.thegioididong.com/dtdd/iphone-17-pro-max-2tb
iPhone 17 Pro Max 512GB;iPhone;512GB;Cam Vũ Trụ;0131491004728;41490000;41490000;1000000;1;3374167;True;40489999;No;0;0;0;;False;2026-10-06;https://www.thegioididong.com/dtdd/iphone-17-pro-max-2tb
iPhone 17e 256GB;iPhone;256GB;Đen;0131491005121;19990000;19990000;1000000;1;1582500;True;18989999;No;0;0;0;;False;2026-10-06;https://www.thegioididong.com/dtdd/iphone-17e-256gb
iPhone 17e 256GB;iPhone;256GB;Trắng;0131491005122;19990000;19990000;1000000;1;1582500;True;18989999;No;0;0;0;;False;2026-10-06;https://www.thegioididong.com/dtdd/iphone-17e-256gb
iPhone 17e 256GB;iPhone;256GB;Hồng nhạt;0131491005120;19990000;19990000;1000000;1;1582500;True;18989999;No;0;0;0;;False;2026-10-06;https://www.thegioididong.com/dtdd/iphone-17e-256gb
iPhone 17e 512GB;iPhone;512GB;Hồng nhạt;0131491005123;26990000;26990000;1000000;1;2165833;True;25989999;No;0;0;0;;False;2026-10-06;https://www.thegioididong.com/dtdd/iphone-17e-256gb
iPhone 18 Pro 1TB;iPhone;1TB;Bạc;0131491005405;58490000;58490000;1000000;1;4790833;True;57489999;No;0;0;0;;False;2026-10-06;https://www.thegioididong.com/dtdd/iphone-18-pro-1tb
iPhone 18 Pro 1TB;iPhone;1TB;Đen;0131491005406;58490000;58490000;1000000;1;4790833;True;57489999;No;0;0;0;;False;2026-10-06;https://www.thegioididong.com/dtdd/iphone-18-pro-1tb
iPhone 18 Pro 1TB;iPhone;1TB;Băng Thanh;0131491005404;58490000;58490000;1000000;1;4790833;True;57489999;No;0;0;0;;False;2026-10-06;https://www.thegioididong.com/dtdd/iphone-18-pro-1tb
iPhone 18 Pro 1TB;iPhone;1TB;Đỏ Burgundy;0131491005403;58490000;58490000;1000000;1;4790833;True;57489999;No;0;0;0;;False;2026-10-06;https://www.thegioididong.com/dtdd/iphone-18-pro-1tb
iPhone 18 Pro 256GB;iPhone;256GB;Băng Thanh;0131491005394;38990000;38990000;1000000;1;3165833;True;37989999;No;0;0;0;;False;2026-10-06;https://www.thegioididong.com/dtdd/iphone-18-pro-1tb
iPhone 18 Pro 256GB;iPhone;256GB;Bạc;0131491005395;38990000;38990000;1000000;1;3165833;True;37989999;No;0;0;0;;False;2026-10-06;https://www.thegioididong.com/dtdd/iphone-18-pro-1tb
iPhone 18 Pro 256GB;iPhone;256GB;Đen;0131491005397;38990000;38990000;1000000;1;3165833;True;37989999;No;0;0;0;;False;2026-10-06;https://www.thegioididong.com/dtdd/iphone-18-pro-1tb
iPhone 18 Pro 256GB;iPhone;256GB;Đỏ Burgundy;0131491005393;38990000;38990000;1000000;1;3165833;True;37989999;No;0;0;0;;False;2026-10-06;https://www.thegioididong.com/dtdd/iphone-18-pro-1tb
iPhone 18 Pro 2TB;iPhone;2TB;Đen;0131491005410;77990000;77990000;1000000;1;6415833;True;76989999;No;0;0;0;;False;2026-10-06;https://www.thegioididong.com/dtdd/iphone-18-pro-1tb
iPhone 18 Pro 2TB;iPhone;2TB;Bạc;0131491005409;77990000;77990000;1000000;1;6415833;True;76989999;No;0;0;0;;False;2026-10-06;https://www.thegioididong.com/dtdd/iphone-18-pro-1tb
iPhone 18 Pro Max 1TB;iPhone;1TB;Bạc;0131491005421;61490000;61490000;1000000;1;5040833;True;60489999;No;0;0;0;;False;2026-10-06;https://www.thegioididong.com/dtdd/iphone-18-pro-max-1tb
iPhone 18 Pro Max 1TB;iPhone;1TB;Đen;0131491005422;61490000;61490000;1000000;1;5040833;True;60489999;No;0;0;0;;False;2026-10-06;https://www.thegioididong.com/dtdd/iphone-18-pro-max-1tb
iPhone 18 Pro Max 1TB;iPhone;1TB;Băng Thanh;0131491005420;61490000;61490000;1000000;1;5040833;True;60489999;No;0;0;0;;False;2026-10-06;https://www.thegioididong.com/dtdd/iphone-18-pro-max-1tb
iPhone 18 Pro Max 1TB;iPhone;1TB;Đỏ Burgundy;0131491005419;61490000;61490000;1000000;1;5040833;True;60489999;No;0;0;0;;False;2026-10-06;https://www.thegioididong.com/dtdd/iphone-18-pro-max-1tb
iPhone 18 Pro Max 256GB;iPhone;256GB;Đen;0131491005414;41990000;41990000;1000000;1;3415833;True;40989999;No;0;0;0;;False;2026-10-06;https://www.thegioididong.com/dtdd/iphone-18-pro-max-1tb
iPhone 18 Pro Max 2TB;iPhone;2TB;Băng Thanh;0131491005424;80990000;80990000;1000000;1;6665833;True;79989999;No;0;0;0;;False;2026-10-06;https://www.thegioididong.com/dtdd/iphone-18-pro-max-1tb
iPhone 18 Pro Max 2TB;iPhone;2TB;Đen;0131491005426;80990000;80990000;1000000;1;6665833;True;79989999;No;0;0;0;;False;2026-10-06;https://www.thegioididong.com/dtdd/iphone-18-pro-max-1tb
iPhone 18 Pro Max 2TB;iPhone;2TB;Đỏ Burgundy;0131491005423;80990000;80990000;1000000;1;6665833;True;79989999;No;0;0;0;;False;2026-10-06;https://www.thegioididong.com/dtdd/iphone-18-pro-max-1tb
iPhone 18 Pro Max 2TB;iPhone;2TB;Bạc;0131491005425;80990000;80990000;1000000;1;6665833;True;79989999;No;0;0;0;;False;2026-10-06;https://www.thegioididong.com/dtdd/iphone-18-pro-max-1tb
iPhone 18 Pro Max 512GB;iPhone;512GB;Đen;0131491005418;48490000;48490000;1000000;1;3957500;True;47489999;No;0;0;0;;False;2026-10-06;https://www.thegioididong.com/dtdd/iphone-18-pro-max-1tb
iPhone Air 256GB;iPhone;256GB;Vàng nhạt;0131491004807;22990000;22990000;1000000;1;1832500;True;21989999;No;0;0;0;;False;2026-10-06;https://www.thegioididong.com/dtdd/iphone-air
iPhone Air 256GB;iPhone;256GB;Đen Không Gian;0131491004805;22990000;22990000;1000000;1;1832500;True;21989999;No;0;0;0;;False;2026-10-06;https://www.thegioididong.com/dtdd/iphone-air
iPhone Air 256GB;iPhone;256GB;Xanh Da Trời;0131491004808;22990000;22990000;1000000;1;1832500;True;21989999;No;0;0;0;;False;2026-10-06;https://www.thegioididong.com/dtdd/iphone-air
iPhone Air 256GB;iPhone;256GB;Trắng Mây;0131491004806;22990000;22990000;1000000;1;1832500;True;21989999;No;0;0;0;;False;2026-10-06;https://www.thegioididong.com/dtdd/iphone-air
iPhone Air 512GB;iPhone;512GB;Đen Không Gian;0131491004810;28990000;28990000;1000000;1;2332500;True;27989999;No;0;0;0;;False;2026-10-06;https://www.thegioididong.com/dtdd/iphone-air
Điện thoại iPhone 12 128GB;iPhone;128GB;Default;228736;13690000;13690000;3000000;1;890833;True;10689999;No;0;0;0;;True;2026-10-06;https://www.thegioididong.com/dtdd/iphone-12-128gb
Điện thoại iPhone 12 64GB;iPhone;64GB;Default;213031;11790000;11790000;2000000;1;815833;True;9789999;No;0;0;0;;True;2026-10-06;https://www.thegioididong.com/dtdd/iphone-12
Điện thoại iPhone 13 128GB;iPhone;128GB;Default;223602;13990000;13990000;2000000;2000000;999167;True;9990000;No;0;0;0;;True;2026-10-06;https://www.thegioididong.com/dtdd/iphone-13
Điện thoại iPhone 13 256GB;iPhone;256GB;Default;250258;17590000;17590000;1500000;2000000;1340833;True;14090000;No;0;0;0;;True;2026-10-06;https://www.thegioididong.com/dtdd/iphone-13-256gb
Điện thoại iPhone 15 128GB;iPhone;128GB;Default;281570;21990000;21990000;2000000;2000000;1665833;True;17990000;No;0;0;0;;False;2026-10-06;https://www.thegioididong.com/dtdd/iphone-15
Điện thoại iPhone 15 256GB;iPhone;256GB;Default;303716;24990000;24990000;1000000;2000000;1999167;True;21990000;No;0;0;0;;False;2026-10-06;https://www.thegioididong.com/dtdd/iphone-15-256gb
Điện thoại iPhone 16 128GB;iPhone;128GB;Default;329135;24990000;24990000;2000000;2000000;1915833;True;20990000;No;0;0;0;;False;2026-10-06;https://www.thegioididong.com/dtdd/iphone-16
Điện thoại iPhone 16e 512GB;iPhone;512GB;Default;334866;0;0;0;1;0;True;0;No;0;0;0;;True;2026-10-06;https://www.thegioididong.com/dtdd/iphone-16e-512gb
Điện thoại iPhone 17 256GB;iPhone;256GB;Default;342667;28990000;28990000;3500000;2000000;2124167;True;23490000;No;0;0;0;;False;2026-10-06;https://www.thegioididong.com/dtdd/iphone-17
Điện thoại iPhone 17 512GB;iPhone;512GB;Default;342668;35490000;35490000;3500000;2000000;2665833;True;29990000;No;0;0;0;;False;2026-10-06;https://www.thegioididong.com/dtdd/iphone-17-512gb
Điện thoại iPhone 17 Pro 512GB;iPhone;512GB;Default;342677;41490000;41490000;3000000;2000000;3207500;True;36490000;No;0;0;0;;False;2026-10-06;https://www.thegioididong.com/dtdd/iphone-17-pro-512gb
Điện thoại iPhone 17 Pro Max 1TB;iPhone;1TB;Default;342681;50990000;50990000;3000000;2000000;3999167;True;45990000;No;0;0;0;;False;2026-10-06;https://www.thegioididong.com/dtdd/iphone-17-pro-max-1tb
Điện thoại iPhone 17 Pro Max 512GB;iPhone;512GB;Default;342680;44490000;44490000;3000000;2000000;3457500;True;39490000;No;0;0;0;;False;2026-10-06;https://www.thegioididong.com/dtdd/iphone-17-pro-max-512gb
Điện thoại iPhone 18 Pro 256GB;iPhone;256GB;Default;370977;38990000;38990000;1000000;2000000;3165833;True;35990000;No;0;0;0;;False;2026-10-06;https://www.thegioididong.com/dtdd/iphone-18-pro
Điện thoại iPhone 18 Pro Max 2TB;iPhone;2TB;Default;370985;80990000;80990000;1000000;2000000;6665833;True;77990000;No;0;0;0;;False;2026-10-06;https://www.thegioididong.com/dtdd/iphone-18-pro-max-2tb
Điện thoại iPhone Air 1TB;iPhone;1TB;Default;344777;40990000;40990000;0;2000000;3415833;True;38990000;No;0;0;0;;True;2026-10-06;https://www.thegioididong.com/dtdd/iphone-air-1tb
Điện thoại iPhone Air 512GB;iPhone;512GB;Default;342671;28990000;28990000;1000000;2000000;2332500;True;25990000;No;0;0;0;;False;2026-10-06;https://www.thegioididong.com/dtdd/iphone-air-512gb
