Product_Name;Category;Storage;Color;SKU;Gia_Niem_Yet;Gia_Khuyen_Mai;Direct_Discount_VND;Trade_In_Subsidy_VND;Min_Monthly_Payment_12M;Installment_0_Percent;Affordability_Effective_Price;Ton_Kho;Store_Count;Store_HCM;Store_Hanoi;Top_Provinces_Stock;Date;Link
AirPods 4 (chống ồn);AirPods;Standard;Default;329158;4390000;4390000;0;0;365833;True;4390000;No;0;0;0;;2026-10-06;https://www.thegioididong.com/tai-nghe/airpods-4-chong-on-mxp93
AirPods 4 MXP63;AirPods;Standard;Default;329154;3390000;3390000;0;0;282500;True;3390000;No;0;0;0;;2026-10-06;https://www.thegioididong.com/tai-nghe/airpods-4-mxp63
AirPods 5;AirPods;Standard;Default;371203;3790000;3790000;0;0;315833;True;3790000;No;0;0;0;;2026-10-06;https://www.thegioididong.com/tai-nghe/airpods-5
AirPods 5 sạc không dây;AirPods;Standard;Default;371206;4290000;4290000;0;0;357500;True;4290000;No;0;0;0;;2026-10-06;https://www.thegioididong.com/tai-nghe/airpods-5-sac-khong-day
AirPods Max 2;AirPods;Standard;Default;0166400000036;14490000;14490000;0;0;1207500;True;14490000;Yes;7;3;2;Thành phố Hồ Chí Minh: 3, Thành phố Hà Nội: 2, Tỉnh Thái Nguyên: 1;2026-10-06;https://www.thegioididong.com/tai-nghe/airpods-max-2
AirPods Max 2;AirPods;Standard;Default;0166400000037;14490000;14490000;0;0;1207500;True;14490000;Yes;3;3;0;Thành phố Hồ Chí Minh: 3;2026-10-06;https://www.thegioididong.com/tai-nghe/airpods-max-2
AirPods Max 2;AirPods;Standard;Default;0166400000034;14490000;14490000;0;0;1207500;True;14490000;Yes;11;7;1;Thành phố Hồ Chí Minh: 7, Thành phố Hà Nội: 1, Thành phố Cần Thơ: 1;2026-10-06;https://www.thegioididong.com/tai-nghe/airpods-max-2
AirPods Max 2;AirPods;Standard;Default;0166400000035;14490000;14490000;0;0;1207500;True;14490000;Yes;2;1;1;Thành phố Hà Nội: 1, Thành phố Hồ Chí Minh: 1;2026-10-06;https://www.thegioididong.com/tai-nghe/airpods-max-2
AirPods Max 2;AirPods;Standard;Default;0166400000033;14490000;14490000;0;0;1207500;True;14490000;Yes;12;8;4;Thành phố Hồ Chí Minh: 8, Thành phố Hà Nội: 4;2026-10-06;https://www.thegioididong.com/tai-nghe/airpods-max-2
EarPods jack cắm USB-C;AirPods;Standard;Default;315072;540000;540000;0;0;45000;False;540000;No;0;0;0;;2026-10-06;https://www.thegioididong.com/tai-nghe/tai-nghe-co-day-apple-mtjy3
Tai nghe Bluetooth AirPods Pro Gen 2 MagSafe Charge (USB-C) Apple MTJV3;AirPods;Standard;Default;315014;5190000;5190000;0;0;432500;False;5190000;No;0;0;0;;2026-10-06;https://www.thegioididong.com/tai-nghe/tai-nghe-bluetooth-airpods-pro-gen-2-magsafe-charge-usb-c-apple-mtjv3
Tai nghe Bluetooth Apple AirPods Pro 3 Trắng MFHP4;AirPods;Standard;Default;344776;6490000;6490000;0;0;540833;True;6490000;No;0;0;0;;2026-10-06;https://www.thegioididong.com/tai-nghe/tai-nghe-bluetooth-apple-airpods-pro-3-trang-mfhp4
Tai nghe Có Dây Apple MMTN2;AirPods;Standard;Default;88053;540000;540000;0;0;45000;True;540000;No;0;0;0;;2026-10-06;https://www.thegioididong.com/tai-nghe/tai-nghe-earpods-cong-lightning-apple-mmtn2
Apple Watch SE 3 GPS + Cellular 40mm viền nhôm dây thể thao;Apple Watch;40mm;Trắng Starlight;0232391002717;8390000;8390000;0;0;699167;True;8390000;Yes;3;1;0;Tỉnh Quảng Ngãi: 1, Thành phố Đồng Nai: 1, Thành phố Hồ Chí Minh: 1;2026-10-06;https://www.thegioididong.com/dong-ho-thong-minh/apple-watch-se-3-gps-cellular-40mm-vien-nhom-day-the-thao
Apple Watch SE 3 GPS + Cellular 40mm viền nhôm dây thể thao;Apple Watch;40mm;Xanh đen;0232391002718;8390000;8390000;0;0;699167;True;8390000;No;0;0;0;;2026-10-06;https://www.thegioididong.com/dong-ho-thong-minh/apple-watch-se-3-gps-cellular-40mm-vien-nhom-day-the-thao
Apple Watch SE 3 GPS + Cellular 40mm viền nhôm dây thể thao 2026;Apple Watch;40mm;Vàng đồng;0232391002999;8490000;8490000;0;0;707500;True;8490000;Yes;1;1;0;Thành phố Hồ Chí Minh: 1;2026-10-06;https://www.thegioididong.com/dong-ho-thong-minh/apple-watch-se-3-gps-cellular-40mm-vien-nhom-day-the-thao-2026
Apple Watch SE 3 GPS + Cellular 44mm viền nhôm dây thể thao 2026;Apple Watch;44mm;Ghi đen;0232391003002;9350000;9350000;0;0;779167;True;9350000;Yes;1;1;0;Thành phố Hồ Chí Minh: 1;2026-10-06;https://www.thegioididong.com/dong-ho-thong-minh/apple-watch-se-3-gps-cellular-44mm-vien-nhom-day-the-thao-2026
Apple Watch SE 3 GPS 40mm viền nhôm dây thể thao;Apple Watch;40mm;Default;344767;6790000;6790000;0;300000;565833;True;6490000;No;0;0;0;;2026-10-06;https://www.thegioididong.com/dong-ho-thong-minh/apple-watch-se-3-40mm-vien-nhom-day-the-thao
Apple Watch SE 3 GPS 40mm viền nhôm dây thể thao 2026;Apple Watch;40mm;Default;371332;6990000;6990000;0;300000;582500;True;6690000;No;0;0;0;;2026-10-06;https://www.thegioididong.com/dong-ho-thong-minh/apple-watch-se-3-gps-40mm-vien-nhom-day-the-thao-2026
Apple Watch SE 3 GPS 44mm viền nhôm dây thể thao;Apple Watch;44mm;Default;344768;7690000;7690000;0;300000;640833;True;7390000;No;0;0;0;;2026-10-06;https://www.thegioididong.com/dong-ho-thong-minh/apple-watch-se-3-44mm-vien-nhom-day-the-thao
Apple Watch SE 3 GPS 44mm viền nhôm dây thể thao 2026;Apple Watch;44mm;Default;371335;7850000;7850000;0;300000;654167;True;7550000;No;0;0;0;;2026-10-06;https://www.thegioididong.com/dong-ho-thong-minh/apple-watch-se-3-gps-44mm-vien-nhom-day-the-thao-2026
Apple Watch Series 11 GPS + Cellular 42mm viền Titanium dây Milan;Apple Watch;42mm;Titan tự nhiên;0232391002734;21790000;21790000;0;0;1815833;True;21790000;Yes;2;1;0;Thành phố Hồ Chí Minh: 1, Tỉnh Khánh Hòa: 1;2026-10-06;https://www.thegioididong.com/dong-ho-thong-minh/apple-watch-series-11-gps-cellular-42mm-vien-titanium-day-milan
Apple Watch Series 11 GPS + Cellular 42mm viền Titanium dây Milan;Apple Watch;42mm;Titan vàng;0232391002738;21790000;21790000;0;0;1815833;True;21790000;Yes;1;1;0;Thành phố Hồ Chí Minh: 1;2026-10-06;https://www.thegioididong.com/dong-ho-thong-minh/apple-watch-series-11-gps-cellular-42mm-vien-titanium-day-milan
Apple Watch Series 11 GPS + Cellular 42mm viền Titanium dây thể thao;Apple Watch;42mm;Default;344758;19490000;19490000;0;0;1624167;True;19490000;No;0;0;0;;2026-10-06;https://www.thegioididong.com/dong-ho-thong-minh/apple-watch-series-11-gps-cellular-42m-vien-titanium-day-the-thao
Apple Watch Series 11 GPS + Cellular 46mm viền Titanium dây Milan;Apple Watch;46mm;Titan xám;0232391002746;23590000;23590000;0;0;1965833;True;23590000;Yes;7;3;0;Thành phố Hồ Chí Minh: 3, Thành phố Hải Phòng: 2, Tỉnh Khánh Hòa: 1;2026-10-06;https://www.thegioididong.com/dong-ho-thong-minh/apple-watch-series-11-gps-cellular-42mm-vien-titanium-day-milan
Apple Watch Series 11 GPS + Cellular 46mm viền Titanium dây thể thao;Apple Watch;46mm;Default;344757;20990000;20990000;0;0;1749167;True;20990000;No;0;0;0;;2026-10-06;https://www.thegioididong.com/dong-ho-thong-minh/apple-watch-series-11-gps-cellular-46mm-vien-titanium-day-the-thao
Apple Watch Series 11 GPS + Cellular 46mm viền nhôm dây thể thao;Apple Watch;46mm;Đen bóng;0232391002739;14990000;14990000;0;0;1249167;True;14990000;Yes;7;0;0;Thành phố Hải Phòng: 2, Tỉnh Ninh Bình: 2, Thành phố Bắc Ninh: 1;2026-10-06;https://www.thegioididong.com/dong-ho-thong-minh/apple-watch-series-11-gps-cellular-46mm-vien-nhom-day-the-thao
Apple Watch Series 11 GPS 42mm viền nhôm dây thể thao;Apple Watch;42mm;Đen bóng;0232391002721;11290000;11290000;0;0;940833;True;11290000;Yes;55;14;7;Thành phố Hồ Chí Minh: 14, Thành phố Hà Nội: 7, Thành phố Đà Nẵng: 4;2026-10-06;https://www.thegioididong.com/dong-ho-thong-minh/apple-watch-series-11-42mm-vien-nhom-day-the-thao
Apple Watch Series 11 GPS 42mm viền nhôm dây thể thao;Apple Watch;42mm;Xám;0232391002722;11290000;11290000;0;0;940833;True;11290000;Yes;1;0;0;Tỉnh Ninh Bình: 1;2026-10-06;https://www.thegioididong.com/dong-ho-thong-minh/apple-watch-series-11-42mm-vien-nhom-day-the-thao
Apple Watch Series 11 GPS 46mm viền nhôm dây thể thao;Apple Watch;46mm;Đen bóng;0232391002725;11990000;11990000;0;0;999167;True;11990000;Yes;2;0;0;Tỉnh Đồng Tháp: 1, Tỉnh Tây Ninh: 1;2026-10-06;https://www.thegioididong.com/dong-ho-thong-minh/apple-watch-series-11-42mm-vien-nhom-day-the-thao
Apple Watch Series 11 GPS 46mm viền nhôm dây thể thao;Apple Watch;46mm;Xám;0232391002726;11990000;11990000;0;0;999167;True;11990000;Yes;68;11;10;Thành phố Hồ Chí Minh: 11, Thành phố Hà Nội: 10, Thành phố Đồng Nai: 5;2026-10-06;https://www.thegioididong.com/dong-ho-thong-minh/apple-watch-series-11-42mm-vien-nhom-day-the-thao
Apple Watch Series 11 GPS 46mm viền nhôm dây thể thao;Apple Watch;46mm;Bạc;0232391002728;11990000;11990000;0;0;999167;True;11990000;Yes;1;0;0;Thành phố Đà Nẵng: 1;2026-10-06;https://www.thegioididong.com/dong-ho-thong-minh/apple-watch-series-11-42mm-vien-nhom-day-the-thao
Apple Watch Series 11 GPS 46mm viền nhôm dây thể thao;Apple Watch;46mm;Default;344751;11990000;11990000;0;500000;999167;True;11490000;No;0;0;0;;2026-10-06;https://www.thegioididong.com/dong-ho-thong-minh/apple-watch-series-11-46mm-vien-nhom-day-the-thao
Apple Watch Series 12 GPS + Cellular 42mm viền Titanium dây silicone;Apple Watch;42mm;Default;371223;20990000;20990000;0;0;1749167;False;20990000;No;0;0;0;;2026-10-06;https://www.thegioididong.com/dong-ho-thong-minh/apple-watch-series-12-gps-cellular-42mm-vien-titanium-day-silicone
Apple Watch Ultra 3 GPS + Cellular 49mm viền Titanium dây Milan;Apple Watch;49mm;Default;0232391002756;26490000;26490000;0;0;2207500;True;26490000;Yes;13;3;0;Thành phố Hồ Chí Minh: 3, Tỉnh Nghệ An: 2, Tỉnh Khánh Hòa: 2;2026-10-06;https://www.thegioididong.com/dong-ho-thong-minh/apple-watch-ultra-3-gps-cellular-49mm-vien-titanium-day-milan
Apple Watch Ultra 3 GPS + Cellular 49mm viền Titanium dây Ocean;Apple Watch;49mm;Default;344764;22490000;22490000;0;0;1874167;True;22490000;No;0;0;0;;2026-10-06;https://www.thegioididong.com/dong-ho-thong-minh/apple-watch-ultra-3-gps-cellular-49mm-vien-titanium-day-ocean
Apple Watch Ultra 3 GPS + Cellular 49mm viền Titanium dây Trail;Apple Watch;49mm;Default;0232391002755;23490000;23490000;0;0;1957500;True;23490000;Yes;13;7;3;Thành phố Hồ Chí Minh: 7, Thành phố Hà Nội: 3, Thành phố Bắc Ninh: 1;2026-10-06;https://www.thegioididong.com/dong-ho-thong-minh/apple-watch-ultra-3-gps-cellular-49mm-vien-titanium-day-trail
Laptop MacBook Air 13 inch M2 16GB/256GB (Z16000051);MacBook;16GB/256GB;Default;289472;0;0;0;0;0;True;0;No;0;0;0;;2026-10-06;https://www.thegioididong.com/laptop/apple-macbook-air-m2-2022-16gb-256gb
Laptop MacBook Air 13 inch M4 16GB/256GB;MacBook;16GB/256GB;Default;335362;0;0;0;0;0;True;0;No;0;0;0;;2026-10-06;https://www.thegioididong.com/laptop/macbook-air-13-inch-m4-16gb-256gb
Laptop MacBook Air 13 inch M4 16GB/256GB Sạc 70W;MacBook;16GB/256GB;Default;342024;0;0;0;0;0;False;0;No;0;0;0;;2026-10-06;https://www.thegioididong.com/laptop/macbook-air-13-inch-m4-16gb-256gb-sac-70w
Laptop MacBook Air 13 inch M4 16GB/512GB;MacBook;16GB/512GB;Default;335364;0;0;0;0;0;False;0;No;0;0;0;;2026-10-06;https://www.thegioididong.com/laptop/macbook-air-13-inch-m4-16gb-512gb
Laptop MacBook Air 13 inch M4 24GB/512GB;MacBook;24GB/512GB;Default;335367;36590000;36590000;500000;300000;3007500;True;35790000;No;0;0;0;;2026-10-06;https://www.thegioididong.com/laptop/macbook-air-13-inch-m4-24gb-512gb
Laptop MacBook Air 13 inch M5 16GB/1TB/10GPU 35W;MacBook;16GB/1TB;Default;363475;41390000;41390000;500000;300000;3407500;True;40590000;No;0;0;0;;2026-10-06;https://www.thegioididong.com/laptop/macbook-air-13-inch-m5-16gb-1tb
Laptop MacBook Air 13 inch M5 16GB/512GB/8GPU 30W;MacBook;16GB/512GB;Default;363474;33690000;33690000;500000;300000;2765833;True;32890000;No;0;0;0;;2026-10-06;https://www.thegioididong.com/laptop/macbook-air-13-inch-m5-16gb-512gb
Laptop MacBook Air 13 inch M5 16GB/512GB/8GPU 70W;MacBook;16GB/512GB;Default;363487;33990000;33990000;500000;300000;2790833;True;33190000;No;0;0;0;;2026-10-06;https://www.thegioididong.com/laptop/macbook-air-13-inch-m5-16gb-512gb-70w
Laptop MacBook Air 13 inch M5 32GB/1TB 35W;MacBook;32GB/1TB;Default;363506;53990000;53990000;500000;300000;4457500;True;53190000;No;0;0;0;;2026-10-06;https://www.thegioididong.com/laptop/macbook-air-13-inch-m5-32gb-1tb
Laptop MacBook Air 13 inch M5 32GB/512GB 35W;MacBook;32GB/512GB;Default;363505;45790000;45790000;500000;300000;3774167;True;44990000;No;0;0;0;;2026-10-06;https://www.thegioididong.com/laptop/macbook-air-13-inch-m5-32gb-512gb
Laptop MacBook Air 15 inch M4 16GB/256GB;MacBook;16GB/256GB;Default;335372;0;0;0;0;0;False;0;No;0;0;0;;2026-10-06;https://www.thegioididong.com/laptop/macbook-air-15-inch-m4-16gb-256gb
Laptop MacBook Air 15 inch M4 16GB/512GB;MacBook;16GB/512GB;Default;335373;0;0;0;0;0;False;0;No;0;0;0;;2026-10-06;https://www.thegioididong.com/laptop/macbook-air-15-inch-m4-16gb-512gb
Laptop MacBook Air 15 inch M4 24GB/512GB;MacBook;24GB/512GB;Default;335376;0;0;0;0;0;True;0;No;0;0;0;;2026-10-06;https://www.thegioididong.com/laptop/macbook-air-15-inch-m4-24gb-512gb
Laptop MacBook Air 15 inch M5 16GB/1TB 35W;MacBook;16GB/1TB;Default;363478;47690000;47690000;500000;300000;3932500;True;46890000;No;0;0;0;;2026-10-06;https://www.thegioididong.com/laptop/macbook-air-15-inch-m5-16gb-1tb
Laptop MacBook Air 15 inch M5 16GB/512GB 35W;MacBook;16GB/512GB;Default;363477;39490000;39490000;500000;300000;3249167;True;38690000;No;0;0;0;;2026-10-06;https://www.thegioididong.com/laptop/macbook-air-15-inch-m5-16gb-512gb
Laptop MacBook Air 15 inch M5 24GB/1TB 35W;MacBook;24GB/1TB;Default;363479;53190000;53190000;500000;300000;4390833;True;52390000;No;0;0;0;;2026-10-06;https://www.thegioididong.com/laptop/macbook-air-15-inch-m5-24gb-1tb
Laptop MacBook Air 15 inch M5 32GB/1TB;MacBook;32GB/1TB;Default;363514;60890000;60890000;500000;300000;5032500;True;60090000;No;0;0;0;;2026-10-06;https://www.thegioididong.com/laptop/macbook-air-15-inch-m5-32gb-1tb
Laptop MacBook Air 15 inch M5 32GB/512GB;MacBook;32GB/512GB;Default;363513;52290000;52290000;500000;300000;4315833;True;51490000;No;0;0;0;;2026-10-06;https://www.thegioididong.com/laptop/macbook-air-15-inch-m5-32gb-512gb
Laptop MacBook Neo 13 inch A18 Pro 8GB/512GB;MacBook;8GB/512GB;Default;363538;21790000;21790000;500000;1000000;1774167;True;20290000;No;0;0;0;;2026-10-06;https://www.thegioididong.com/laptop/macbook-neo-13-inch-a18-pro-8gb-512gb
Laptop MacBook Pro 14 inch M4 Pro 24GB/512GB;MacBook;24GB/512GB;Default;331568;0;0;0;0;0;False;0;No;0;0;0;;2026-10-06;https://www.thegioididong.com/laptop/macbook-pro-14-inch-m4-pro-24gb-512gb
Laptop MacBook Pro 14 inch M5 16GB/1TB;MacBook;16GB/1TB;Default;358088;53490000;53490000;500000;300000;4415833;True;52690000;No;0;0;0;;2026-10-06;https://www.thegioididong.com/laptop/macbook-pro-14-inch-m5-16gb-1tb
Laptop MacBook Pro 14 inch M5 16GB/512GB;MacBook;16GB/512GB;Default;358086;41990000;41990000;500000;300000;3457500;True;41190000;No;0;0;0;;2026-10-06;https://www.thegioididong.com/laptop/macbook-pro-14-inch-m5-16gb-512gb
Laptop MacBook Pro 14 inch M5 24GB/1TB;MacBook;24GB/1TB;Default;358089;57490000;57490000;500000;300000;4749167;True;56690000;No;0;0;0;;2026-10-06;https://www.thegioididong.com/laptop/macbook-pro-14-inch-m5-24gb-1tb
Laptop MacBook Pro 14 inch M5 24GB/512GB;MacBook;24GB/512GB;Default;358090;0;0;0;0;0;True;0;No;0;0;0;;2026-10-06;https://www.thegioididong.com/laptop/macbook-pro-14-inch-m5-24gb-512gb
Laptop MacBook Pro 14 inch M5 Max 36GB/2TB;MacBook;36GB/2TB;Default;363490;111490000;111490000;500000;300000;9249167;True;110690000;No;0;0;0;;2026-10-06;https://www.thegioididong.com/laptop/macbook-pro-14-inch-m5-max-36gb-2tb
Laptop MacBook Pro 14 inch M5 Pro 24GB/1TB 70W;MacBook;24GB/1TB;Bạc;0220042003765;66990000;66990000;0;0;5582500;True;66990000;Yes;3;0;0;Thành phố Quảng Ninh: 1, Thành phố Hải Phòng: 1, Tỉnh Lào Cai: 1;2026-10-06;https://www.thegioididong.com/laptop/macbook-pro-14-inch-m5-pro-24gb-2tb
Laptop MacBook Pro 14 inch M5 Pro 24GB/1TB 70W;MacBook;24GB/1TB;Đen;0220042003766;66990000;66990000;0;0;5582500;True;66990000;Yes;22;0;4;Thành phố Hà Nội: 4, Thành phố Bắc Ninh: 4, Thành phố Hải Phòng: 4;2026-10-06;https://www.thegioididong.com/laptop/macbook-pro-14-inch-m5-pro-24gb-2tb
Laptop MacBook Pro 16 inch M4 Max 36GB/1TB;MacBook;36GB/1TB;Default;331579;0;0;0;0;0;False;0;No;0;0;0;;2026-10-06;https://www.thegioididong.com/laptop/macbook-pro-16-inch-m4-max-36gb-1tb
Laptop MacBook Pro 16 inch M4 Pro 24GB/1TB;MacBook;24GB/1TB;Default;331575;0;0;0;0;0;False;0;No;0;0;0;;2026-10-06;https://www.thegioididong.com/laptop/macbook-pro-16-inch-m4-pro-24gb-1tb
Laptop MacBook Pro 16 inch M4 Pro 48GB/1TB;MacBook;48GB/1TB;Default;331578;0;0;0;0;0;False;0;No;0;0;0;;2026-10-06;https://www.thegioididong.com/laptop/macbook-pro-16-inch-m4-pro-48gb-1tb
Laptop MacBook Pro 16 inch M5 Pro 48GB/1TB;MacBook;48GB/1TB;Default;363492;95990000;95990000;500000;300000;7957500;True;95190000;No;0;0;0;;2026-10-06;https://www.thegioididong.com/laptop/macbook-pro-16-inch-m5-pro-48gb-1tb
Laptop Macbook Air 13 inch M5 24GB/512GB 35W;MacBook;24GB/512GB;Default;363503;38790000;38790000;500000;300000;3190833;True;37990000;No;0;0;0;;2026-10-06;https://www.thegioididong.com/laptop/macbook-air-13-inch-m5-24gb-512gb
Laptop Macbook Air 13 inch M5 24GB/512GB 70W;MacBook;24GB/512GB;Default;363504;38790000;38790000;500000;300000;3190833;True;37990000;No;0;0;0;;2026-10-06;https://www.thegioididong.com/laptop/macbook-air-13-inch-m5-24gb-512gb-70w
Laptop Macbook Pro 16 inch M5 Max 36GB/2TB;MacBook;36GB/2TB;Default;363493;117990000;117990000;500000;300000;9790833;True;117190000;No;0;0;0;;2026-10-06;https://www.thegioididong.com/laptop/macbook-pro-16-inch-m5-max-36gb-2tb
MacBook Air 13 inch M5 24GB/1TB 35W;MacBook;24GB/1TB;Vàng;0220042003723;45990000;45990000;0;0;3832500;True;45990000;Yes;4;0;2;Thành phố Hà Nội: 2, Tỉnh Cà Mau: 1, Thành phố Đà Nẵng: 1;2026-10-06;https://www.thegioididong.com/laptop/macbook-air-13-inch-m5-24gb-1tb
MacBook Air 13 inch M5 24GB/1TB 35W;MacBook;24GB/1TB;Xanh da trời nhạt;0220042003721;45990000;45990000;0;0;3832500;True;45990000;Yes;12;5;2;Thành phố Hồ Chí Minh: 5, Thành phố Hà Nội: 2, Tỉnh Khánh Hòa: 2;2026-10-06;https://www.thegioididong.com/laptop/macbook-air-13-inch-m5-24gb-1tb
MacBook Air 13 inch M5 24GB/1TB 35W;MacBook;24GB/1TB;Xanh đen;0220042003724;45990000;45990000;0;0;3832500;True;45990000;Yes;1;0;1;Thành phố Hà Nội: 1;2026-10-06;https://www.thegioididong.com/laptop/macbook-air-13-inch-m5-24gb-1tb
MacBook Air 13 inch M5 24GB/1TB 35W;MacBook;24GB/1TB;Bạc;0220042003722;45990000;45990000;0;0;3832500;True;45990000;Yes;5;1;1;Thành phố Đà Nẵng: 2, Thành phố Hà Nội: 1, Tỉnh Nghệ An: 1;2026-10-06;https://www.thegioididong.com/laptop/macbook-air-13-inch-m5-24gb-1tb
MacBook Air 15 inch M5 16GB/1TB 35W;MacBook;16GB/1TB;Xanh da trời nhạt;0220042003741;47190000;47190000;0;0;3932500;True;47190000;Yes;2;0;2;Thành phố Hà Nội: 2;2026-10-06;https://www.thegioididong.com/laptop/macbook-air-15-inch-m5-24gb-512gb
MacBook Air 15 inch M5 16GB/1TB 35W;MacBook;16GB/1TB;Vàng;0220042003743;47190000;47190000;0;0;3932500;True;47190000;Yes;4;2;2;Thành phố Hà Nội: 2, Thành phố Hồ Chí Minh: 2;2026-10-06;https://www.thegioididong.com/laptop/macbook-air-15-inch-m5-24gb-512gb
MacBook Air 15 inch M5 16GB/1TB 35W;MacBook;16GB/1TB;Bạc;0220042003742;47190000;47190000;0;0;3932500;True;47190000;Yes;4;2;1;Thành phố Hồ Chí Minh: 2, Thành phố Hà Nội: 1, Thành phố Huế: 1;2026-10-06;https://www.thegioididong.com/laptop/macbook-air-15-inch-m5-24gb-512gb
MacBook Air 15 inch M5 16GB/1TB 35W;MacBook;16GB/1TB;Xanh đen;0220042003744;47190000;47190000;0;0;3932500;True;47190000;Yes;1;1;0;Thành phố Hồ Chí Minh: 1;2026-10-06;https://www.thegioididong.com/laptop/macbook-air-15-inch-m5-24gb-512gb
MacBook Air 15 inch M5 16GB/512GB 35W;MacBook;16GB/512GB;Xanh đen;0220042003736;38990000;38990000;0;0;3249167;True;38990000;Yes;35;11;5;Thành phố Hồ Chí Minh: 11, Thành phố Hà Nội: 5, Thành phố Đà Nẵng: 4;2026-10-06;https://www.thegioididong.com/laptop/macbook-air-15-inch-m5-16gb-512gb-70w
MacBook Air 15 inch M5 16GB/512GB 35W;MacBook;16GB/512GB;Bạc;0220042003734;38990000;38990000;0;0;3249167;True;38990000;Yes;23;7;5;Thành phố Hồ Chí Minh: 7, Thành phố Hà Nội: 5, Thành phố Đà Nẵng: 4;2026-10-06;https://www.thegioididong.com/laptop/macbook-air-15-inch-m5-16gb-512gb-70w
MacBook Air 15 inch M5 16GB/512GB 35W;MacBook;16GB/512GB;Vàng;0220042003735;38990000;38990000;0;0;3249167;True;38990000;Yes;27;16;2;Thành phố Hồ Chí Minh: 16, Thành phố Hà Nội: 2, Tỉnh Nghệ An: 2;2026-10-06;https://www.thegioididong.com/laptop/macbook-air-15-inch-m5-16gb-512gb-70w
MacBook Air 15 inch M5 16GB/512GB 35W;MacBook;16GB/512GB;Xanh da trời nhạt;0220042003733;38990000;38990000;0;0;3249167;True;38990000;Yes;26;6;8;Thành phố Hà Nội: 8, Thành phố Hồ Chí Minh: 6, Tỉnh Hưng Yên: 2;2026-10-06;https://www.thegioididong.com/laptop/macbook-air-15-inch-m5-16gb-512gb-70w
MacBook Air 15 inch M5 16GB/512GB 70W;MacBook;16GB/512GB;Vàng;0220042003739;38990000;38990000;0;0;3249167;True;38990000;Yes;2;0;2;Thành phố Hà Nội: 2;2026-10-06;https://www.thegioididong.com/laptop/macbook-air-15-inch-m5-16gb-512gb-70w
MacBook Air 15 inch M5 16GB/512GB 70W;MacBook;16GB/512GB;Xanh đen;0220042003740;38990000;38990000;0;0;3249167;True;38990000;Yes;3;0;1;Thành phố Hà Nội: 1, Thành phố Đồng Nai: 1, Tỉnh Khánh Hòa: 1;2026-10-06;https://www.thegioididong.com/laptop/macbook-air-15-inch-m5-16gb-512gb-70w
MacBook Air 15 inch M5 16GB/512GB 70W;MacBook;16GB/512GB;Xanh da trời nhạt;0220042003737;38990000;38990000;0;0;3249167;True;38990000;Yes;7;0;1;Tỉnh Khánh Hòa: 3, Thành phố Đà Nẵng: 2, Thành phố Hà Nội: 1;2026-10-06;https://www.thegioididong.com/laptop/macbook-air-15-inch-m5-16gb-512gb-70w
MacBook Air 15 inch M5 24GB/1TB 35W;MacBook;24GB/1TB;Xanh đen;0220042003756;52690000;52690000;0;0;4390833;True;52690000;Yes;2;0;1;Thành phố Hà Nội: 1, Tỉnh Khánh Hòa: 1;2026-10-06;https://www.thegioididong.com/laptop/macbook-air-15-inch-m5-24gb-512gb-70w
MacBook Air 15 inch M5 24GB/1TB 35W;MacBook;24GB/1TB;Bạc;0220042003754;52690000;52690000;0;0;4390833;True;52690000;Yes;1;0;0;Thành phố Đà Nẵng: 1;2026-10-06;https://www.thegioididong.com/laptop/macbook-air-15-inch-m5-24gb-512gb-70w
MacBook Air 15 inch M5 24GB/1TB 35W;MacBook;24GB/1TB;Vàng;0220042003755;52690000;52690000;0;0;4390833;True;52690000;Yes;2;0;0;Thành phố Bắc Ninh: 1, Thành phố Đồng Nai: 1;2026-10-06;https://www.thegioididong.com/laptop/macbook-air-15-inch-m5-24gb-512gb-70w
MacBook Air 15 inch M5 24GB/512GB;MacBook;24GB/512GB;Xanh da trời nhạt;0220042003745;43990000;43990000;0;0;3665833;True;43990000;Yes;1;1;0;Thành phố Hồ Chí Minh: 1;2026-10-06;https://www.thegioididong.com/laptop/macbook-air-15-inch-m5-24gb-512gb
MacBook Air 15 inch M5 24GB/512GB 70W;MacBook;24GB/512GB;Xanh da trời nhạt;0220042003749;43990000;43990000;0;0;3665833;True;43990000;Yes;4;1;2;Thành phố Hà Nội: 2, Thành phố Hồ Chí Minh: 1, Thành phố Đà Nẵng: 1;2026-10-06;https://www.thegioididong.com/laptop/macbook-air-15-inch-m5-24gb-512gb-70w
MacBook Air 15 inch M5 24GB/512GB 70W;MacBook;24GB/512GB;Bạc;0220042003750;43990000;43990000;0;0;3665833;True;43990000;Yes;3;0;2;Thành phố Hà Nội: 2, Tỉnh Khánh Hòa: 1;2026-10-06;https://www.thegioididong.com/laptop/macbook-air-15-inch-m5-24gb-512gb-70w
MacBook Air 15 inch M5 24GB/512GB 70W;MacBook;24GB/512GB;Vàng;0220042003751;43990000;43990000;0;0;3665833;True;43990000;Yes;6;2;2;Thành phố Hà Nội: 2, Thành phố Hồ Chí Minh: 2, Thành phố Đà Nẵng: 1;2026-10-06;https://www.thegioididong.com/laptop/macbook-air-15-inch-m5-24gb-512gb-70w
MacBook Neo 13 inch A18 Pro 8GB/256GB;MacBook;8GB/256GB;Vàng nhạt;0220042003781;18790000;18790000;0;0;1565833;True;18790000;Yes;90;25;3;Thành phố Hồ Chí Minh: 25, Thành phố Đà Nẵng: 9, Tỉnh Lâm Đồng: 6;2026-10-06;https://www.thegioididong.com/laptop/macbook-neo-13-inch-a18-pro-8gb-256gb
MacBook Neo 13 inch A18 Pro 8GB/256GB;MacBook;8GB/256GB;Xanh Dương;0220042003782;18790000;18790000;0;0;1565833;True;18790000;Yes;245;70;28;Thành phố Hồ Chí Minh: 70, Thành phố Hà Nội: 28, Thành phố Đồng Nai: 13;2026-10-06;https://www.thegioididong.com/laptop/macbook-neo-13-inch-a18-pro-8gb-256gb
MacBook Neo 13 inch A18 Pro 8GB/256GB;MacBook;8GB/256GB;Hồng phấn;0220042003780;18990000;18990000;0;0;1582500;True;18990000;Yes;7;2;0;Thành phố Hồ Chí Minh: 2, Tỉnh Lâm Đồng: 2, Thành phố Bắc Ninh: 1;2026-10-06;https://www.thegioididong.com/laptop/macbook-neo-13-inch-a18-pro-8gb-256gb
MacBook Neo 13 inch A18 Pro 8GB/512GB;MacBook;8GB/512GB;Vàng nhạt;0220042003785;21290000;21290000;0;0;1774167;True;21290000;Yes;86;30;7;Thành phố Hồ Chí Minh: 30, Thành phố Đà Nẵng: 7, Thành phố Hà Nội: 7;2026-10-06;https://www.thegioididong.com/laptop/macbook-neo-13-inch-a18-pro-8gb-256gb
MacBook Neo 13 inch A18 Pro 8GB/512GB;MacBook;8GB/512GB;Xanh Dương;0220042003786;21290000;21290000;0;0;1774167;True;21290000;Yes;75;14;13;Thành phố Hồ Chí Minh: 14, Thành phố Hà Nội: 13, Thành phố Đà Nẵng: 7;2026-10-06;https://www.thegioididong.com/laptop/macbook-neo-13-inch-a18-pro-8gb-256gb
MacBook Neo 13 inch A18 Pro 8GB/512GB;MacBook;8GB/512GB;Bạc;0220042003783;21490000;21490000;0;0;1790833;True;21490000;Yes;4;0;0;Tỉnh An Giang: 2, Tỉnh Vĩnh Long: 1, Tỉnh Lâm Đồng: 1;2026-10-06;https://www.thegioididong.com/laptop/macbook-neo-13-inch-a18-pro-8gb-256gb
MacBook Pro 14 inch M5 Pro 24GB/2TB 70W;MacBook;24GB/2TB;Đen;0220042003768;80490000;80490000;0;0;6707500;True;80490000;Yes;1;0;1;Thành phố Hà Nội: 1;2026-10-06;https://www.thegioididong.com/laptop/macbook-pro-14-inch-m5-pro-24gb-2tb
MacBook Pro 14 inch M5 Pro 24GB/2TB 70W;MacBook;24GB/2TB;Bạc;0220042003767;80490000;80490000;0;0;6707500;True;80490000;Yes;2;0;1;Thành phố Hà Nội: 1, Tỉnh Cà Mau: 1;2026-10-06;https://www.thegioididong.com/laptop/macbook-pro-14-inch-m5-pro-24gb-2tb
MacBook Pro 16 inch M5 Pro 24GB/1TB;MacBook;24GB/1TB;Đen;0220042003772;79490000;79490000;0;0;6624167;True;79490000;Yes;3;0;1;Thành phố Hà Nội: 1, Tỉnh Nghệ An: 1, Tỉnh Tây Ninh: 1;2026-10-06;https://www.thegioididong.com/laptop/macbook-pro-16-inch-m5-pro-24gb-1tb
MacBook Pro 16 inch M5 Pro 24GB/1TB;MacBook;24GB/1TB;Bạc;0220042003771;79490000;79490000;0;0;6624167;True;79490000;No;0;0;0;;2026-10-06;https://www.thegioididong.com/laptop/macbook-pro-16-inch-m5-pro-24gb-1tb
MacBook Pro 16 inch M5 Pro 48GB/1TB;MacBook;48GB/1TB;Bạc;0220042003773;95990000;95990000;0;0;7999167;True;95990000;Yes;3;1;0;Thành phố Đà Nẵng: 1, Thành phố Hồ Chí Minh: 1, Tỉnh Tây Ninh: 1;2026-10-06;https://www.thegioididong.com/laptop/macbook-pro-16-inch-m5-pro-24gb-1tb
Macbook Air 13 inch M5 24GB/512GB 35W;MacBook;24GB/512GB;Xanh da trời nhạt;0220042003713;38290000;38290000;0;0;3190833;True;38290000;Yes;2;0;1;Thành phố Hà Nội: 1, Tỉnh Cao Bằng: 1;2026-10-06;https://www.thegioididong.com/laptop/macbook-air-13-inch-m5-24gb-1tb
Macbook Air 13 inch M5 24GB/512GB 35W;MacBook;24GB/512GB;Bạc;0220042003714;38290000;38290000;0;0;3190833;True;38290000;No;0;0;0;;2026-10-06;https://www.thegioididong.com/laptop/macbook-air-13-inch-m5-24gb-1tb
Máy tính bảng iPad Air M3 11 inch 5G 128GB;iPad;128GB;Default;335271;0;0;0;0;0;False;0;No;0;0;0;;2026-10-06;https://www.thegioididong.com/may-tinh-bang/ipad-air-m3-11-inch-5g-128gb
Máy tính bảng iPad Air M3 11 inch WiFi 128GB;iPad;128GB;Default;335267;0;0;0;0;0;False;0;No;0;0;0;;2026-10-06;https://www.thegioididong.com/may-tinh-bang/ipad-air-m3-11-inch-wifi-128gb
Máy tính bảng iPad Air M3 13 inch WiFi 128GB;iPad;128GB;Default;335275;0;0;0;0;0;False;0;No;0;0;0;;2026-10-06;https://www.thegioididong.com/may-tinh-bang/ipad-air-m3-13-inch-wifi-128gb
Máy tính bảng iPad Pro M5 11 inch WiFi 256GB;iPad;256GB;Default;358082;35590000;35590000;1100000;2000000;2874167;True;32490000;No;0;0;0;;2026-10-06;https://www.thegioididong.com/may-tinh-bang/ipad-pro-m5-11-inch-wifi-256gb
Máy tính bảng iPad Pro M5 13 inch WiFi 256GB;iPad;256GB;Default;358099;43790000;43790000;0;2000000;3649167;True;41790000;No;0;0;0;;2026-10-06;https://www.thegioididong.com/may-tinh-bang/ipad-pro-m5-13-inch-wifi-256gb
Máy tính bảng iPad mini 7 WiFi 128GB;iPad;128GB;Default;331229;16490000;16490000;300000;2000000;1349167;True;14190000;No;0;0;0;;2026-10-06;https://www.thegioididong.com/may-tinh-bang/ipad-mini-7-wifi
iPad A16 5G 128GB;iPad;128GB;Vàng;2440931000960;16290000;16290000;0;0;1357500;True;16290000;Yes;2;2;0;Thành phố Hồ Chí Minh: 2;2026-10-06;https://www.thegioididong.com/may-tinh-bang/ipad-11-5g-128gb
iPad A16 5G 128GB;iPad;128GB;Hồng;2440931000961;16290000;16290000;0;0;1357500;True;16290000;Yes;1;1;0;Thành phố Hồ Chí Minh: 1;2026-10-06;https://www.thegioididong.com/may-tinh-bang/ipad-11-5g-128gb
iPad A16 5G 128GB;iPad;128GB;Bạc;2440931000958;16290000;16290000;0;0;1357500;True;16290000;Yes;34;13;0;Thành phố Hồ Chí Minh: 13, Thành phố Đồng Nai: 4, Tỉnh Vĩnh Long: 3;2026-10-06;https://www.thegioididong.com/may-tinh-bang/ipad-11-5g-128gb
iPad A16 WiFi 128GB;iPad;128GB;Vàng;2440931000948;12090000;12090000;0;0;1007500;True;12090000;Yes;7;0;4;Thành phố Hà Nội: 4, Tỉnh Cà Mau: 1, Tỉnh Ninh Bình: 1;2026-10-06;https://www.thegioididong.com/may-tinh-bang/ipad-11-wifi-128gb
iPad A16 WiFi 128GB;iPad;128GB;Xanh Dương;2440931000947;12090000;12090000;0;0;1007500;True;12090000;Yes;442;113;54;Thành phố Hồ Chí Minh: 113, Thành phố Hà Nội: 54, Tỉnh Tây Ninh: 33;2026-10-06;https://www.thegioididong.com/may-tinh-bang/ipad-11-wifi-128gb
iPad A16 WiFi 128GB;iPad;128GB;Hồng;2440931000949;12090000;12090000;0;0;1007500;True;12090000;Yes;288;85;41;Thành phố Hồ Chí Minh: 85, Thành phố Hà Nội: 41, Thành phố Đồng Nai: 39;2026-10-06;https://www.thegioididong.com/may-tinh-bang/ipad-11-wifi-128gb
iPad A16 WiFi 128GB;iPad;128GB;Bạc;2440931000946;12090000;12090000;0;0;1007500;True;12090000;Yes;558;108;58;Thành phố Hồ Chí Minh: 108, Thành phố Hà Nội: 58, Thành phố Đồng Nai: 40;2026-10-06;https://www.thegioididong.com/may-tinh-bang/ipad-11-wifi-128gb
iPad A16 WiFi 256GB;iPad;256GB;Bạc;2440931000950;14890000;14890000;0;0;1240833;True;14890000;Yes;26;7;0;Thành phố Hồ Chí Minh: 7, Tỉnh An Giang: 4, Tỉnh Lâm Đồng: 4;2026-10-06;https://www.thegioididong.com/may-tinh-bang/ipad-11-wifi-128gb
iPad A16 WiFi 256GB;iPad;256GB;Xanh Dương;2440931000951;14890000;14890000;0;0;1240833;True;14890000;Yes;59;43;0;Thành phố Hồ Chí Minh: 43, Thành phố Đồng Nai: 3, Tỉnh Khánh Hòa: 2;2026-10-06;https://www.thegioididong.com/may-tinh-bang/ipad-11-wifi-128gb
iPad A16 WiFi 256GB;iPad;256GB;Hồng;2440931000953;14890000;14890000;0;0;1240833;True;14890000;Yes;26;6;5;Thành phố Hồ Chí Minh: 6, Thành phố Hà Nội: 5, Thành phố Hải Phòng: 5;2026-10-06;https://www.thegioididong.com/may-tinh-bang/ipad-11-wifi-128gb
iPad Air M4 11 inch 5G 128GB;iPad;128GB;Trắng Starlight;2440931001253;23890000;23890000;0;0;1990833;True;23890000;Yes;2;0;0;Thành phố Huế: 1, Tỉnh Quảng Ngãi: 1;2026-10-06;https://www.thegioididong.com/may-tinh-bang/ipad-air-m4-11-inch-5g-128gb
iPad Air M4 11 inch 5G 128GB;iPad;128GB;Xanh Dương;2440931001252;23890000;23890000;0;0;1990833;True;23890000;Yes;3;0;1;Thành phố Hà Nội: 1, Tỉnh Thái Nguyên: 1, Thành phố Hải Phòng: 1;2026-10-06;https://www.thegioididong.com/may-tinh-bang/ipad-air-m4-11-inch-5g-128gb
iPad Air M4 11 inch WiFi 128GB;iPad;128GB;Trắng Starlight;2440931001221;19690000;19690000;0;0;1640833;True;19690000;Yes;28;5;0;Thành phố Hải Phòng: 8, Thành phố Hồ Chí Minh: 5, Thành phố Bắc Ninh: 3;2026-10-06;https://www.thegioididong.com/may-tinh-bang/ipad-air-m4-11-inch-wifi-128gb
iPad Air M4 11 inch WiFi 128GB;iPad;128GB;Tím;2440931001222;19690000;19690000;0;0;1640833;True;19690000;Yes;9;0;0;Thành phố Bắc Ninh: 2, Tỉnh Vĩnh Long: 1, Tỉnh Gia Lai: 1;2026-10-06;https://www.thegioididong.com/may-tinh-bang/ipad-air-m4-11-inch-wifi-128gb
iPad Air M4 11 inch WiFi 128GB;iPad;128GB;Xanh Dương;2440931001220;19690000;19690000;0;0;1640833;True;19690000;Yes;54;23;0;Thành phố Hồ Chí Minh: 23, Tỉnh Tây Ninh: 3, Tỉnh Lâm Đồng: 3;2026-10-06;https://www.thegioididong.com/may-tinh-bang/ipad-air-m4-11-inch-wifi-128gb
iPad Air M4 11 inch WiFi 128GB;iPad;128GB;Đen - Xám;2440931001219;19690000;19690000;0;0;1640833;True;19690000;Yes;94;19;7;Thành phố Hồ Chí Minh: 19, Thành phố Hải Phòng: 10, Thành phố Hà Nội: 7;2026-10-06;https://www.thegioididong.com/may-tinh-bang/ipad-air-m4-11-inch-wifi-128gb
iPad Air M4 11 inch WiFi 256GB;iPad;256GB;Trắng Starlight;2440931001225;22490000;22490000;0;0;1874167;True;22490000;Yes;2;0;0;Thành phố Cần Thơ: 1, Tỉnh Quảng Ngãi: 1;2026-10-06;https://www.thegioididong.com/may-tinh-bang/ipad-air-m4-11-inch-wifi-128gb
iPad Air M4 11 inch WiFi 256GB;iPad;256GB;Xanh Dương;2440931001224;22490000;22490000;0;0;1874167;True;22490000;Yes;20;9;1;Thành phố Hồ Chí Minh: 9, Tỉnh Vĩnh Long: 2, Tỉnh An Giang: 2;2026-10-06;https://www.thegioididong.com/may-tinh-bang/ipad-air-m4-11-inch-wifi-128gb
iPad Air M4 11 inch WiFi 256GB;iPad;256GB;Tím;2440931001226;22490000;22490000;0;0;1874167;True;22490000;Yes;2;0;0;Thành phố Cần Thơ: 1, Tỉnh An Giang: 1;2026-10-06;https://www.thegioididong.com/may-tinh-bang/ipad-air-m4-11-inch-wifi-128gb
iPad Air M4 11 inch WiFi 256GB;iPad;256GB;Đen - Xám;2440931001223;22490000;22490000;0;0;1874167;True;22490000;Yes;84;8;13;Thành phố Hà Nội: 13, Thành phố Hải Phòng: 12, Thành phố Bắc Ninh: 9;2026-10-06;https://www.thegioididong.com/may-tinh-bang/ipad-air-m4-11-inch-wifi-128gb
iPad Air M4 13 inch 5G 128GB;iPad;128GB;Xanh Dương;2440931001268;29590000;29590000;0;0;2465833;True;29590000;Yes;2;1;0;Tỉnh Quảng Ngãi: 1, Thành phố Hồ Chí Minh: 1;2026-10-06;https://www.thegioididong.com/may-tinh-bang/ipad-air-m4-13-inch-5g-128gb
iPad Air M4 13 inch WiFi 128GB;iPad;128GB;Đen - Xám;2440931001235;25390000;25390000;0;0;2115833;True;25390000;Yes;28;0;3;Thành phố Hà Nội: 3, Tỉnh Hưng Yên: 3, Thành phố Hải Phòng: 2;2026-10-06;https://www.thegioididong.com/may-tinh-bang/ipad-air-m4-13-inch-wifi-128gb
iPad Air M4 13 inch WiFi 128GB;iPad;128GB;Xanh Dương;2440931001236;25390000;25390000;0;0;2115833;True;25390000;Yes;7;0;0;Tỉnh Hưng Yên: 3, Tỉnh Thanh Hóa: 1, Tỉnh Đồng Tháp: 1;2026-10-06;https://www.thegioididong.com/may-tinh-bang/ipad-air-m4-13-inch-wifi-128gb
iPad Air M4 13 inch WiFi 256GB;iPad;256GB;Đen - Xám;2440931001239;28190000;28190000;0;0;2349167;True;28190000;Yes;1;0;1;Thành phố Hà Nội: 1;2026-10-06;https://www.thegioididong.com/may-tinh-bang/ipad-air-m4-13-inch-wifi-128gb
iPad Air M4 13 inch WiFi 256GB;iPad;256GB;Trắng Starlight;2440931001241;28190000;28190000;0;0;2349167;True;28190000;Yes;1;1;0;Thành phố Hồ Chí Minh: 1;2026-10-06;https://www.thegioididong.com/may-tinh-bang/ipad-air-m4-13-inch-wifi-128gb
iPad Air M4 13 inch WiFi 256GB;iPad;256GB;Xanh Dương;2440931001240;28190000;28190000;0;0;2349167;True;28190000;No;0;0;0;;2026-10-06;https://www.thegioididong.com/may-tinh-bang/ipad-air-m4-13-inch-wifi-128gb
iPhone 15 128GB;iPhone;128GB;Xanh dương nhạt;0131491003784;19990000;19990000;0;0;1665833;True;19990000;Yes;475;95;50;Thành phố Hồ Chí Minh: 95, Thành phố Hà Nội: 50, Thành phố Đồng Nai: 28;2026-10-06;https://www.thegioididong.com/dtdd/iphone-15
iPhone 15 128GB;iPhone;128GB;Đen;0131491003785;19990000;19990000;0;0;1665833;True;19990000;Yes;454;101;57;Thành phố Hồ Chí Minh: 101, Thành phố Hà Nội: 57, Thành phố Đồng Nai: 28;2026-10-06;https://www.thegioididong.com/dtdd/iphone-15
iPhone 15 128GB;iPhone;128GB;Hồng nhạt;0131491003786;19990000;19990000;0;0;1665833;True;19990000;Yes;502;111;57;Thành phố Hồ Chí Minh: 111, Thành phố Hà Nội: 57, Thành phố Đồng Nai: 34;2026-10-06;https://www.thegioididong.com/dtdd/iphone-15
iPhone 15 256GB;iPhone;256GB;Đen;0131491003790;24990000;24990000;0;0;2082500;True;24990000;Yes;99;25;11;Thành phố Hồ Chí Minh: 25, Thành phố Hà Nội: 11, Tỉnh Lâm Đồng: 6;2026-10-06;https://www.thegioididong.com/dtdd/iphone-15
iPhone 15 256GB;iPhone;256GB;Hồng nhạt;0131491003791;24990000;24990000;0;0;2082500;True;24990000;Yes;346;100;33;Thành phố Hồ Chí Minh: 100, Thành phố Hà Nội: 33, Thành phố Đồng Nai: 25;2026-10-06;https://www.thegioididong.com/dtdd/iphone-15
iPhone 15 256GB;iPhone;256GB;Xanh dương nhạt;0131491003789;24990000;24990000;0;0;2082500;True;24990000;Yes;196;50;17;Thành phố Hồ Chí Minh: 50, Thành phố Đồng Nai: 19, Thành phố Hà Nội: 17;2026-10-06;https://www.thegioididong.com/dtdd/iphone-15
iPhone 16 128GB;iPhone;128GB;Xanh Lưu Ly;0131491004224;22990000;22990000;0;0;1915833;True;22990000;Yes;104;30;6;Thành phố Hồ Chí Minh: 30, Thành phố Hải Phòng: 9, Thành phố Hà Nội: 6;2026-10-06;https://www.thegioididong.com/dtdd/iphone-16
iPhone 16 128GB;iPhone;128GB;Hồng;0131491004223;22990000;22990000;0;0;1915833;True;22990000;Yes;131;40;16;Thành phố Hồ Chí Minh: 40, Thành phố Hà Nội: 16, Thành phố Hải Phòng: 8;2026-10-06;https://www.thegioididong.com/dtdd/iphone-16
iPhone 16 128GB;iPhone;128GB;Trắng;0131491004221;22990000;22990000;0;0;1915833;True;22990000;No;0;0;0;;2026-10-06;https://www.thegioididong.com/dtdd/iphone-16
iPhone 16 128GB;iPhone;128GB;Xanh mòng két;0131491004222;22990000;22990000;0;0;1915833;True;22990000;Yes;85;28;2;Thành phố Hồ Chí Minh: 28, Thành phố Hải Phòng: 8, Thành phố Cần Thơ: 5;2026-10-06;https://www.thegioididong.com/dtdd/iphone-16
iPhone 16 128GB;iPhone;128GB;Đen;0131491004220;22990000;22990000;0;0;1915833;True;22990000;Yes;131;41;6;Thành phố Hồ Chí Minh: 41, Tỉnh Đồng Tháp: 8, Tỉnh Nghệ An: 7;2026-10-06;https://www.thegioididong.com/dtdd/iphone-16
iPhone 17 256GB;iPhone;256GB;Đen;0131491004682;25490000;25490000;0;0;2124167;True;25490000;Yes;288;81;46;Thành phố Hồ Chí Minh: 81, Thành phố Hà Nội: 46, Tỉnh Lâm Đồng: 17;2026-10-06;https://www.thegioididong.com/dtdd/iphone-17
iPhone 17 256GB;iPhone;256GB;Tím Oải Hương;0131491004684;25490000;25490000;0;0;2124167;True;25490000;Yes;455;114;57;Thành phố Hồ Chí Minh: 114, Thành phố Hà Nội: 57, Thành phố Đồng Nai: 25;2026-10-06;https://www.thegioididong.com/dtdd/iphone-17
iPhone 17 256GB;iPhone;256GB;Trắng;0131491004683;25490000;25490000;0;0;2124167;True;25490000;Yes;411;84;47;Thành phố Hồ Chí Minh: 84, Thành phố Hà Nội: 47, Thành phố Hải Phòng: 21;2026-10-06;https://www.thegioididong.com/dtdd/iphone-17
iPhone 17 256GB;iPhone;256GB;Xanh Lá Xô Thơm;0131491004686;25490000;25490000;0;0;2124167;True;25490000;Yes;512;122;66;Thành phố Hồ Chí Minh: 122, Thành phố Hà Nội: 66, Thành phố Đồng Nai: 31;2026-10-06;https://www.thegioididong.com/dtdd/iphone-17
iPhone 17 256GB;iPhone;256GB;Xanh Lam Khói;0131491004685;25490000;25490000;0;0;2124167;True;25490000;Yes;479;120;44;Thành phố Hồ Chí Minh: 120, Thành phố Hà Nội: 44, Thành phố Đồng Nai: 30;2026-10-06;https://www.thegioididong.com/dtdd/iphone-17
iPhone 17 512GB;iPhone;512GB;Xanh Lá Xô Thơm;0131491004691;31990000;31990000;0;0;2665833;True;31990000;Yes;77;21;15;Thành phố Hồ Chí Minh: 21, Thành phố Hà Nội: 15, Thành phố Hải Phòng: 8;2026-10-06;https://www.thegioididong.com/dtdd/iphone-17
iPhone 17 512GB;iPhone;512GB;Xanh Lam Khói;0131491004690;31990000;31990000;0;0;2665833;True;31990000;Yes;29;3;1;Thành phố Đà Nẵng: 3, Thành phố Hồ Chí Minh: 3, Thành phố Hải Phòng: 3;2026-10-06;https://www.thegioididong.com/dtdd/iphone-17
iPhone 17 512GB;iPhone;512GB;Tím Oải Hương;0131491004689;31990000;31990000;0;0;2665833;True;31990000;Yes;107;35;12;Thành phố Hồ Chí Minh: 35, Thành phố Hà Nội: 12, Thành phố Đà Nẵng: 7;2026-10-06;https://www.thegioididong.com/dtdd/iphone-17
iPhone 17 512GB;iPhone;512GB;Trắng;0131491004688;35490000;35490000;0;0;2957500;True;35490000;Yes;87;25;10;Thành phố Hồ Chí Minh: 25, Thành phố Hà Nội: 10, Thành phố Đồng Nai: 5;2026-10-06;https://www.thegioididong.com/dtdd/iphone-17
iPhone 17 Pro 1TB;iPhone;1TB;Cam Vũ Trụ;0131491004720;44990000;44990000;0;0;3749167;True;44990000;Yes;1;0;0;Thành phố Cần Thơ: 1;2026-10-06;https://www.thegioididong.com/dtdd/iphone-17-pro
iPhone 17 Pro 1TB;iPhone;1TB;Bạc;0131491004721;44990000;44990000;0;0;3749167;True;44990000;Yes;4;0;0;Thành phố Bắc Ninh: 1, Tỉnh Hưng Yên: 1, Tỉnh Khánh Hòa: 1;2026-10-06;https://www.thegioididong.com/dtdd/iphone-17-pro
iPhone 17 Pro 1TB;iPhone;1TB;Xanh Đậm;0131491004719;44990000;44990000;0;0;3749167;True;44990000;Yes;4;0;0;Tỉnh Nghệ An: 1, Tỉnh Đồng Tháp: 1, Tỉnh Lạng Sơn: 1;2026-10-06;https://www.thegioididong.com/dtdd/iphone-17-pro
iPhone 17 Pro 256GB;iPhone;256GB;Cam Vũ Trụ;0131491004713;31990000;31990000;0;0;2665833;True;31990000;Yes;131;23;29;Thành phố Hà Nội: 29, Thành phố Hồ Chí Minh: 23, Thành phố Cần Thơ: 7;2026-10-06;https://www.thegioididong.com/dtdd/iphone-17-pro
iPhone 17 Pro 256GB;iPhone;256GB;Bạc;0131491004714;31990000;31990000;0;0;2665833;True;31990000;Yes;198;28;14;Thành phố Hồ Chí Minh: 28, Thành phố Đồng Nai: 15, Thành phố Hà Nội: 14;2026-10-06;https://www.thegioididong.com/dtdd/iphone-17-pro
iPhone 17 Pro 256GB;iPhone;256GB;Xanh Đậm;0131491004711;31990000;31990000;0;0;2665833;True;31990000;Yes;149;43;35;Thành phố Hồ Chí Minh: 43, Thành phố Hà Nội: 35, Tỉnh Lâm Đồng: 9;2026-10-06;https://www.thegioididong.com/dtdd/iphone-17-pro
iPhone 17 Pro 512GB;iPhone;512GB;Cam Vũ Trụ;0131491004716;38490000;38490000;0;0;3207500;True;38490000;Yes;8;1;1;Tỉnh Hưng Yên: 2, Thành phố Hà Nội: 1, Tỉnh Điện Biên: 1;2026-10-06;https://www.thegioididong.com/dtdd/iphone-17-pro
iPhone 17 Pro 512GB;iPhone;512GB;Xanh Đậm;0131491004715;38490000;38490000;0;0;3207500;True;38490000;Yes;23;2;3;Tỉnh Nghệ An: 4, Thành phố Hà Nội: 3, Thành phố Hồ Chí Minh: 2;2026-10-06;https://www.thegioididong.com/dtdd/iphone-17-pro
iPhone 17 Pro 512GB;iPhone;512GB;Bạc;0131491004717;38490000;38490000;0;0;3207500;True;38490000;Yes;44;2;0;Tỉnh Hưng Yên: 5, Thành phố Hải Phòng: 4, Thành phố Bắc Ninh: 3;2026-10-06;https://www.thegioididong.com/dtdd/iphone-17-pro
iPhone 17 Pro Max 1TB;iPhone;1TB;Xanh Đậm;0131491004731;47990000;47990000;0;0;3999167;True;47990000;Yes;27;8;0;Thành phố Hồ Chí Minh: 8, Tỉnh Khánh Hòa: 3, Thành phố Cần Thơ: 2;2026-10-06;https://www.thegioididong.com/dtdd/iphone-17-pro-max
iPhone 17 Pro Max 1TB;iPhone;1TB;Cam Vũ Trụ;0131491004732;47990000;47990000;0;0;3999167;True;47990000;Yes;74;21;0;Thành phố Hồ Chí Minh: 21, Tỉnh Tây Ninh: 6, Thành phố Hải Phòng: 6;2026-10-06;https://www.thegioididong.com/dtdd/iphone-17-pro-max
iPhone 17 Pro Max 1TB;iPhone;1TB;Bạc;0131491004733;47990000;47990000;0;0;3999167;True;47990000;Yes;7;0;0;Tỉnh Lâm Đồng: 2, Tỉnh Đồng Tháp: 1, Tỉnh Vĩnh Long: 1;2026-10-06;https://www.thegioididong.com/dtdd/iphone-17-pro-max
iPhone 17 Pro Max 256GB;iPhone;256GB;Cam Vũ Trụ;0131491004724;34990000;34990000;0;0;2915833;True;34990000;Yes;824;170;81;Thành phố Hồ Chí Minh: 170, Thành phố Hà Nội: 81, Thành phố Đồng Nai: 50;2026-10-06;https://www.thegioididong.com/dtdd/iphone-17-pro-max
iPhone 17 Pro Max 256GB;iPhone;256GB;Xanh Đậm;0131491004723;34990000;34990000;0;0;2915833;True;34990000;Yes;686;158;64;Thành phố Hồ Chí Minh: 158, Thành phố Hà Nội: 64, Thành phố Đồng Nai: 45;2026-10-06;https://www.thegioididong.com/dtdd/iphone-17-pro-max
iPhone 17 Pro Max 2TB;iPhone;2TB;Cam Vũ Trụ;0131491004693;60990000;60990000;0;0;5082500;True;60990000;Yes;3;3;0;Thành phố Hồ Chí Minh: 3;2026-10-06;https://www.thegioididong.com/dtdd/iphone-17-pro-max
iPhone 17 Pro Max 2TB;iPhone;2TB;Xanh Đậm;0131491004692;60990000;60990000;0;0;5082500;True;60990000;Yes;4;1;0;Tỉnh Gia Lai: 1, Tỉnh Đắk Lắk: 1, Thành phố Hồ Chí Minh: 1;2026-10-06;https://www.thegioididong.com/dtdd/iphone-17-pro-max
iPhone 17 Pro Max 512GB;iPhone;512GB;Bạc;0131491004729;41490000;41490000;0;0;3457500;True;41490000;Yes;33;19;2;Thành phố Hồ Chí Minh: 19, Thành phố Hà Nội: 2, Tỉnh Lạng Sơn: 2;2026-10-06;https://www.thegioididong.com/dtdd/iphone-17-pro-max
iPhone 17 Pro Max 512GB;iPhone;512GB;Cam Vũ Trụ;0131491004728;41490000;41490000;0;0;3457500;True;41490000;Yes;406;104;56;Thành phố Hồ Chí Minh: 104, Thành phố Hà Nội: 56, Thành phố Đồng Nai: 28;2026-10-06;https://www.thegioididong.com/dtdd/iphone-17-pro-max
iPhone 17 Pro Max 512GB;iPhone;512GB;Xanh Đậm;0131491004727;41490000;41490000;0;0;3457500;True;41490000;Yes;320;83;40;Thành phố Hồ Chí Minh: 83, Thành phố Hà Nội: 40, Tỉnh Lâm Đồng: 17;2026-10-06;https://www.thegioididong.com/dtdd/iphone-17-pro-max
iPhone 17e 256GB;iPhone;256GB;Trắng;0131491005122;19990000;19990000;0;0;1665833;True;19990000;Yes;37;10;3;Thành phố Hồ Chí Minh: 10, Thành phố Hà Nội: 3, Thành phố Cần Thơ: 3;2026-10-06;https://www.thegioididong.com/dtdd/iphone-17e-256gb
iPhone 17e 256GB;iPhone;256GB;Đen;0131491005121;19990000;19990000;0;0;1665833;True;19990000;Yes;71;17;12;Thành phố Hồ Chí Minh: 17, Thành phố Hà Nội: 12, Thành phố Hải Phòng: 5;2026-10-06;https://www.thegioididong.com/dtdd/iphone-17e-256gb
iPhone 17e 256GB;iPhone;256GB;Hồng nhạt;0131491005120;19990000;19990000;0;0;1665833;True;19990000;Yes;129;28;15;Thành phố Hồ Chí Minh: 28, Thành phố Hà Nội: 15, Thành phố Hải Phòng: 9;2026-10-06;https://www.thegioididong.com/dtdd/iphone-17e-256gb
iPhone 17e 512GB;iPhone;512GB;Hồng nhạt;0131491005123;26990000;26990000;0;0;2249167;True;26990000;Yes;2;2;0;Thành phố Hồ Chí Minh: 2;2026-10-06;https://www.thegioididong.com/dtdd/iphone-17e-256gb
iPhone 18 Pro 1TB;iPhone;1TB;Bạc;0131491005405;58490000;58490000;0;0;4874167;True;58490000;Yes;9;6;0;Thành phố Hồ Chí Minh: 6, Tỉnh Nghệ An: 1, Tỉnh Hưng Yên: 1;2026-10-06;https://www.thegioididong.com/dtdd/iphone-18-pro
iPhone 18 Pro 1TB;iPhone;1TB;Đen;0131491005406;58490000;58490000;0;0;4874167;True;58490000;Yes;17;3;2;Thành phố Hồ Chí Minh: 3, Thành phố Hà Nội: 2, Tỉnh Nghệ An: 2;2026-10-06;https://www.thegioididong.com/dtdd/iphone-18-pro
iPhone 18 Pro 1TB;iPhone;1TB;Băng Thanh;0131491005404;58490000;58490000;0;0;4874167;True;58490000;Yes;5;0;0;Thành phố Đồng Nai: 2, Tỉnh Nghệ An: 2, Tỉnh Quảng Trị: 1;2026-10-06;https://www.thegioididong.com/dtdd/iphone-18-pro
iPhone 18 Pro 1TB;iPhone;1TB;Đỏ Burgundy;0131491005403;58490000;58490000;0;0;4874167;True;58490000;Yes;31;4;3;Thành phố Hồ Chí Minh: 4, Thành phố Hà Nội: 3, Thành phố Đồng Nai: 3;2026-10-06;https://www.thegioididong.com/dtdd/iphone-18-pro
iPhone 18 Pro 256GB;iPhone;256GB;Bạc;0131491005395;38990000;38990000;0;0;3249167;True;38990000;Yes;34;0;20;Thành phố Hà Nội: 20, Tỉnh Phú Thọ: 3, Tỉnh Nghệ An: 2;2026-10-06;https://www.thegioididong.com/dtdd/iphone-18-pro
iPhone 18 Pro 256GB;iPhone;256GB;Băng Thanh;0131491005394;38990000;38990000;0;0;3249167;True;38990000;Yes;38;0;6;Tỉnh Thanh Hóa: 9, Tỉnh Nghệ An: 6, Thành phố Hà Nội: 6;2026-10-06;https://www.thegioididong.com/dtdd/iphone-18-pro
iPhone 18 Pro 256GB;iPhone;256GB;Đen;0131491005397;38990000;38990000;0;0;3249167;True;38990000;Yes;335;73;65;Thành phố Hồ Chí Minh: 73, Thành phố Hà Nội: 65, Thành phố Đồng Nai: 23;2026-10-06;https://www.thegioididong.com/dtdd/iphone-18-pro
iPhone 18 Pro 256GB;iPhone;256GB;Đỏ Burgundy;0131491005393;38990000;38990000;0;0;3249167;True;38990000;Yes;201;7;54;Thành phố Hà Nội: 54, Thành phố Bắc Ninh: 14, Thành phố Đồng Nai: 11;2026-10-06;https://www.thegioididong.com/dtdd/iphone-18-pro
iPhone 18 Pro 2TB;iPhone;2TB;Đen;0131491005410;77990000;77990000;0;0;6499167;True;77990000;Yes;5;1;1;Thành phố Hải Phòng: 2, Thành phố Hà Nội: 1, Tỉnh Hưng Yên: 1;2026-10-06;https://www.thegioididong.com/dtdd/iphone-18-pro
iPhone 18 Pro 2TB;iPhone;2TB;Bạc;0131491005409;77990000;77990000;0;0;6499167;True;77990000;Yes;8;2;2;Thành phố Hà Nội: 2, Thành phố Hồ Chí Minh: 2, Thành phố Hải Phòng: 2;2026-10-06;https://www.thegioididong.com/dtdd/iphone-18-pro
iPhone Air 256GB;iPhone;256GB;Vàng nhạt;0131491004807;22990000;22990000;0;0;1915833;True;22990000;Yes;47;3;0;Thành phố Bắc Ninh: 5, Tỉnh Tây Ninh: 4, Tỉnh Lâm Đồng: 4;2026-10-06;https://www.thegioididong.com/dtdd/iphone-air
iPhone Air 256GB;iPhone;256GB;Trắng Mây;0131491004806;22990000;22990000;0;0;1915833;True;22990000;Yes;79;3;8;Thành phố Hà Nội: 8, Tỉnh Lâm Đồng: 7, Tỉnh Tây Ninh: 5;2026-10-06;https://www.thegioididong.com/dtdd/iphone-air
iPhone Air 256GB;iPhone;256GB;Đen Không Gian;0131491004805;22990000;22990000;0;0;1915833;True;22990000;Yes;81;1;13;Thành phố Hà Nội: 13, Thành phố Hải Phòng: 8, Thành phố Bắc Ninh: 7;2026-10-06;https://www.thegioididong.com/dtdd/iphone-air
iPhone Air 256GB;iPhone;256GB;Xanh Da Trời;0131491004808;22990000;22990000;0;0;1915833;True;22990000;No;0;0;0;;2026-10-06;https://www.thegioididong.com/dtdd/iphone-air
iPhone Air 512GB;iPhone;512GB;Đen Không Gian;0131491004810;28990000;28990000;0;0;2415833;True;28990000;Yes;37;0;4;Thành phố Hải Phòng: 6, Tỉnh Nghệ An: 4, Thành phố Hà Nội: 4;2026-10-06;https://www.thegioididong.com/dtdd/iphone-air
Điện thoại iPhone 12 128GB;iPhone;128GB;Default;228736;13690000;13690000;3000000;0;890833;True;10690000;No;0;0;0;;2026-10-06;https://www.thegioididong.com/dtdd/iphone-12-128gb
Điện thoại iPhone 12 64GB;iPhone;64GB;Default;213031;11790000;11790000;2000000;0;815833;True;9790000;No;0;0;0;;2026-10-06;https://www.thegioididong.com/dtdd/iphone-12
Điện thoại iPhone 13 256GB;iPhone;256GB;Default;250258;17590000;17590000;1500000;2000000;1340833;True;14090000;No;0;0;0;;2026-10-06;https://www.thegioididong.com/dtdd/iphone-13-256gb
Điện thoại iPhone 15 Plus 128GB;iPhone;128GB;Default;303891;0;0;0;0;0;True;0;No;0;0;0;;2026-10-06;https://www.thegioididong.com/dtdd/iphone-15-plus
Điện thoại iPhone 16 Plus 128GB;iPhone;128GB;Default;329138;25990000;25990000;1000000;2000000;2082500;True;22990000;No;0;0;0;;2026-10-06;https://www.thegioididong.com/dtdd/iphone-16-plus
Điện thoại iPhone 16 Plus 256GB;iPhone;256GB;Default;329140;28990000;28990000;1000000;2000000;2332500;True;25990000;No;0;0;0;;2026-10-06;https://www.thegioididong.com/dtdd/iphone-16-plus-256gb
Điện thoại iPhone 16e 128GB;iPhone;128GB;Default;334864;16990000;16990000;0;0;1415833;True;16990000;No;0;0;0;;2026-10-06;https://www.thegioididong.com/dtdd/iphone-16e
Điện thoại iPhone 17 512GB;iPhone;512GB;Default;342668;35490000;35490000;3500000;2000000;2665833;True;29990000;No;0;0;0;;2026-10-06;https://www.thegioididong.com/dtdd/iphone-17-512gb
Điện thoại iPhone 17 Pro 512GB;iPhone;512GB;Default;342677;41490000;41490000;3000000;2000000;3207500;True;36490000;No;0;0;0;;2026-10-06;https://www.thegioididong.com/dtdd/iphone-17-pro-512gb
Điện thoại iPhone 17e 512GB;iPhone;512GB;Default;342693;28490000;28490000;1500000;2000000;2249167;True;24990000;No;0;0;0;;2026-10-06;https://www.thegioididong.com/dtdd/iphone-17e-512gb
Điện thoại iPhone 18 Pro Max 256GB;iPhone;256GB;Default;370982;41990000;41990000;0;0;3499167;True;41990000;No;0;0;0;;2026-10-06;https://www.thegioididong.com/dtdd/iphone-18-pro-max
Điện thoại iPhone Air 1TB;iPhone;1TB;Default;344777;40990000;40990000;0;2000000;3415833;True;38990000;No;0;0;0;;2026-10-06;https://www.thegioididong.com/dtdd/iphone-air-1tb
Điện thoại iPhone Air 512GB;iPhone;512GB;Default;342671;28990000;28990000;0;2000000;2415833;True;26990000;No;0;0;0;;2026-10-06;https://www.thegioididong.com/dtdd/iphone-air-512gb
